tree
version=v4
num_class=1
num_tree_per_iteration=1
label_index=0
max_feature_idx=29
objective=regression
feature_names=lat lon pm10 no2 so2 co temp_celsius humidity pressure wind_speed wind_deg hour day_of_week is_weekend sin_hour cos_hour u_wind v_wind pm2_5_lag_1 pm2_5_lag_2 pm2_5_lag_3 pm2_5_lag_6 pm2_5_lag_12 pm2_5_lag_24 pm2_5_roll_mean_3h pm2_5_roll_std_3h pm2_5_roll_mean_6h pm2_5_roll_std_6h pm2_5_roll_mean_24h pm2_5_roll_std_24h
feature_infos=[12.9716:28.613900000000001] [72.877700000000004:77.5946] [5:220.38] [3.3500000000000001:37.630000000000003] [0.68999999999999995:11.83] [92.780000000000001:307.47000000000003] [15.66:41.789999999999999] [35.299999999999997:97.200000000000003] [1002.16:1022.0700000000001] [3:16.41] [0.070000000000000007:359.99000000000001] [0:23] [0:6] [0:1] [-1:1] [-1:1] [-13.810960350582119:13.373419186163662] [-14.222282926177922:16.131547425489721] [2.3700000000000001:121.61] [2.3700000000000001:121.61] [2.3700000000000001:121.61] [2.3700000000000001:121.61] [2.3700000000000001:121.61] [2.3700000000000001:121.61] [8.3666666666666654:109.37333333333332] [0.097125348560564609:17.143588694708416] [11.853333333333332:107.10166666666667] [0.68967866913933462:15.805907756279] [23.074166666666667:97.063750000000013] [5.1828129427946283:14.075321192309126]
tree_sizes=2620 2685 2695 2713 2704 2694 2705 2708 2699 2723 2714 2729 2735 2729 2719 2737 2722 2738 2733 2737 2744 2737 2748 2743 2740 2742 2738 2727 2729 2744 2758 2746 2748 2769 2758 2732 2752 2761 2739 2769 2752 2751 2752 2764 2753 2773 2737 2742 2751 2789 2738 2772 2764 2764 2759 2776 2777 2776 2772 2774 2762 2780 2777 2759 2762 2779 2787 2767 2757 2785 2759 2773 2773 2775 2784 2778 2760 2768 2760 2769 2767 2758 2767 2775 2775 2788 2745 2767 2782 2775 2775 2758 2775 2770 2726 2790 2763 2769 2764 2777 2726 2778 2776 2784 2756 2749 2775 2744 2772 2755 2774 2778 2769 2784 2757 2780 2778 2784 2771 2747 2779 2783 2796 2741 2783 2797 2790 2781 2793 2803 2785 2774 2780 2757 2753 2786 2801 2751 2788 2767 2780 2785 2792 2782 2726 2778 2764 2785 2759 2776 2766 2771 2748 2767 2764 2788 2769 2742 2774 2778 2753 2787 2754 2780 2790 2781 2769 2770 2752 2785 2778 2777 2759 2787 2768 2773 2777 2788 2752 2763 2771 2792 2756 2773 2784 2767 2765 2804 2791 2743 2782 2753 2793 2768 2791 2763 2756 2771 2785 2787

Tree=0
num_leaves=31
num_cat=0
split_feature=2 2 2 2 2 2 2 2 2 28 24 18 2 23 24 19 2 24 2 24 2 2 2 2 2 2 18 24 2 24
split_gain=1.47023e+06 190455 103000 32099 26646.8 18164 17892.7 7252.11 6649.8 4252.14 4110.85 4032.2 3077.32 3046.45 2549.82 1899.79 1573.96 1534.27 1422.48 1305.72 1283.11 1044.24 886.6 848.718 847.722 825.15 823.387 819.858 803.318 798.227
threshold=113.96000000000001 69.095000000000013 149.74000000000004 94.455000000000027 48.530000000000008 170.14000000000001 130.94500000000002 79.885000000000005 29.445000000000004 58.029791666666675 42.500000000000007 57.280000000000008 180.98000000000005 64.225000000000009 89.468333333333348 45.175000000000004 37.850000000000001 40.92833333333332 55.245000000000012 67.851666666666688 140.51500000000001 107.01000000000002 21.680000000000003 54.465000000000011 195.74500000000003 103.50000000000001 35.310000000000009 33.813333333333325 120.74500000000002 87.221666666666678
decision_type=2 2 2 2 2 2 2 2 2 2 2 2 2 2 2 2 2 2 2 2 2 2 2 2 2 2 2 2 2 2
left_child=1 4 6 7 8 14 9 17 22 -2 18 21 29 -8 -4 -9 -10 -3 -6 25 -15 -5 -1 -12 -14 -13 -20 -18 -11 -7
right_child=2 3 5 11 10 12 13 15 16 28 23 19 24 20 -16 -17 27 -19 26 -21 -22 -23 -24 -25 -26 -27 -28 -29 -30 -31
leaf_value=53.780015019197201 56.344146563676013 55.151978728371191 57.477681253327248 55.812529647350573 54.677837610026707 57.760054422399968 56.690544759470207 55.457392774483544 54.288135752899464 56.577407845618119 54.843872713688789 55.959616307369686 58.231782944665468 57.066035262932736 57.743067327771961 55.663361141773841 54.463177916143252 55.358295592436839 54.809955511585002 56.455929572873195 57.272414170759937 56.065043093124672 54.104895980206635 55.17708275313948 58.565829215525149 56.234860233375542 54.990397854446755 54.689901438210207 56.841312902552794 58.027900039256139
leaf_weight=42 115 164 233 226 145 39 36 213 98 42 23 53 109 140 148 236 123 200 189 34 163 50 42 113 23 56 95 59 92 97
leaf_count=42 115 164 233 226 145 39 36 213 98 42 23 53 109 140 148 236 123 200 189 34 163 50 42 113 23 56 95 59 92 97
internal_value=55.9937 55.2068 57.3683 55.6144 54.6663 57.8026 56.889 55.4312 54.3326 56.5672 54.8812 55.9699 58.118 57.1254 57.5808 55.5657 54.4497 55.2653 54.8053 56.1854 57.1771 55.8583 53.9425 55.1207 58.29 56.101 54.8703 54.5367 56.7586 57.9511
internal_weight=3398 2161 1237 1232 929 649 588 813 364 249 565 419 268 339 381 449 280 364 429 143 303 276 84 136 132 109 284 182 134 136
internal_count=3398 2161 1237 1232 929 649 588 813 364 249 565 419 268 339 381 449 280 364 429 143 303 276 84 136 132 109 284 182 134 136
is_linear=0
shrinkage=1


Tree=1
num_leaves=31
num_cat=0
split_feature=2 2 2 2 2 2 28 2 2 2 18 24 2 24 24 2 24 2 7 2 2 24 2 2 2 28 18 24 2 24
split_gain=1.32688e+06 171885 92957.2 28977.4 24048.7 16393 16186.1 6288.9 6001.44 5864.35 3878.97 3710.04 2794.82 2301.21 1689.69 1420.5 1386.56 1283.79 1118.91 1117.59 1102.55 1099.95 975.8 822.984 765.968 756.22 755.124 746.686 726.884 614.043
threshold=113.96000000000001 69.095000000000013 149.74000000000004 93.905000000000015 48.530000000000008 170.14000000000001 74.713750000000019 79.885000000000005 29.445000000000004 134.78000000000003 57.280000000000008 42.500000000000007 183.30000000000004 89.468333333333348 47.736666666666657 37.850000000000001 40.718333333333341 55.245000000000012 65.325000000000003 100.81500000000001 123.605 67.851666666666688 120.74500000000002 17.315000000000001 54.465000000000011 82.89166666666668 33.880000000000003 32.18666666666666 103.50000000000001 25.190000000000008
decision_type=2 2 2 2 2 2 2 2 2 2 2 2 2 2 2 2 2 2 2 2 2 2 2 2 2 2 2 2 2 2
left_child=1 4 6 7 8 13 20 16 23 22 19 17 25 -4 -9 -10 -3 -6 -11 -5 -2 28 -8 -1 -13 -7 -19 -17 -12 -25
right_child=2 3 5 10 11 12 9 14 15 18 21 24 -14 -15 -16 27 -18 26 -20 -21 -22 -23 -24 29 -26 -27 -28 -29 -30 -31
leaf_value=-2.170000743865967 0.27883546704017537 -0.80273730777344621 1.4097940350806766 -0.24044708226447123 -1.2500573908049486 1.6386752935556268 0.56368088355431201 -0.49062567771597276 -1.6202741496416988 1.280585566636558 -0.026796710819683291 -1.0923240267712138 2.2146362022117336 1.6619107955210919 -0.2896280134096742 -1.4642258848462788 -0.60598756319865954 -1.1364432334899903 1.0692377024139001 -0.042594823517192834 0.55113915011067605 0.42377862640789576 0.84626306895668635 -1.9711877430186551 -0.77577448566403007 1.9333311522184915 -0.97120032470767248 -1.2560565349033901 0.22911412638745141 -1.6321777213703503
leaf_weight=28 82 159 233 137 145 26 39 262 98 107 55 23 108 148 174 112 205 165 151 149 68 35 141 34 113 134 119 70 56 22
leaf_count=28 82 159 233 137 145 26 39 262 98 107 55 23 108 148 174 112 205 165 151 149 68 35 141 34 113 134 119 70 56 22
internal_value=-6.97293e-09 -0.747535 1.30592 -0.360309 -1.26106 1.71849 0.850555 -0.538502 -1.578 1.00407 -0.0303219 -1.05687 2.01811 1.50773 -0.410411 -1.4668 -0.69193 -1.12901 1.15689 -0.13737 0.40228 0.179376 0.785037 -1.94867 -0.829309 1.88545 -1.0672 -1.38416 0.102311 -1.83801
internal_weight=3398 2161 1237 1232 929 649 588 800 364 438 432 565 268 381 436 280 364 429 258 286 150 146 180 84 136 160 284 182 111 56
internal_count=3398 2161 1237 1232 929 649 588 800 364 438 432 565 268 381 436 280 364 429 258 286 150 146 180 84 136 160 284 182 111 56
is_linear=0
shrinkage=0.05


Tree=2
num_leaves=31
num_cat=0
split_feature=2 2 2 2 2 2 28 2 24 2 2 2 18 2 2 0 24 2 24 2 2 26 26 28 28 26 7 24 18 18
split_gain=1.19798e+06 146006 94323.4 22008.6 21716.1 19503.2 14130.7 5369.2 4002.85 3882.76 3507.65 3254.51 2830.49 2796.68 2542.83 1657.91 1342.56 1270.68 1221.49 1038.01 1030.72 979.405 959.637 787.705 773.011 702.977 700.697 631.474 611.229 607.607
threshold=110.97000000000001 69.095000000000013 144.37000000000003 89.460000000000022 42.240000000000009 170.14000000000001 74.713750000000019 54.465000000000011 52.314999999999998 77.225000000000009 134.78000000000003 25.680000000000003 35.740000000000002 158.10000000000005 185.22000000000003 23.844950000000004 87.470000000000013 99.655000000000015 45.528333333333343 120.74500000000002 123.605 31.617500000000003 44.797500000000007 83.171250000000001 82.89166666666668 38.621666666666677 65.445000000000007 43.714999999999996 42.685000000000009 73.805000000000021
decision_type=2 2 2 2 2 2 2 2 2 2 2 2 2 2 2 2 2 2 2 2 2 2 2 2 2 2 2 2 2 2
left_child=1 4 6 9 11 13 20 25 17 22 19 -1 -9 23 24 -10 -15 28 -11 -8 -2 -13 -3 -4 -7 -6 -12 -14 -5 -21
right_child=2 3 5 8 7 14 10 12 15 18 26 21 27 16 -16 -17 -18 -19 -20 29 -22 -23 -24 -25 -26 -27 -28 -29 -30 -31
leaf_value=-1.9432392648288184 0.25884065937298611 -0.7641372805969282 1.1769005540941584 -0.44447789992841469 -1.2689132316571445 1.556498471012822 0.52331911380900897 -1.067818322339894 -0.015385022820273956 -0.53738174752876666 1.1856855044289241 -1.5938077038169927 -0.8912429360782399 1.3843299282921686 2.1233545621236165 0.35109123748198556 1.6293038779291615 -0.10252265323795139 -0.36561309060819702 0.66816072922486525 0.50716967556339043 -1.3517397433060867 -0.56557272198379682 1.3551434918055458 1.8478795137076542 -1.0852801820506222 0.97550257745190194 -0.71257582406202957 -0.25071856851649027 0.88328738667991724
leaf_weight=56 117 176 122 63 213 27 43 211 186 207 63 117 102 108 96 37 116 109 207 52 65 65 93 126 145 69 107 96 115 89
leaf_count=56 117 176 122 63 213 27 43 211 186 207 63 117 102 108 96 37 116 109 207 52 65 65 93 126 145 69 107 96 115 89
internal_value=-1.19944e-09 -0.728008 1.21068 -0.362018 -1.198 1.57655 0.705573 -1.05613 -0.113492 -0.547593 0.889651 -1.60992 -0.9404 1.38313 1.9172 0.0454205 1.51119 -0.236968 -0.451497 0.738368 0.34753 -1.50735 -0.695489 1.26746 1.80214 -1.22398 1.05339 -0.804616 -0.319296 0.80395
internal_weight=3398 2122 1276 1193 929 740 536 691 510 683 354 238 409 472 268 223 224 287 414 184 182 182 269 248 172 282 170 198 178 141
internal_count=3398 2122 1276 1193 929 740 536 691 510 683 354 238 409 472 268 223 224 287 414 184 182 182 269 248 172 282 170 198 178 141
is_linear=0
shrinkage=0.05


Tree=3
num_leaves=31
num_cat=0
split_feature=2 2 2 2 2 2 0 2 24 2 2 24 2 2 24 24 2 2 18 2 24 28 26 2 24 3 15 2 24 24
split_gain=1.08118e+06 131770 85126.8 19862.8 19734.3 17601.6 12759.8 4909.64 3612.57 3504.19 3245.53 3024.11 2551.86 2337.64 1508.72 1453.54 1167.45 1146.79 1134.52 1045.86 904.292 869.195 866.149 726.754 723.858 662.067 640.476 638.54 635.079 629.067
threshold=110.97000000000001 69.095000000000013 144.37000000000003 89.460000000000022 48.530000000000008 170.14000000000001 23.844950000000004 29.445000000000004 52.314999999999998 77.225000000000009 129.09500000000006 42.500000000000007 154.65000000000003 180.98000000000005 67.851666666666688 87.470000000000013 37.850000000000001 99.655000000000015 48.515000000000008 58.985000000000007 80.421666666666681 50.486875000000005 45.214166666666678 195.74500000000003 26.058333333333341 23.060000000000006 0.37940952255126048 58.985000000000007 33.813333333333325 87.221666666666678
decision_type=2 2 2 2 2 2 2 2 2 2 2 2 2 2 2 2 2 2 2 2 2 2 2 2 2 2 2 2 2 2
left_child=1 4 6 9 7 12 21 24 17 22 -8 19 -4 29 25 -14 -9 -5 -11 -6 26 -2 -3 -15 -1 -10 -12 -13 -18 -7
right_child=2 3 5 8 11 13 10 16 14 18 20 27 15 23 -16 -17 28 -19 -20 -21 -22 -23 -24 -25 -26 -27 -28 -29 -30 -31
leaf_value=-1.8587470810988855 0.16033486134626651 -0.72486475786466276 1.1583021293730427 -0.30333149305366902 -1.09543044160588 1.5062686088757637 0.62293338482840022 -1.4637691935714412 -0.056738298699431325 -0.48872730410657828 0.98286996316909792 -0.92490599090988579 1.2937876261434249 1.9173396460506895 0.36681160926818851 1.5128706339243296 -1.3144044577590819 -0.09739652429878233 -0.31436695482214572 -0.93928168652192601 1.0400115831375121 0.39915053180509036 -0.53523270838208248 2.2266350870547087 -1.5412530458890474 0.17188461530953647 0.74713560693404257 -0.68145295899323743 -1.1148594549146749 1.7440454610844249
leaf_weight=58 55 178 169 178 217 39 114 98 152 272 50 37 155 109 31 148 123 109 142 212 125 124 91 23 26 40 68 99 59 97
leaf_count=58 55 178 169 178 217 39 114 98 152 272 50 37 155 109 31 148 123 109 142 212 125 124 91 23 26 40 68 99 59 97
internal_value=-3.03849e-09 -0.691608 1.15015 -0.343917 -1.1381 1.49772 0.670294 -1.42521 -0.107817 -0.520214 0.843038 -0.953135 1.31397 1.82134 0.0431494 1.4008 -1.32464 -0.225119 -0.428923 -1.01827 0.946297 0.325771 -0.660714 1.97123 -1.76048 -0.00910852 0.847023 -0.747687 -1.24972 1.67586
internal_weight=3398 2122 1276 1193 929 740 536 364 510 683 357 565 472 268 223 303 280 287 414 429 243 179 269 132 84 192 118 136 182 136
internal_count=3398 2122 1276 1193 929 740 536 364 510 683 357 565 472 268 223 303 280 287 414 429 243 179 269 132 84 192 118 136 182 136
is_linear=0
shrinkage=0.05


Tree=4
num_leaves=31
num_cat=0
split_feature=2 2 2 2 2 2 2 2 2 18 18 28 19 18 2 2 2 24 19 24 2 24 24 2 2 2 14 26 2 12
split_gain=975765 118923 76909.6 17960.4 17810.2 14922.6 11992.6 4455.72 3702.71 3078.84 2833.56 2796.69 2725.61 2097.07 1534.55 1222.57 1205.51 1174.23 1059.59 1044.17 1028.62 833.798 831.12 822.817 799.322 699.08 622.689 719.055 603.099 551.892
threshold=110.97000000000001 69.095000000000013 149.74000000000004 90.785000000000011 48.530000000000008 129.09500000000006 172.29500000000004 33.355000000000011 79.885000000000005 57.280000000000008 35.995000000000012 57.423333333333339 73.925000000000026 84.750000000000014 185.22000000000003 54.465000000000011 21.680000000000003 44.681666666666665 45.175000000000004 39.079999999999991 98.455000000000027 33.813333333333325 64.658333333333346 135.24500000000003 158.10000000000005 58.985000000000007 0.37940952255126054 51.286666666666676 120.74500000000002 2.5000000000000004
decision_type=2 2 2 2 2 2 2 2 2 2 2 2 2 2 2 2 2 2 2 2 2 2 2 2 2 2 2 2 2 2
left_child=1 4 5 8 7 11 13 16 19 17 25 -2 22 -4 29 -12 -1 -5 -10 -3 -11 -9 -7 -14 -15 -6 27 -21 -13 -8
right_child=2 3 6 9 10 12 14 21 18 20 15 28 23 24 -16 -17 -18 -19 -20 26 -22 -23 -24 -25 -26 -27 -28 -29 -30 -31
leaf_value=-1.8130970705123177 0.24392965015514878 -0.70098407421703945 1.175191411650254 -0.3078270561017451 -1.0813960609921984 0.4765594233448307 1.7126343594919338 -1.2883030377238631 -0.45919328451330899 -0.090151455989954152 -0.9778212125184107 0.45144276417539281 0.83376045777247509 1.2683772814901253 1.9176146984100342 -0.72134694417317713 -1.4850199642635529 -0.10547272610108255 -0.28698178143638942 -0.63805723502987721 0.2017922449236115 -1.0845666256215838 0.78311382763421367 1.0385336005687715 1.4615969634187815 -0.93096372955723816 -0.37435486269932167 -0.40961582597507618 0.66575556929047053 1.4743546158075334
leaf_weight=42 129 143 163 105 157 33 101 166 171 44 61 59 65 76 96 195 84 226 187 122 96 72 67 200 181 152 51 48 74 32
leaf_count=42 129 143 163 105 157 33 101 166 171 44 61 59 65 76 96 195 84 226 187 122 96 72 67 200 181 152 51 48 74 32
internal_value=-4.34278e-09 -0.657028 1.09264 -0.326721 -1.0812 0.69771 1.47419 -1.35395 -0.483414 -0.086525 -0.905479 0.409801 0.904373 1.31548 1.76527 -0.78246 -1.59438 -0.169664 -0.369239 -0.595707 0.110039 -1.22667 0.681951 0.988306 1.40446 -1.0074 -0.527587 -0.573556 0.570684 1.6553
internal_weight=3398 2122 1276 1193 929 627 649 364 722 471 565 262 365 420 229 256 126 331 358 364 140 238 100 265 257 309 221 170 133 133
internal_count=3398 2122 1276 1193 929 627 649 364 722 471 565 262 365 420 229 256 126 331 358 364 140 238 100 265 257 309 221 170 133 133
is_linear=0
shrinkage=0.05


Tree=5
num_leaves=31
num_cat=0
split_feature=2 2 2 2 2 2 2 2 2 28 2 18 18 18 2 28 24 24 15 26 24 23 2 2 24 22 26 28 14 26
split_gain=880660 113961 61919.6 19613.9 16107.5 11353.3 10379.8 4784.39 3983.62 2596.27 2436 2335.87 2165.96 2047.3 1911.7 1511.15 1440.11 1110.13 923.178 795.621 712.645 668.291 638.461 635.216 623.366 620.087 563.438 551.028 536.824 609.109
threshold=113.96000000000001 69.095000000000013 150.715 95.335000000000022 42.240000000000009 130.94500000000002 170.14000000000001 80.560000000000016 54.465000000000011 58.029791666666675 25.680000000000003 58.680000000000007 35.740000000000002 75.595000000000013 180.98000000000005 82.89166666666668 55.880000000000003 39.079999999999991 0.60355339059327384 31.617500000000003 38.638333333333328 64.945000000000007 195.74500000000003 136.82500000000002 46.924999999999997 49.370000000000012 38.621666666666677 89.857916666666696 0.37940952255126054 51.286666666666676
decision_type=2 2 2 2 2 2 2 2 2 2 2 2 2 2 2 2 2 2 2 2 2 2 2 2 2 2 2 2 2 2
left_child=1 4 5 7 10 9 15 17 26 -2 -1 24 -10 21 27 -4 20 -3 -17 -12 -9 -7 -16 -15 -5 -13 -6 -8 29 -19
right_child=2 3 6 11 8 13 14 16 12 -11 19 25 -14 23 22 18 -18 28 -20 -21 -22 -23 -24 -25 -26 -27 -28 -29 -30 -31
leaf_value=-1.6702712672097342 0.26733907812963359 -0.66487467591961236 1.0966744963079691 -0.17512939293118357 -1.0897574270275276 0.51648351748784382 1.4013288505741808 -0.48912422707718284 -0.91672793671983122 0.59118884749599354 -1.3710823230254345 0.02682613311626483 -0.68648659833753956 0.82517358514129135 1.729523472392231 1.3679132008956651 -0.11224371503356477 -0.59076621286741648 1.1450381074632918 -1.1529052191514235 -0.32187053063640608 0.7849005644902205 2.0194226389345915 1.0118708753585817 -0.02105063656499373 0.2809765320064293 -0.9253568435060805 1.6036917152404788 -0.35901363078376347 -0.38709371940178028
leaf_weight=56 115 150 128 103 213 33 61 81 211 134 117 36 198 61 109 177 71 131 63 65 298 78 23 180 181 72 69 75 58 51
leaf_count=56 115 150 128 103 213 33 61 81 211 134 117 36 198 61 109 177 71 131 63 65 298 78 23 180 181 72 69 75 58 51
internal_value=2.2875e-09 -0.609004 1.06391 -0.293705 -1.02714 0.700003 1.40779 -0.42999 -0.904952 0.44162 -1.38189 -0.00166439 -0.805266 0.88278 1.64449 1.23541 -0.318902 -0.55817 1.30941 -1.29316 -0.357616 0.705101 1.78004 0.964616 -0.0769313 0.19626 -1.04953 1.51293 -0.491479 -0.533693
internal_weight=3398 2161 1237 1232 929 601 636 840 691 249 238 392 409 352 268 368 450 390 240 182 379 111 132 241 284 108 282 136 240 182
internal_count=3398 2161 1237 1232 929 601 636 840 691 249 238 392 409 352 268 368 450 390 240 182 379 111 132 241 284 108 282 136 240 182
is_linear=0
shrinkage=0.05


Tree=6
num_leaves=31
num_cat=0
split_feature=2 2 2 2 2 2 0 2 2 24 28 2 2 18 2 23 15 18 2 2 26 26 28 18 7 15 2 12 18 2
split_gain=795156 96840.1 62771.8 15136.1 14160.3 13844.2 8487.23 3400.5 2784.76 2717.59 2319.7 2198.49 2061.51 1833.1 1725.31 1224.83 1206.5 922.021 912.579 847.723 728.126 724.598 701.042 665.341 646.667 614.337 588.346 543.72 530.018 506.31
threshold=110.97000000000001 68.595000000000013 143.03500000000005 89.460000000000022 42.240000000000009 170.14000000000001 23.844950000000004 54.465000000000011 77.225000000000009 52.314999999999998 82.89166666666668 25.680000000000003 129.09500000000006 35.740000000000002 180.98000000000005 69.565000000000012 0.60355339059327384 34.670000000000009 99.655000000000015 157.43500000000003 44.797500000000007 33.06750000000001 50.486875000000005 55.925000000000004 65.155000000000015 0.60355339059327384 193.81500000000003 3.5000000000000004 36.625000000000007 98.455000000000027
decision_type=2 2 2 2 2 2 2 2 2 2 2 2 2 2 2 2 2 2 2 2 2 2 2 2 2 2 2 2 2 2
left_child=1 4 6 8 11 10 22 28 20 18 25 -1 -8 -9 -7 29 19 -10 -5 -12 -3 -13 -2 -19 -14 -4 -16 -26 -6 -11
right_child=2 3 5 9 7 14 12 13 17 15 16 21 24 -15 26 -17 -18 23 -20 -21 -22 -23 -24 -25 27 -27 -28 -29 -30 -31
leaf_value=-1.5867576820509774 0.12960715324363925 -0.62973203936138678 1.0187057791815863 -0.26353799353374607 -1.0424610072252702 1.437279684753979 0.53361958752860106 -0.87239791189414861 -0.57150111879621235 -0.10322495046773075 1.1474849468185788 -1.2958736354827882 0.91614065428037916 -0.6567241118309346 1.6276258665261811 0.33053397503230841 1.0463095454942613 -0.37134232301487041 -0.079832177117056813 1.3525453310164195 -0.46116692801671366 -1.0807630664423893 0.34434967002702682 -0.19270805498319013 0.83699269294738776 0.74939941416184119 1.8667666326250349 0.64237702821234344 -0.89357208041257641 0.06118372212843718
leaf_weight=56 55 185 180 178 196 136 114 207 49 81 84 125 74 188 97 31 84 302 109 126 98 57 123 63 68 24 35 76 86 111
leaf_count=56 55 185 180 178 196 136 114 207 49 81 84 125 74 188 97 31 84 302 109 126 98 57 123 63 68 24 35 76 86 111
internal_value=-1.84845e-09 -0.593113 0.986352 -0.299022 -0.981056 1.2725 0.556562 -0.864431 -0.45048 -0.0920289 1.11657 -1.3128 0.705913 -0.769748 1.56226 0.0389091 1.20646 -0.367849 -0.193768 1.27052 -0.57136 -1.2285 0.277997 -0.34051 0.796012 0.987023 1.69103 0.734279 -0.997055 -0.00817619
internal_weight=3398 2122 1276 1207 915 766 510 677 697 510 498 238 332 395 268 223 294 414 287 210 283 182 178 365 218 204 132 144 282 192
internal_count=3398 2122 1276 1207 915 766 510 677 697 510 498 238 332 395 268 223 294 414 287 210 283 182 178 365 218 204 132 144 282 192
is_linear=0
shrinkage=0.05


Tree=7
num_leaves=31
num_cat=0
split_feature=2 2 2 2 2 24 2 2 2 18 18 2 24 24 18 2 24 24 2 18 23 2 2 28 24 24 24 24 15 18
split_gain=718124 102039 40580.2 19639 14286 7771.17 6797.71 3979.34 3538.76 2983.84 1863.25 1639.61 1526.71 1321.4 1174.59 1154.67 1105.68 935.179 909.328 884.292 765.217 755.741 654.332 648.662 612.295 607.873 603.759 600.655 434.384 415.206
threshold=118.36500000000002 75.50500000000001 154.65000000000003 50.375000000000007 95.335000000000022 74.88333333333334 172.29500000000004 35.650000000000013 62.865000000000002 58.680000000000007 49.395000000000003 137.42000000000002 64.081666666666663 87.221666666666678 27.860000000000003 188.22500000000002 42.776666666666657 30.67166666666667 137.42000000000002 37.155000000000008 66.855000000000018 17.315000000000001 81.390000000000015 48.568541666666668 95.458333333333343 32.18666666666666 93.14500000000001 62.898333333333333 0.60355339059327384 75.220000000000013
decision_type=2 2 2 2 2 2 2 2 2 2 2 2 2 2 2 2 2 2 2 2 2 2 2 2 2 2 2 2 2 2
left_child=1 3 5 7 10 12 13 14 19 23 17 -7 -2 29 21 26 -10 -3 -14 -5 -11 -1 -19 -6 -13 -9 -8 -12 -15 -4
right_child=2 4 6 8 9 11 15 25 16 20 27 24 18 28 -16 -17 -18 22 -20 -21 -22 -23 -24 -25 -26 -27 -28 -29 -30 -31
leaf_value=-1.6885581140932828 0.33895765190907556 -0.62746547341346748 0.87983076660721393 -0.89483937269602076 -0.12490145454743092 0.71313909007542176 1.325244463735552 -1.0776681681347502 -0.67130044940553724 0.11328035015983254 -0.24509100890406363 0.90657743559227344 0.50036282799666443 1.2910869627190917 -1.140719129562378 1.6819029875204596 -0.50019185974613423 -0.46066134764232497 0.78609720939813665 -0.72609539789746902 0.33948947668075563 -1.3637948730845511 -0.32473253423446108 0.022586741351757117 1.1890442462194535 -0.9174302778745953 1.5230198273291955 0.030583869801326231 1.0853704929351806 1.0946190120555737
leaf_weight=23 102 40 27 195 173 134 67 157 244 88 194 222 79 149 50 71 154 138 43 129 65 81 247 131 21 95 91 22 31 135
leaf_count=23 102 40 27 195 173 134 67 157 244 88 194 222 79 149 50 71 154 138 43 129 65 81 247 131 21 95 91 22 31 135
internal_value=-3.6733e-09 -0.527423 1.00174 -0.861416 -0.184305 0.714967 1.30359 -1.13963 -0.704968 0.0292919 -0.336589 0.853556 0.481717 1.16242 -1.33987 1.51442 -0.605093 -0.397362 0.601072 -0.827654 0.209382 -1.43562 -0.373455 -0.0613457 0.930988 -1.01726 1.43915 -0.217013 1.25566 1.05882
internal_weight=3398 2226 1172 1128 1098 601 571 406 722 457 641 377 224 342 154 229 398 425 122 324 153 104 385 304 243 252 158 216 180 162
internal_count=3398 2226 1172 1128 1098 601 571 406 722 457 641 377 224 342 154 229 398 425 122 324 153 104 385 304 243 252 158 216 180 162
is_linear=0
shrinkage=0.05


Tree=8
num_leaves=31
num_cat=0
split_feature=2 2 2 2 2 2 28 2 2 2 28 18 28 2 2 24 24 15 18 2 2 2 24 2 7 2 2 18 26 28
split_gain=648224 78990.1 51224.9 12288.9 11616.8 9437.72 8604.65 3577.4 2510.77 2280.69 2261.95 1531.3 1439.87 1422.98 1267.91 1198.9 828.521 797.683 704.066 679.529 678.035 640.776 611.06 573.274 565.597 556.368 507.303 501.517 491.205 475.323
threshold=110.97000000000001 68.595000000000013 146.54500000000004 89.460000000000022 37.850000000000001 170.14000000000001 74.713750000000019 54.465000000000011 134.78000000000003 79.63000000000001 46.562500000000007 40.160000000000004 83.961875000000006 180.98000000000005 21.680000000000003 67.851666666666688 40.718333333333341 0.60355339059327384 55.925000000000004 104.19500000000001 123.605 120.74500000000002 32.951666666666661 99.655000000000015 65.325000000000003 157.43500000000003 195.74500000000003 34.670000000000009 30.058333333333334 90.106250000000017
decision_type=2 2 2 2 2 2 2 2 2 2 2 2 2 2 2 2 2 2 2 2 2 2 2 2 2 2 2 2 2 2
left_child=1 4 6 9 14 12 20 22 21 16 23 -9 -4 29 -1 19 -3 25 27 -12 -2 -8 -6 -5 -10 -14 -15 -11 -16 -7
right_child=2 3 5 10 7 13 8 11 24 18 15 -13 17 26 28 -17 -18 -19 -20 -21 -22 -23 -24 -25 -26 -27 -28 -29 -30 -31
leaf_value=-1.4843676476251513 0.1854058666095042 -0.57791005089879044 0.92454441243043828 -0.2604907744788918 -0.97339975119847333 1.1994859578059269 0.3694309010755184 -0.75996596730839128 0.89839322139055311 -0.50191010538311243 -0.078142232837229125 -0.54590317726135262 1.0397309105971766 1.4826054739295891 -1.2431335796009411 0.30463799699660271 -0.42608920971794828 0.97281011835734044 -0.14063368617538727 0.10228760253537346 0.38583305838771842 0.58992049174105865 -0.83705833736040924 -0.095714219708938203 0.72808471223482718 1.2280832337939049 1.7410180216250213 -0.31456507230060621 -1.0493030447226306 1.3866178593165439
leaf_weight=42 117 160 179 145 197 65 43 275 78 42 177 120 58 109 88 31 205 75 51 74 66 141 141 83 130 121 23 239 52 71
leaf_count=42 117 160 179 145 197 65 43 275 78 42 177 120 58 109 88 31 205 75 51 74 66 141 141 83 130 121 23 239 52 71
internal_value=2.34318e-09 -0.535517 0.890571 -0.26991 -0.885887 1.17749 0.540778 -0.797113 0.672934 -0.406381 -0.0833991 -0.694934 1.03316 1.41069 -1.24342 0.0112833 -0.492641 1.1097 -0.311547 -0.0249478 0.257691 0.538393 -0.916524 -0.200506 0.79195 1.16705 1.52763 -0.342567 -1.17114 1.29718
internal_weight=3398 2122 1276 1207 915 701 575 733 392 697 510 395 433 268 182 282 365 254 332 251 183 184 338 228 208 179 132 281 140 136
internal_count=3398 2122 1276 1207 915 701 575 733 392 697 510 395 433 268 182 282 365 254 332 251 183 184 338 228 208 179 132 281 140 136
is_linear=0
shrinkage=0.05


Tree=9
num_leaves=31
num_cat=0
split_feature=2 2 2 2 2 2 18 2 2 18 24 18 24 24 2 18 24 19 26 14 2 22 2 2 2 24 7 2 14 28
split_gain=585105 83192.4 33183 16065.8 11694.8 6584.19 5575.19 3241.47 2925.32 2487.84 1583.99 1348.42 1050.44 1048.64 1015.08 1008.69 1005.09 926.795 778.076 671.777 659.76 657.252 631.262 578.315 552.26 499.378 471.122 436.97 429.858 390.276
threshold=118.36500000000002 75.50500000000001 151.22000000000003 50.375000000000007 95.335000000000022 172.29500000000004 73.805000000000021 35.650000000000013 62.865000000000002 58.680000000000007 38.638333333333328 84.750000000000014 55.880000000000003 64.081666666666663 138.30000000000004 27.860000000000003 93.886666666666684 36.365000000000002 44.987500000000004 0.78656609248549325 134.78000000000003 46.160000000000004 17.315000000000001 193.81500000000003 105.18500000000002 32.18666666666666 70.540000000000006 82.815000000000012 0.37940952255126054 83.574375000000018
decision_type=2 2 2 2 2 2 2 2 2 2 2 2 2 2 2 2 2 2 2 2 2 2 2 2 2 2 2 2 2 2
left_child=1 3 6 7 10 11 13 15 18 24 -3 -4 19 -2 -8 22 -7 28 -5 27 -15 -11 -1 -18 -6 -9 -19 -12 -10 -13
right_child=2 4 5 8 9 16 14 25 17 21 12 29 -14 20 -16 -17 23 26 -20 -21 -22 -23 -24 -25 -26 -27 -28 -29 -30 -31
leaf_value=-1.5299118249312693 0.30327296184375885 -0.45479889979762755 0.9101469558112476 -0.77718901589986711 -0.10543197578641819 1.2427724863353529 0.64668625672938118 -0.97359527220391928 -0.72266598122242176 -0.0024368343491326361 -0.38743364563584332 0.96640802296725203 -0.10165611827036454 0.43150357633409364 0.82281043270091336 -1.025458911895752 1.4056331748262458 -0.42708252310650807 -0.54412864977266728 -0.14889680598137631 0.67967521700748179 0.24683247094214777 -1.2330973012947744 1.6722707099914551 0.035676714005035776 -0.82835951780018058 -0.57106766508471585 -0.27501544564158892 -0.55821321776803623 1.1306674574396294
leaf_weight=23 100 137 147 283 197 95 142 157 78 34 150 44 84 71 193 50 109 146 41 66 43 119 81 25 107 95 93 204 81 203
leaf_count=23 100 137 147 283 197 95 142 157 78 34 150 44 84 71 193 50 109 146 41 66 43 119 81 25 107 95 93 204 81 203
internal_value=3.02656e-10 -0.476076 0.904219 -0.777651 -0.166261 1.15397 0.620805 -1.02929 -0.63615 0.0269968 -0.304044 1.03005 -0.263064 0.421449 0.748155 -1.21001 1.36718 -0.545343 -0.747697 -0.295346 0.525112 0.191439 -1.29874 1.45538 -0.0557654 -0.918844 -0.48311 -0.32265 -0.638888 1.10141
internal_weight=3398 2226 1172 1128 1098 623 549 406 722 457 641 394 504 214 335 154 229 398 324 420 114 153 104 134 304 252 239 354 159 247
internal_count=3398 2226 1172 1128 1098 623 549 406 722 457 641 394 504 214 335 154 229 398 324 420 114 153 104 134 304 252 239 354 159 247
is_linear=0
shrinkage=0.05


Tree=10
num_leaves=31
num_cat=0
split_feature=2 2 2 2 2 2 24 2 2 24 24 2 2 2 0 2 18 18 19 24 28 23 28 24 2 22 24 3 6 7
split_gain=528249 64430 41722.9 9832.38 9747.65 9228.55 5637.55 2491.39 2019.66 1855.59 1724.36 1640.03 1214.86 1191.97 1061.33 854.35 734.156 663.584 658.994 644.393 576.84 574.647 541.081 523.237 506.715 498.015 489.253 456.474 452.836 432.931
threshold=110.97000000000001 69.095000000000013 143.03500000000005 48.530000000000008 90.785000000000011 170.14000000000001 72.811666666666682 29.445000000000004 79.63000000000001 46.924999999999997 42.776666666666657 158.10000000000005 185.22000000000003 125.27000000000002 23.844950000000004 127.16000000000001 92.085000000000008 34.670000000000009 55.660000000000004 32.18666666666666 83.171250000000001 33.405000000000008 50.486875000000005 81.940000000000012 105.18500000000002 39.680000000000007 26.058333333333341 22.285000000000004 30.665000000000003 63.365000000000002
decision_type=2 2 2 2 2 2 2 2 2 2 2 2 2 2 2 2 2 2 2 2 2 2 2 2 2 2 2 2 2 2
left_child=1 3 6 7 8 11 13 26 18 -6 21 20 23 22 24 -8 -13 -10 -3 -9 28 -5 -2 -7 -11 -19 -1 -15 -4 -27
right_child=2 4 5 10 9 12 15 19 17 14 -12 16 -14 27 -16 -17 -18 25 -20 -21 -22 -23 -24 -25 -26 29 -28 -29 -30 -31
leaf_value=-1.3179168224334719 0.064225711118667692 -0.46109077669909371 0.85843575665208172 -0.77086894732244593 -0.20437257708011508 0.97231545448303225 0.4544812977566558 -0.98100784946132347 -0.45438095692131253 -0.063310751025282094 -0.50608912863349187 0.94540993748484436 1.4163044710954031 0.29531995549395279 0.26608050222907748 0.67176211550063702 1.136593542600933 -0.32894496450094679 -0.19949192058008453 -0.82080254228491545 0.90149569811644392 -0.65579939971959922 0.26507997250295862 1.2285432620336545 0.095160992127476321 -0.10901258416855947 -1.056895531140841 0.52164074991430553 0.6765764184487173 -0.25912785865813492
leaf_weight=58 47 325 61 216 156 23 59 185 45 214 131 148 96 37 35 194 76 123 26 95 135 218 117 149 66 78 26 56 78 125
leaf_count=58 47 325 61 216 156 23 59 185 45 214 131 148 96 37 35 194 76 123 26 95 135 218 117 149 66 78 26 56 78 125
internal_value=1.13181e-09 -0.483426 0.803942 -0.795641 -0.240302 1.03724 0.453545 -0.9983 -0.355738 -0.0633486 -0.665079 0.909922 1.27381 0.288606 0.00649188 0.621092 1.01028 -0.274397 -0.441713 -0.926652 0.827881 -0.713069 0.207518 1.19428 -0.0259567 -0.249553 -1.23712 0.431599 0.756385 -0.201448
internal_weight=3398 2122 1276 929 1193 766 510 364 722 471 565 498 268 257 315 253 224 371 351 280 274 434 164 172 280 326 84 93 139 203
internal_count=3398 2122 1276 929 1193 766 510 364 722 471 565 498 268 257 315 253 224 371 351 280 274 434 164 172 280 326 84 93 139 203
is_linear=0
shrinkage=0.05


Tree=11
num_leaves=31
num_cat=0
split_feature=2 2 2 2 2 24 2 2 2 18 24 18 2 2 18 18 19 24 14 2 23 2 24 28 2 12 23 24 18 24
split_gain=476835 67829.6 27117.2 13419.7 9256.93 5355.82 4528.2 2702.22 2558.19 2063.55 1828.38 1369.56 1068.15 994.698 858.662 839.771 705.742 702.32 625.412 589.604 552.007 537.09 504.823 503.627 495.789 453.986 436.87 407.373 397.073 376.666
threshold=118.36500000000002 75.890000000000015 154.65000000000003 50.375000000000007 98.455000000000027 74.88333333333334 178.89000000000001 35.650000000000013 64.925000000000011 57.030000000000008 47.473333333333336 84.750000000000014 136.82500000000002 132.86000000000004 42.685000000000009 27.860000000000003 36.935000000000009 30.67166666666667 0.25881904510252091 87.565000000000012 55.990000000000002 17.315000000000001 95.458333333333343 88.93562500000003 193.81500000000003 3.5000000000000004 29.840000000000003 39.560000000000009 75.220000000000013 64.081666666666663
decision_type=2 2 2 2 2 2 2 2 2 2 2 2 2 2 2 2 2 2 2 2 2 2 2 2 2 2 2 2 2 2
left_child=1 3 5 7 10 13 11 15 14 -6 17 28 -7 -2 26 21 -10 -3 -19 -12 -11 -1 -14 -13 -8 -9 -5 -20 -4 -15
right_child=2 4 6 8 9 12 24 25 16 20 19 23 22 29 -16 -17 -18 18 27 -21 -22 -23 -24 -25 -26 -27 -28 -29 -30 -31
leaf_value=-1.3886552810668946 0.30660213728036201 -0.52913925357767055 0.68435785929361981 -0.77864162354242239 -0.050595800188191313 0.57669229730963711 1.2447438811467699 -0.71822241755092842 -0.55882860324243555 0.063419902812817994 -0.23356171082767765 0.95675731152296073 0.73457988043283606 0.340853573239985 -0.5128466303103868 -0.92607187652587886 -0.41210678597802625 -0.36603548328832286 -0.31486776028704999 -0.097126244933250741 0.25434950441634713 -1.1148739644038825 0.99058352197919575 1.0933147797865026 1.4584191158839637 -0.8694141035494598 -0.65363210864971133 -0.16493159522609691 0.89106328869328921 0.58536981155001933
leaf_weight=23 140 37 30 105 198 124 121 68 137 58 149 112 232 21 81 50 204 182 85 169 109 81 21 170 35 184 209 97 103 63
leaf_count=23 140 37 30 105 198 124 121 68 137 58 149 112 232 21 81 50 204 182 85 169 109 81 21 170 35 184 209 97 103 63
internal_value=-6.05702e-10 -0.429777 0.816284 -0.698682 -0.146485 0.581855 1.06303 -0.929455 -0.571381 0.0585876 -0.250589 0.9767 0.696909 0.388217 -0.657993 -1.09446 -0.471054 -0.321593 -0.300496 -0.161054 0.188039 -1.17542 0.755829 1.03908 1.29268 -0.828616 -0.695435 -0.234957 0.844438 0.524241
internal_weight=3398 2226 1172 1142 1084 601 571 406 736 365 719 415 377 224 395 154 341 401 364 318 167 104 253 282 156 252 314 182 133 84
internal_count=3398 2226 1172 1142 1084 601 571 406 736 365 719 415 377 224 395 154 341 401 364 318 167 104 253 282 156 252 314 182 133 84
is_linear=0
shrinkage=0.05


Tree=12
num_leaves=31
num_cat=0
split_feature=2 2 2 2 2 24 2 2 2 28 2 2 18 24 24 2 24 19 18 2 23 2 14 11 14 7 14 3 23 19
split_gain=430538 52587 34063.4 8647.15 7489.19 6712.96 5380.38 2200.47 1698.7 1646.71 1281.31 1272.5 1144.36 1007.27 1002.57 887.293 836.638 733.879 534.812 499.046 477.961 472.991 461.068 457.918 457.047 407.874 388.609 386.973 385.516 385.162
threshold=110.97000000000001 67.585000000000022 149.74000000000004 89.460000000000022 37.850000000000001 72.811666666666682 170.14000000000001 54.465000000000011 79.63000000000001 46.562500000000007 125.27000000000002 134.78000000000003 40.160000000000004 93.886666666666684 92.060000000000016 21.680000000000003 67.851666666666688 36.660000000000004 55.925000000000004 193.81500000000003 32.615000000000002 104.19500000000001 0.12940952255126045 12.500000000000002 0.60355339059327384 65.325000000000003 0.78656609248549325 22.285000000000004 29.840000000000003 56.335000000000008
decision_type=2 2 2 2 2 2 2 2 2 2 2 2 2 2 2 2 2 2 2 2 2 2 2 2 2 2 2 2 2 2
left_child=1 4 5 8 15 10 14 20 17 23 22 -7 -9 24 26 -1 21 -3 28 -15 -6 -11 -2 -5 -8 -13 -4 -12 -10 -19
right_child=2 3 6 9 7 11 13 12 18 16 27 25 -14 19 -16 -17 -18 29 -20 -21 -22 -23 -24 -25 -26 -27 -28 -29 -30 -31
leaf_value=-1.2176424821217857 0.077252376452088364 -0.50179085605847307 0.76873203817134106 -0.10161377161619117 -0.80406860695944893 0.48030290349031068 0.95130976861523053 -0.63043281747189572 -0.47186646908521657 -0.061603818638092382 0.28698180356994268 0.75115832440993369 -0.43917087954757489 1.1989991066819532 0.98546840994207718 -0.95561279518263698 0.25810126143117107 -0.37713920943597534 -0.10422532556249815 1.4449210128784182 -0.68490052781527566 0.088928847523355808 0.25130552509083198 -0.24368245092413898 1.1425323274400501 0.61642014217376717 0.90107782712349538 0.4835143854368979 -0.26232391974819891 -0.16685731522738934
leaf_weight=42 60 134 192 122 180 129 62 254 24 177 40 102 113 118 111 140 31 235 51 25 158 74 104 106 63 125 78 67 257 24
leaf_count=42 60 134 192 122 180 129 62 254 24 177 40 102 113 118 111 140 31 235 51 25 158 74 104 106 63 125 78 67 257 24
internal_value=-5.52342e-10 -0.436432 0.72579 -0.225489 -0.730135 0.462959 0.979712 -0.656316 -0.336455 -0.0677436 0.275445 0.605702 -0.571543 1.15136 0.85897 -1.01608 0.0130425 -0.4068 -0.253185 1.24199 -0.748363 -0.0172237 0.187628 -0.167663 1.04769 0.676963 0.806965 0.410044 -0.280221 -0.357654
internal_weight=3398 2122 1276 1235 887 627 649 705 725 510 271 356 367 268 381 182 282 393 332 143 338 251 164 228 125 227 270 107 281 259
internal_count=3398 2122 1276 1235 887 627 649 705 725 510 271 356 367 268 381 182 282 393 332 143 338 251 164 228 125 227 270 107 281 259
is_linear=0
shrinkage=0.05


Tree=13
num_leaves=31
num_cat=0
split_feature=2 2 2 2 2 24 2 2 2 23 24 24 2 24 24 2 24 18 18 2 29 26 18 14 11 24 24 14 18 2
split_gain=388678 55283.9 22141 10732.1 7863.74 4373.27 3742.36 2284.38 1972.42 1751.8 1182.3 1150.23 859.115 846.974 786.766 784.206 650.827 634.191 575.097 521.115 505.283 465.348 460.41 455.894 447.984 445.881 408.561 382.755 381.007 378.432
threshold=118.36500000000002 75.50500000000001 154.65000000000003 49.205000000000005 95.335000000000022 74.88333333333334 178.89000000000001 62.865000000000002 33.355000000000011 66.490000000000023 55.880000000000003 87.221666666666678 138.30000000000004 64.081666666666663 33.56666666666667 104.19500000000001 42.776666666666657 35.010000000000012 27.860000000000003 137.42000000000002 8.561524256969582 37.339166666666671 75.220000000000013 0.91597561503675362 4.5000000000000009 95.458333333333343 95.458333333333343 0.60355339059327384 45.500000000000007 81.390000000000015
decision_type=2 2 2 2 2 2 2 2 2 2 2 2 2 2 2 2 2 2 2 2 2 2 2 2 2 2 2 2 2 2
left_child=1 3 5 8 10 13 11 17 18 15 14 22 -7 -2 -3 28 -9 -5 24 -15 -17 23 -4 -10 -1 -8 -14 -24 -6 -16
right_child=2 4 6 7 9 12 25 16 21 -11 -12 -13 26 19 29 20 -18 -19 -20 -21 -22 -23 27 -25 -26 -27 -28 -29 -30 -31
leaf_value=-1.1516120545566082 0.24383526952462456 -0.43417087872238724 0.60862344026565562 -0.67772670653984723 -0.20098867114294661 0.53201075552005161 1.0841798935181055 -0.49310270281752849 -0.84135169982910163 0.23879767353527057 -0.073584563413723589 0.95538112562278232 0.66713006808378994 0.36282736706205565 -0.31345678258831394 0.17644084305341901 -0.36182556004299748 -0.54279255819848815 -0.84695387144346501 0.57913344738095307 -0.0035441951732299911 -0.65139614766643894 0.74828389735869427 -0.62285641516957968 -0.9020167388916015 1.2532422848236866 0.89823841821579709 0.90672481391164994 -0.046721927781088829 -0.22083542949441717
leaf_weight=64 102 68 30 194 55 142 78 244 162 78 84 232 214 79 168 58 154 158 37 43 119 62 81 28 25 78 21 72 147 321
leaf_count=64 102 68 30 194 55 142 78 244 162 78 84 232 214 79 168 58 154 158 37 43 119 62 81 28 25 78 21 72 147 321
internal_value=-1.45846e-09 -0.38802 0.736973 -0.633861 -0.135463 0.525144 0.959932 -0.524371 -0.851102 0.0230099 -0.248446 0.881451 0.62911 0.350167 -0.274816 -0.0214002 -0.442307 -0.61716 -1.01263 0.439066 0.055434 -0.770339 0.787726 -0.809152 -1.0815 1.16871 0.687782 0.822844 -0.0887252 -0.252656
internal_weight=3398 2226 1172 1128 1098 601 571 750 378 457 641 415 377 224 557 379 398 352 126 122 177 252 183 190 89 156 235 153 202 489
internal_count=3398 2226 1172 1128 1098 601 571 750 378 457 641 415 377 224 557 379 398 352 126 122 177 252 183 190 89 156 235 153 202 489
is_linear=0
shrinkage=0.05


Tree=14
num_leaves=31
num_cat=0
split_feature=2 2 2 2 2 2 23 2 18 18 28 2 18 24 2 15 24 23 15 2 2 15 22 24 24 2 20 2 23 11
split_gain=350823 42928.6 27809.4 8456.33 6276.8 5209.64 3939.19 2063.85 1352.47 1291.53 1182.74 1057.64 1008.56 856.643 752.094 745.864 723.908 602.862 553.319 550.5 541.14 471.271 451.499 447.1 408.064 406.283 359.231 347.299 340.399 324.187
threshold=110.97000000000001 64.925000000000011 143.03500000000005 84.250000000000014 170.14000000000001 37.850000000000001 66.14500000000001 98.455000000000027 35.310000000000009 37.865000000000002 82.89166666666668 134.78000000000003 56.565000000000005 98.391666666666666 21.680000000000003 0.60355339059327384 44.538333333333348 59.225000000000009 0.78656609248549303 49.205000000000005 120.74500000000002 0.60355339059327384 30.140000000000004 81.940000000000012 81.043333333333337 157.43500000000003 85.945000000000007 54.465000000000011 34.735000000000007 13.500000000000002
decision_type=2 2 2 2 2 2 2 2 2 2 2 2 2 2 2 2 2 2 2 2 2 2 2 2 2 2 2 2 2 2
left_child=1 5 6 8 10 14 20 16 -3 19 21 24 -9 23 -1 25 -5 18 22 -7 -2 -4 -10 -6 -8 -12 -17 -11 -16 -15
right_child=2 3 4 7 13 9 11 12 17 27 15 -13 -14 29 28 26 -18 -19 -20 -21 -22 -23 -24 -25 -26 -27 -28 -29 -30 -31
leaf_value=-1.103501399925777 0.096890882459970629 -0.46935715576012926 0.67587581296761834 -0.25411446263754606 0.78438997566699986 -0.73479705291029851 0.34508338760892587 -0.066531433058212922 -0.3916990279123701 -0.584361111827013 0.77000761940365747 0.57894591671706985 0.1349070840944335 1.258600742340088 -0.90812995250408468 0.53649911181680088 -0.11862401954069715 -0.093379558574768817 -0.43922827366141626 -0.61771405961392734 0.2688540993501311 0.4400027230381966 -0.25938410539045392 1.0147623136986135 0.50072976681921222 0.91196869138687375 0.75397744048725479 -0.44867606632881341 -0.72974411315388155 1.0282776485789906
leaf_weight=42 91 177 180 151 24 162 127 159 87 82 84 137 102 50 104 29 284 31 81 264 92 24 249 172 63 126 55 111 36 22
leaf_count=42 91 177 180 151 24 162 127 159 87 82 84 137 102 50 104 29 284 31 81 264 92 24 249 172 63 126 55 111 36 22
internal_value=1.30892e-09 -0.393963 0.655164 -0.218843 0.845627 -0.682769 0.369096 -0.0989633 -0.352341 -0.613626 0.74063 0.473049 0.0121917 1.04073 -0.917931 0.804816 -0.165656 -0.306109 -0.321923 -0.662239 0.183342 0.648126 -0.293644 0.986553 0.396692 0.855184 0.678896 -0.506325 -0.862259 1.18822
internal_weight=3398 2122 1276 1321 766 801 510 696 625 619 498 327 261 268 182 294 435 448 417 426 183 204 336 196 190 210 84 193 140 72
internal_count=3398 2122 1276 1321 766 801 510 696 625 619 498 327 261 268 182 294 435 448 417 426 183 204 336 196 190 210 84 193 140 72
is_linear=0
shrinkage=0.05


Tree=15
num_leaves=31
num_cat=0
split_feature=2 2 2 2 2 24 2 2 24 28 2 18 24 2 2 28 23 28 24 15 2 15 2 26 14 12 18 15 24 7
split_gain=316753 45207.6 18093.4 8988.56 6118 3601.05 3100.09 1682.41 1653.86 1504.69 1014.48 971.442 715.775 707.087 693.345 684.714 532.501 501.071 476.992 450.136 417.254 412.128 409.607 403.528 389.548 388.379 387.097 400.687 378.959 377.071
threshold=118.36500000000002 69.500000000000014 154.65000000000003 95.335000000000022 43.280000000000008 74.88333333333334 178.89000000000001 80.560000000000016 42.776666666666657 52.04041666666668 21.680000000000003 84.750000000000014 64.081666666666663 55.720000000000006 136.23500000000004 41.788333333333348 57.340000000000011 44.526875000000011 28.48500000000001 0.60355339059327384 137.42000000000002 0.60355339059327384 195.74500000000003 33.956666666666671 1.0000000180025095e-35 2.5000000000000004 61.570000000000007 0.78656609248549303 95.458333333333343 69.855000000000004
decision_type=2 2 2 2 2 2 2 2 2 2 2 2 2 2 2 2 2 2 2 2 2 2 2 2 2 2 2 2 2 2
left_child=1 4 5 7 10 12 11 17 13 -5 -1 -4 -2 -6 -7 -9 -11 29 -12 -15 -14 25 -8 -21 -10 -13 27 -17 -16 -3
right_child=2 3 6 9 8 14 22 15 24 16 18 21 20 19 28 26 -18 -19 -20 23 -22 -23 -24 -25 -26 -27 -28 -29 -30 -31
leaf_value=-1.0483263225782486 0.21728085903268235 -0.33426446328817316 0.68403005366934877 -0.06621302204825838 -0.63453330707437594 0.46580359230870788 1.0231796171432153 -0.27060669066083287 -0.44450095089838693 0.016557066038339622 -0.84828839762169028 0.91774582982813036 0.32853532164251509 -0.46562135462183507 0.59532336290941201 -0.13399829969032223 0.17689855140771857 -0.24499419433996084 -0.6970203302800656 -0.73367421527703602 0.52208940927372427 0.69241707808262598 1.2517006376515265 -0.53429213712035228 -0.27093211424594021 0.78584929233373602 0.0055438781255169921 -0.29385450400260033 0.81678497904822933 -0.46786413690815237
leaf_weight=42 102 191 133 238 265 115 133 167 95 84 114 159 79 160 241 196 135 112 96 36 43 37 23 86 49 86 38 49 21 73
leaf_count=42 102 191 133 238 265 115 133 167 95 84 114 159 79 160 241 196 135 112 96 36 43 37 23 86 49 86 38 49 21 73
internal_value=-1.37314e-10 -0.350284 0.6653 -0.157107 -0.613111 0.47381 0.866851 -0.255546 -0.536202 0.0208171 -0.824002 0.795422 0.31503 -0.575891 0.568151 -0.190318 0.115398 -0.333612 -0.779137 -0.520783 0.396755 0.847958 1.05687 -0.593126 -0.385439 0.871447 -0.142939 -0.16597 0.613074 -0.371207
internal_weight=3398 2226 1172 1283 943 601 571 826 691 457 252 415 224 547 377 450 219 376 210 282 122 282 156 122 144 245 283 245 262 264
internal_count=3398 2226 1172 1283 943 601 571 826 691 457 252 415 224 547 377 450 219 376 210 282 122 282 156 122 144 245 283 245 262 264
is_linear=0
shrinkage=0.05


Tree=16
num_leaves=31
num_cat=0
split_feature=2 2 2 2 23 2 2 2 2 18 18 18 18 24 23 24 15 22 2 23 2 19 7 23 19 18 15 18 12 12
split_gain=286012 35032.7 22676.6 6849.21 4732.86 4276.69 3501.91 1685.08 1599.66 1143.9 1070.23 860.901 703.867 642.022 633.227 623.476 526.142 512.441 500.971 466.828 409.461 380.479 366.788 363.956 357.478 353.452 351.038 318.198 304.142 302.962
threshold=110.97000000000001 64.925000000000011 150.715 84.250000000000014 66.14500000000001 37.850000000000001 172.29500000000004 98.455000000000027 134.78000000000003 35.310000000000009 37.865000000000002 56.565000000000005 84.750000000000014 98.391666666666666 34.275000000000006 26.058333333333341 0.78656609248549303 30.140000000000004 123.605 29.840000000000003 21.680000000000003 45.175000000000004 65.325000000000003 81.135000000000005 61.570000000000007 84.105000000000004 0.60355339059327384 45.910000000000004 2.5000000000000004 2.5000000000000004
decision_type=2 2 2 2 2 2 2 2 2 2 2 2 2 2 2 2 2 2 2 2 2 2 2 2 2 2 2 2 2 2
left_child=1 5 4 9 18 15 12 14 23 -3 19 -9 -4 25 -5 20 17 -11 -2 -7 -1 -19 -10 -6 28 -8 -14 -12 -16 -21
right_child=2 3 6 7 8 10 13 11 22 16 27 -13 26 -15 24 -17 -18 21 -20 29 -22 -23 -24 -25 -26 -27 -28 -29 -30 -31
leaf_value=-1.0621361792087556 0.10165839296073542 -0.42527889798337459 0.63115607384712469 -0.32118637620781865 0.30801559292930897 -0.65711025272278079 0.71879044500264255 -0.061924292498602068 0.61405086159706124 -0.35520909867120976 -0.49993310823585047 0.12418502984458911 0.79370666914261312 1.0882365374004139 -0.1018690368078731 -0.72972224496659788 -0.38877421316567318 -0.27299822746300617 0.26641725674271582 -0.41583997705153064 -0.84419359510595149 -0.15596127512278379 0.49511918022911605 0.45285325882150168 0.0038310318688551588 0.93448020382750807 0.6382571545514194 -0.36184839210549341 -0.19636771596909966 -0.57512330239629506
leaf_weight=32 109 177 155 48 123 188 22 159 120 87 132 102 208 68 182 84 83 143 80 35 66 135 141 67 45 139 44 61 160 203
leaf_count=32 109 177 155 48 123 188 22 159 120 87 132 102 208 68 182 84 83 143 80 35 66 135 141 67 45 139 44 61 160 203
internal_value=-1.70299e-10 -0.355716 0.591559 -0.197519 0.381436 -0.616613 0.803003 -0.0896302 0.469457 -0.317663 -0.553966 0.0108081 0.714996 0.959416 -0.149893 -0.82968 -0.275145 -0.249306 0.171398 -0.598219 -0.915359 -0.216164 0.5498 0.35909 -0.128648 0.905007 0.766565 -0.45629 -0.146079 -0.551699
internal_weight=3398 2122 1276 1321 640 801 636 696 451 625 619 261 407 229 435 182 448 365 189 426 98 278 261 190 387 161 252 193 342 238
internal_count=3398 2122 1276 1321 640 801 636 696 451 625 619 261 407 229 435 182 448 365 189 426 98 278 261 190 387 161 252 193 342 238
is_linear=0
shrinkage=0.05


Tree=17
num_leaves=31
num_cat=0
split_feature=2 2 2 2 2 2 23 18 2 18 26 28 19 14 23 19 23 23 23 18 2 2 12 15 6 24 24 14 26 28
split_gain=258199 28700.6 24653.2 5385.34 4905.42 3859.71 3001.06 1376.79 1171.55 1040.09 979.912 893.265 866.953 687.95 590.273 524.757 466.851 417.011 402.268 398.271 387.17 385.982 385.709 373.328 365.903 343.672 343.58 339.223 324.259 316.85
threshold=107.01000000000002 64.925000000000011 140.51500000000001 164.80500000000004 80.560000000000016 37.850000000000001 74.235000000000014 48.385000000000012 180.98000000000005 60.620000000000012 38.491666666666681 83.171250000000001 36.660000000000004 0.78656609248549325 34.470000000000006 69.110000000000014 35.355000000000011 88.235000000000014 59.225000000000009 100.32000000000001 21.680000000000003 95.335000000000022 3.5000000000000004 0.78656609248549303 30.665000000000003 22.046666666666678 81.043333333333337 0.60355339059327384 85.19250000000001 49.716250000000009
decision_type=2 2 2 2 2 2 2 2 2 2 2 2 2 2 2 2 2 2 2 2 2 2 2 2 2 2 2 2 2 2
left_child=1 5 6 11 12 14 9 16 17 -2 13 22 27 -7 20 21 -6 -5 -14 -13 -1 -9 -4 28 -24 -15 -11 -3 -8 -12
right_child=2 4 3 8 7 10 23 15 -10 26 29 19 18 25 -16 -17 -18 -19 -20 -21 -22 -23 24 -25 -26 -27 -28 -29 -30 -31
leaf_value=-0.96782713174819957 0.080309032839412486 -0.47684069609512458 0.34418176859617233 0.70897983336935244 -0.30376656012875691 -0.61030312532186515 0.42726401441683204 -0.12241770527547313 0.97401409257542015 0.2349063781515652 -0.45808447284472953 0.64006767388686392 -0.2874996809134609 -0.62505693481518676 -0.61853804320096972 0.14600882491757791 -0.16054474976783817 0.84534799379246839 -0.056358447112143044 0.83506148815155035 -0.78428535227682072 -0.014751555225388572 0.63227728922155846 0.31034862782668182 0.49300181253725645 -0.41788311806218381 0.45544180393218997 -0.33871348846790406 0.61387400544922932 -0.25314042766888939
leaf_weight=40 150 92 26 98 70 300 118 168 132 151 185 206 320 26 40 31 304 131 20 30 102 165 79 54 117 87 20 86 29 21
leaf_count=40 150 92 26 98 70 300 118 168 132 151 185 206 320 26 40 31 304 131 20 30 102 165 79 54 117 87 20 86 29 21
internal_value=5.87627e-11 -0.351911 0.539806 0.71096 -0.202762 -0.585782 0.271273 -0.119977 0.855375 0.176405 -0.526268 0.59713 -0.320706 -0.570698 -0.788196 -0.0507525 -0.187351 0.78699 -0.273903 0.664855 -0.835987 -0.0690696 0.525134 0.422778 0.549138 -0.465551 0.2607 -0.410105 0.464078 -0.437192
internal_weight=3398 2057 1341 819 1256 801 522 738 361 321 619 458 518 413 182 364 374 229 340 236 142 333 222 201 196 113 171 178 147 206
internal_count=3398 2057 1341 819 1256 801 522 738 361 321 619 458 518 413 182 364 374 229 340 236 142 333 222 201 196 113 171 178 147 206
is_linear=0
shrinkage=0.05


Tree=18
num_leaves=31
num_cat=0
split_feature=2 2 2 2 2 24 2 2 28 18 18 18 2 24 18 3 24 18 23 2 6 22 24 26 7 28 2 15 15 22
split_gain=233318 33382.8 13384.9 6594.69 4657.71 3107.04 1859.72 1748.69 1148.3 924.203 833.769 807.838 667.449 641.471 544.995 451.951 432.467 405.938 403.601 396.349 390.754 425.43 381.981 355.657 332.961 318.147 303.945 303.727 301.733 307.414
threshold=118.36500000000002 75.50500000000001 158.10000000000005 54.465000000000011 95.335000000000022 74.88333333333334 35.650000000000013 180.98000000000005 52.04041666666668 35.740000000000002 49.395000000000003 75.220000000000013 138.30000000000004 64.081666666666663 27.860000000000003 26.735000000000003 30.67166666666667 94.110000000000014 57.340000000000011 137.42000000000002 30.665000000000003 99.105000000000004 29.733333333333345 90.487500000000011 69.000000000000014 43.749166666666675 195.74500000000003 0.78656609248549303 0.78656609248549303 34.240000000000002
decision_type=2 2 2 2 2 2 2 2 2 2 2 2 2 2 2 2 2 2 2 2 2 2 2 2 2 2 2 2 2 2
left_child=1 3 5 6 10 13 14 11 -6 15 16 -4 27 -2 24 -5 -3 -13 -10 -15 -14 23 -8 -22 -1 -11 -9 -7 29 -18
right_child=2 4 7 9 8 12 22 26 18 25 -12 17 20 19 -16 -17 28 -19 -20 -21 21 -23 -24 -25 -26 -27 -28 -29 -30 -31
leaf_value=-0.65003622770309455 0.18521166568001113 -0.38845939226448539 0.41898183931003924 -0.48118137697930696 -0.058440980476428983 0.47302857979960833 -0.61901733249425894 0.89046107913376005 0.01416088130014638 -0.35966677413135661 -0.11133914248785004 0.69075453292389621 0.62962272676328823 0.28187599652269973 -0.63250913977622991 -0.32803189785730458 -0.26757349233246513 0.80505178999309701 0.15375319093879727 0.45963411766749163 0.43789763159222073 0.67553548440337186 -0.5160409107080941 0.60449982427415394 -0.87703782461938395 -0.25704065618606714 1.0904830165531325 0.32291677339510483 -0.3277380251934609 -0.16494905776778856
leaf_weight=20 102 40 22 216 238 87 160 109 84 213 216 217 96 79 50 62 108 121 135 52 135 32 206 42 84 117 23 55 52 225
leaf_count=20 102 40 22 216 238 87 160 109 84 213 216 217 96 79 50 62 108 121 135 52 135 32 206 42 84 117 23 55 52 225
internal_value=-3.78845e-10 -0.300631 0.570994 -0.491667 -0.104375 0.427266 -0.622393 0.769642 0.017587 -0.379862 -0.191328 0.712563 0.50443 0.279231 -0.768165 -0.447026 -0.231982 0.731672 0.100211 0.352436 0.546118 0.507762 -0.561058 0.47743 -0.833384 -0.323281 0.925313 0.414887 -0.215724 -0.198233
internal_weight=3398 2226 1172 1128 1098 680 520 492 457 608 641 360 447 233 154 278 425 338 219 131 305 209 366 177 104 330 132 142 385 333
internal_count=3398 2226 1172 1128 1098 680 520 492 457 608 641 360 447 233 154 278 425 338 219 131 305 209 366 177 104 330 132 142 385 333
is_linear=0
shrinkage=0.05


Tree=19
num_leaves=31
num_cat=0
split_feature=2 2 2 2 2 23 2 18 24 18 23 28 11 24 12 23 19 15 15 15 28 12 28 12 14 24 2 28 7 3
split_gain=210608 23466.7 20048.4 4002.25 3871.24 3163.19 3136.84 926.074 921.25 877.473 844.071 784.564 633.247 612.392 515.541 505.654 478.282 455.5 438.685 421.888 420.838 417.944 417.062 376.055 349.873 340.518 334.094 324.381 355.513 317.391
threshold=107.01000000000002 64.925000000000011 143.03500000000005 84.250000000000014 170.14000000000001 74.235000000000014 37.850000000000001 60.620000000000012 44.841666666666661 35.310000000000009 33.155000000000008 88.93562500000003 3.5000000000000004 98.391666666666666 2.5000000000000004 34.735000000000007 69.110000000000014 0.78656609248549303 0.78656609248549303 0.60355339059327384 52.326666666666675 1.0000000180025095e-35 38.380625000000009 2.5000000000000004 0.78656609248549325 80.67333333333336 21.680000000000003 82.89166666666668 62.645000000000003 20.035000000000004
decision_type=2 2 2 2 2 2 2 2 2 2 2 2 2 2 2 2 2 2 2 2 2 2 2 2 2 2 2 2 2 2
left_child=1 6 5 9 11 7 15 -2 29 -3 14 12 -4 27 -8 26 24 20 23 -13 -11 -14 -12 -7 -10 -9 -1 -6 -29 -5
right_child=2 3 4 8 13 18 10 25 16 17 22 19 21 -15 -16 -17 -18 -19 -20 -21 -22 -23 -24 -25 -26 -27 -28 28 -30 -31
leaf_value=-0.8773959481716157 0.07373227567040648 -0.36689834118120923 0.2512185725569725 -0.2585726956806022 0.61404277105485239 0.62406724592049923 -0.43294525679420026 0.21347529011016544 -0.086226851360453161 -0.23098333900713405 -0.49198213843328342 0.70494850451552027 0.66476802272456037 0.93295483721627126 -0.57889164142665406 -0.54954289135180023 0.14245450733036832 -0.34113196595964662 0.28282516668787444 0.54668769420139374 -0.064446011550053084 0.51257760105975747 -0.3752697939379141 0.41182138365227727 0.04835133742807167 0.41242171287536622 -0.70736065117212443 0.85410804672444118 0.70587435473858473 -0.12955882835542851
leaf_weight=40 153 177 20 83 31 24 85 154 351 322 124 127 56 72 210 38 29 83 59 63 43 232 200 160 56 25 104 94 71 112
leaf_count=40 153 177 20 83 31 24 85 154 351 322 124 127 56 72 210 38 29 83 59 63 43 232 200 160 56 25 104 94 71 112
internal_value=-4.18328e-10 -0.317828 0.487526 -0.182963 0.655027 0.264387 -0.529303 0.164057 -0.0941345 -0.272644 -0.47565 0.572569 0.523277 0.808251 -0.536839 -0.71178 -0.0537311 -0.235406 0.401464 0.652473 -0.211364 0.54217 -0.419937 0.439506 -0.06771 0.241261 -0.754593 0.762442 0.790323 -0.184472
internal_weight=3398 2057 1341 1256 766 575 801 332 631 625 619 498 308 268 295 182 436 448 243 190 365 288 324 184 407 179 144 196 165 195
internal_count=3398 2057 1341 1256 766 575 801 332 631 625 619 498 308 268 295 182 436 448 243 190 365 288 324 184 407 179 144 196 165 195
is_linear=0
shrinkage=0.05


Tree=20
num_leaves=31
num_cat=0
split_feature=2 2 2 2 2 2 2 19 28 24 18 18 19 18 14 28 15 14 23 6 22 18 15 12 23 26 2 28 28 2
split_gain=190333 27250.4 10951.7 4775.62 4487.23 2546.59 1453.57 942.821 940.366 926.034 910.961 689.36 598.34 597.652 522.828 495.056 455.695 415.237 390.397 360.888 415.661 344.504 339.016 369.355 330.004 327.764 313.904 298.522 289.586 275.344
threshold=118.36500000000002 72.085000000000008 158.10000000000005 95.335000000000022 48.530000000000008 134.78000000000003 180.98000000000005 24.385000000000002 52.04041666666668 37.555000000000014 49.395000000000003 75.220000000000013 66.615000000000023 73.805000000000021 0.78656609248549325 30.193333333333335 0.78656609248549303 0.91597561503675362 38.045000000000009 30.665000000000003 99.105000000000004 61.570000000000007 0.60355339059327384 2.5000000000000004 66.855000000000018 94.02833333333335 64.925000000000011 49.386458333333344 49.386458333333344 35.650000000000013
decision_type=2 2 2 2 2 2 2 2 2 2 2 2 2 2 2 2 2 2 2 2 2 2 2 2 2 2 2 2 2 2
left_child=1 4 5 10 7 13 11 17 -5 14 15 -4 -7 -2 -6 -3 27 -1 29 -14 25 -12 23 -13 -10 -21 28 -17 -11 -9
right_child=2 3 6 8 9 12 -8 18 24 26 21 22 19 -15 -16 16 -18 -19 -20 20 -22 -23 -24 -25 -26 -27 -28 -29 -30 -31
leaf_value=-0.7528238448027138 0.19808530360940965 -0.36750712535598062 0.3721685228699988 -0.052744869266229712 -0.47269696734134065 0.2579486979938605 0.83733712615388822 -0.67259983301162718 0.046979010164223872 -0.38652656923420392 -0.13689978898911881 0.72706977252302507 0.54600616585551287 0.35788062409042043 -0.34274757363312292 -0.20514575011512065 -0.32085718625274146 -0.52270285052557786 -0.42928009822703245 0.3999315160993151 0.59948296949670121 0.015677981296776916 0.53324385550287035 0.61276151342552254 0.17674219192483942 0.60273524089293051 -0.25171004091228905 -0.081286959064176739 -0.18712997950968291 -0.53767548911273477
leaf_weight=107 155 55 22 238 267 34 132 55 145 137 189 174 127 94 109 332 76 24 57 211 37 46 45 119 74 22 116 57 21 121
leaf_count=107 155 55 22 238 267 34 132 55 145 137 189 174 127 94 109 332 76 24 57 211 37 46 45 119 74 22 116 57 21 121
internal_value=-2.0496e-10 -0.271529 0.515721 -0.111514 -0.46279 0.385711 0.695408 -0.603345 0.016056 -0.38408 -0.188732 0.643368 0.459257 0.25841 -0.435025 -0.225653 -0.208875 -0.710664 -0.543007 0.476497 0.443802 -0.107034 0.66102 0.680644 0.0908259 0.41908 -0.314169 -0.186997 -0.360024 -0.579839
internal_weight=3398 2226 1172 1212 1014 680 492 364 457 650 755 360 431 249 376 520 465 131 233 397 270 235 338 293 219 233 274 389 158 176
internal_count=3398 2226 1172 1212 1014 680 492 364 457 650 755 360 431 249 376 520 465 131 233 397 270 235 338 293 219 233 274 389 158 176
is_linear=0
shrinkage=0.05


Tree=21
num_leaves=31
num_cat=0
split_feature=2 2 2 2 2 2 19 24 2 18 19 26 6 15 18 23 18 14 28 22 26 3 14 12 23 26 20 7 14 26
split_gain=171784 19124.8 16319.4 3636.52 3307.79 2578.5 2013 977.797 800.649 742.617 636.791 631.936 560.185 489.892 489.119 456.546 443.535 418.77 414.622 404.256 377.234 361.693 349.415 321.449 317.693 306.386 286.034 282.642 272.978 272.256
threshold=107.01000000000002 64.925000000000011 140.51500000000001 164.80500000000004 80.560000000000016 37.850000000000001 69.655000000000015 46.924999999999997 188.22500000000002 42.685000000000009 36.660000000000004 90.487500000000011 30.665000000000003 0.78656609248549303 51.105000000000011 33.155000000000008 22.500000000000004 0.37940952255126054 89.857916666666696 76.430000000000021 70.784166666666678 23.935000000000006 0.78656609248549325 2.5000000000000004 34.470000000000006 85.19250000000001 79.035000000000011 58.445000000000007 0.60355339059327384 53.183333333333337
decision_type=2 2 2 2 2 2 2 2 2 2 2 2 2 2 2 2 2 2 2 2 2 2 2 2 2 2 2 2 2 2
left_child=1 5 6 11 10 16 14 24 18 15 28 12 20 25 -2 23 -1 -16 -5 22 -4 29 -9 -7 -6 -8 -15 -20 -3 -12
right_child=2 4 3 8 7 9 13 19 -10 -11 21 -13 -14 26 17 -17 -18 -19 27 -21 -22 -23 -24 -25 -26 -27 -28 -29 -30 -31
leaf_value=-0.73454426356724334 -0.0040291823740852507 -0.39862789150489419 0.34649873416249954 0.59597503684291786 -0.27193264096147485 -0.40764768526360795 0.34249238363536433 -0.074763469056856324 0.84871815795629812 -0.30379599616510061 -0.27179974057787176 0.58571181256892324 0.39706608704996832 0.13733936021370549 0.081928273032529544 -0.40299157522126178 -0.5765543375128791 0.2240738001277941 0.79198030492533811 0.14547162657746901 0.56395564599562498 -0.12981524372266398 0.0814661554992199 -0.52929925157999003 -0.13939968666410169 0.51646561846137051 0.30746862446268403 0.65714693953481962 -0.27471940605792894 -0.12530176605324489
leaf_weight=77 57 92 24 132 54 74 121 340 71 99 222 118 198 42 93 242 105 117 69 26 118 81 40 204 278 32 60 89 86 37
leaf_count=77 57 92 24 132 54 74 121 340 71 99 222 118 198 42 93 242 105 117 69 26 118 81 40 204 278 32 60 89 86 37
internal_value=-4.04151e-10 -0.287043 0.440304 0.579556 -0.165292 -0.477954 0.221822 -0.0973119 0.698228 -0.42931 -0.262144 0.486017 0.451417 0.322294 0.125866 -0.453206 -0.643396 0.161124 0.661384 -0.0452677 0.527202 -0.222032 -0.0583182 -0.496917 -0.160956 0.378879 0.237415 0.71603 -0.338762 -0.250871
internal_weight=3398 2057 1341 819 1256 801 522 738 361 619 518 458 340 255 267 520 182 210 290 406 142 340 380 278 332 153 102 158 178 259
internal_count=3398 2057 1341 819 1256 801 522 738 361 619 518 458 340 255 267 520 182 210 290 406 142 340 380 278 332 153 102 158 178 259
is_linear=0
shrinkage=0.05


Tree=22
num_leaves=31
num_cat=0
split_feature=2 2 2 2 2 24 2 2 18 24 15 28 15 12 21 18 14 26 15 12 24 26 14 3 12 11 2 20 7 18
split_gain=155225 22239.7 8968.58 4541.8 3146.33 1774.75 1566.72 1222.25 792.753 780.549 685.587 726.675 522.841 546.28 510.354 427.131 407.613 385.992 381.628 594.671 371.244 348.1 309.054 306.885 306.402 340.306 297.195 278.016 275.776 268.352
threshold=118.36500000000002 75.50500000000001 154.65000000000003 54.465000000000011 98.455000000000027 74.88333333333334 178.89000000000001 35.650000000000013 57.030000000000008 42.015000000000008 0.60355339059327384 41.670000000000009 0.60355339059327384 2.5000000000000004 49.860000000000007 27.860000000000003 0.25881904510252091 85.747500000000016 0.78656609248549303 2.5000000000000004 64.081666666666663 51.849166666666669 0.60355339059327384 17.345000000000002 2.5000000000000004 3.5000000000000004 195.74500000000003 84.170000000000016 79.980000000000004 24.785000000000004
decision_type=2 2 2 2 2 2 2 2 2 2 2 2 2 2 2 2 2 2 2 2 2 2 2 2 2 2 2 2 2 2
left_child=1 3 5 7 9 20 12 15 -6 -3 11 -5 13 -4 29 28 21 -14 19 -7 -2 23 -10 -11 -9 -26 -8 -20 -1 -12
right_child=2 4 6 10 8 18 26 24 22 16 14 -13 17 -15 -16 -17 -18 -19 27 -21 -22 -23 -24 -25 25 -27 -28 -29 -30 -31
leaf_value=-0.63248021651620734 0.14905094069191346 -0.22105362964267639 0.64328186064958581 -0.3171351778112832 -0.032754836119758435 0.57868372156934922 0.71402233722514685 -0.3605227219173685 0.076353784741479025 -0.14731577998990039 -0.58498344222704579 -0.17308926210376144 0.25079805253162268 0.51816640060416541 -0.26386934722272248 -0.50770655173063284 -0.043350863718439513 0.51040428029166329 0.19600198682058942 0.39203166004321349 0.27830480709824651 -0.086629525544150793 0.23439414045977883 -0.29157913771330141 -0.57758706927299508 -0.45180601524941805 0.90867647710053812 0.37125934487622647 -0.81048130681437824 -0.40232619462204317
leaf_weight=73 102 230 176 264 198 53 133 64 126 133 24 131 21 173 65 50 158 45 33 219 122 161 41 51 70 232 23 72 31 124
leaf_count=73 102 230 176 264 198 53 133 64 126 133 24 131 21 173 65 50 158 45 33 219 122 161 41 51 70 232 23 72 31 124
internal_value=7.72151e-11 -0.245211 0.465734 -0.401137 -0.0850249 0.330916 0.607636 -0.509625 0.0349186 -0.144751 -0.308352 -0.269363 0.556856 0.581262 -0.380655 -0.627801 -0.109861 0.427802 0.397146 0.428401 0.219448 -0.140321 0.115154 -0.187302 -0.4599 -0.480961 0.742721 0.316178 -0.685538 -0.431946
internal_weight=3398 2226 1172 1128 1098 601 571 520 365 733 608 395 415 349 213 154 503 66 377 272 224 345 167 184 366 302 156 105 104 148
internal_count=3398 2226 1172 1128 1098 601 571 520 365 733 608 395 415 349 213 154 503 66 377 272 224 345 167 184 366 302 156 105 104 148
is_linear=0
shrinkage=0.05


Tree=23
num_leaves=31
num_cat=0
split_feature=2 2 2 2 2 2 2 19 19 18 28 18 23 18 18 28 15 14 3 21 10 23 15 22 7 7 22 15 28 24
split_gain=140091 20100.3 8113.4 4011.72 2911.79 1928.26 1079.33 788.172 744.506 718.669 713.451 562.885 464.691 436.915 411.57 395.739 377.27 346.051 342.957 406.038 416.96 334.769 321.229 296.813 410.3 294.464 573.132 273.469 282.704 270.957
threshold=118.36500000000002 69.500000000000014 158.10000000000005 95.335000000000022 48.530000000000008 134.78000000000003 180.98000000000005 45.175000000000004 24.385000000000002 45.500000000000007 52.04041666666668 75.220000000000013 66.14500000000001 73.805000000000021 61.570000000000007 36.14916666666668 0.37940952255126048 0.91597561503675362 22.135000000000002 46.335000000000008 65.75500000000001 38.045000000000009 0.60355339059327384 99.105000000000004 73.790000000000006 65.155000000000015 41.430000000000007 0.60355339059327384 88.317708333333343 38.638333333333328
decision_type=2 2 2 2 2 2 2 2 2 2 2 2 2 2 2 2 2 2 2 2 2 2 2 2 2 2 2 2 2 2
left_child=1 4 5 7 8 13 11 18 17 15 -5 -4 -7 -2 25 16 -6 -1 19 20 -3 -10 -17 24 -14 26 -9 28 -13 -20
right_child=2 3 6 10 9 12 -8 14 21 -11 -12 27 23 -15 -16 22 -18 -19 29 -21 -22 -23 -24 -25 -26 -27 -28 -29 -30 -31
leaf_value=-0.65286865256657123 0.16819377819737119 -0.51023858733799154 0.30720248493281277 -0.045202895576729123 -0.37275191928821672 0.20124459545095932 0.71940839453177019 -0.16036473230266846 -0.49950386582111772 -0.20954194137683282 0.079851733061557295 0.53159924102100464 0.42554391802645714 0.3048213275109834 0.028162939820525257 -0.26656542688784168 -0.52685175663546513 -0.44279165218273803 -0.21451092825239076 -0.17594851838158709 -0.27518668138909907 -0.36008329236912623 -0.37128149196936217 0.53427097456795836 0.3040185189469064 -0.19237123023232688 0.014465042392480865 0.45345429278082322 0.63031128193280717 -0.10165769455211593
leaf_weight=107 155 23 22 238 131 29 132 131 176 91 219 132 266 94 43 127 57 24 145 84 105 57 173 42 94 138 73 45 161 84
leaf_count=107 155 23 22 238 131 29 132 131 176 91 219 132 266 94 43 127 57 24 145 84 105 57 173 42 94 138 73 45 161 84
internal_value=8.73766e-11 -0.232951 0.442447 -0.10414 -0.408204 0.330546 0.597108 -0.169905 -0.519015 -0.33854 0.0147248 0.552264 0.394543 0.219772 -0.117631 -0.362595 -0.419474 -0.614381 -0.21554 -0.261367 -0.317423 -0.465397 -0.326952 0.408487 0.393812 -0.135962 -0.0978031 0.568215 0.58584 -0.173115
internal_weight=3398 2226 1172 1283 943 680 492 826 364 579 457 360 431 249 385 488 188 131 441 212 128 233 300 402 360 342 204 338 293 229
internal_count=3398 2226 1172 1283 943 680 492 826 364 579 457 360 431 249 385 488 188 131 441 212 128 233 300 402 360 342 204 338 293 229
is_linear=0
shrinkage=0.05


Tree=24
num_leaves=31
num_cat=0
split_feature=2 2 2 2 2 23 2 24 18 26 28 18 11 24 23 14 18 19 15 2 3 12 23 12 26 15 7 7 11 4
split_gain=126622 14156.6 12033.6 2897.09 2378.42 1962.94 1654.61 734.624 589.573 583.656 531.54 492.745 471.447 466.44 373.604 368.06 363.664 343.361 320.849 279.749 297.379 278.991 272.957 272.565 272.264 268.53 264.528 263.007 262.912 258.613
threshold=107.01000000000002 62.865000000000002 143.03500000000005 80.560000000000016 170.14000000000001 74.235000000000014 35.650000000000013 46.924999999999997 60.620000000000012 42.205833333333338 88.93562500000003 30.195000000000004 3.5000000000000004 98.391666666666666 59.225000000000009 0.91597561503675362 27.860000000000003 69.110000000000014 0.78656609248549303 90.785000000000011 23.060000000000006 2.5000000000000004 34.470000000000006 1.0000000180025095e-35 24.84083333333334 0.37940952255126048 52.210000000000008 62.645000000000003 13.500000000000002 5.5250000000000012
decision_type=2 2 2 2 2 2 2 2 2 2 2 2 2 2 2 2 2 2 2 2 2 2 2 2 2 2 2 2 2 2
left_child=1 6 5 11 10 8 16 22 -2 15 12 -3 -4 27 -13 24 -1 19 21 -9 -21 -7 -5 -14 -8 -12 -24 -6 -15 -18
right_child=2 3 4 7 13 18 9 17 -10 -11 25 14 23 28 -16 -17 29 -19 -20 20 -22 -23 26 -25 -26 -27 -28 -29 -30 -31
leaf_value=-0.62214775159955027 0.054039747060696579 -0.33814143337633301 0.16784312541596591 -0.24118330322757917 0.63652115127314701 0.50462982058525085 -0.54563189063753403 -0.10721210778025646 0.18771023999017733 -0.27320992469274419 0.56240837846483505 -0.22150113281401757 0.51789286221776698 0.80010253047943114 -0.010737350447611376 -0.29942287472076717 -0.55090518633524577 0.12188480438724641 0.21166668120550655 -0.050494210246387707 0.079216872376658157 0.32181641516741366 -0.24281309907500812 0.39498961857873305 -0.41125995846890401 0.44286136045175439 -0.099224988453638946 0.51889876634986309 0.59268520799550151 -0.31878958638757471
leaf_weight=104 153 92 20 54 115 24 42 140 179 98 105 475 56 50 22 68 30 31 59 176 59 160 37 232 368 85 241 81 22 20
leaf_count=104 153 92 20 54 115 24 42 140 179 98 105 475 56 50 22 68 30 31 59 176 59 160 37 232 368 85 241 81 22 20
internal_value=-1.46614e-10 -0.246439 0.378021 -0.149151 0.50779 0.205145 -0.42329 -0.0831513 0.126109 -0.384367 0.443158 -0.231848 0.402586 0.627892 -0.212172 -0.407157 -0.568872 -0.0380405 0.313128 -0.051261 -0.0179284 0.345662 -0.138317 0.418887 -0.425025 0.508927 -0.118336 0.587912 0.736725 -0.458059
internal_weight=3398 2057 1341 1327 766 575 730 738 332 576 498 589 308 268 497 478 154 406 243 375 235 184 332 288 410 190 278 196 72 50
internal_count=3398 2057 1341 1327 766 575 730 738 332 576 498 589 308 268 497 478 154 406 243 375 235 184 332 288 410 190 278 196 72 50
is_linear=0
shrinkage=0.05


Tree=25
num_leaves=31
num_cat=0
split_feature=2 2 2 2 2 2 2 2 19 23 18 18 19 18 18 18 28 12 15 15 28 6 22 25 11 18 28 7 28 6
split_gain=114284 16443.7 6633.93 2883.34 2779.73 1577.1 900.097 653.291 608.839 606.637 582.778 484.187 400.114 357.869 321.834 308.209 286.362 285.813 362.731 285.023 298.711 264.546 303.903 258.34 248.788 243.668 239.159 263.236 236.142 232.263
threshold=118.36500000000002 72.085000000000008 158.10000000000005 95.335000000000022 49.205000000000005 134.78000000000003 180.98000000000005 30.725000000000005 45.175000000000004 50.770000000000003 40.160000000000004 75.220000000000013 66.615000000000023 69.110000000000014 61.570000000000007 54.750000000000007 30.193333333333335 2.5000000000000004 0.37940952255126048 0.60355339059327384 36.50500000000001 30.665000000000003 99.105000000000004 3.7416539782450386 5.5000000000000009 30.195000000000004 50.885833333333338 66.215000000000018 36.14916666666668 33.315000000000005
decision_type=2 2 2 2 2 2 2 2 2 2 2 2 2 2 2 2 2 2 2 2 2 2 2 2 2 2 2 2 2 2
left_child=1 4 5 8 7 13 11 24 16 -5 19 -4 -7 -2 -10 -11 -3 -9 -19 28 -21 -14 -23 -20 -1 -18 27 -12 -6 -8
right_child=2 3 6 9 10 12 29 17 14 15 26 -13 21 -15 -16 -17 25 18 23 20 -22 22 -24 -25 -26 -27 -28 -29 -30 -31
leaf_value=-0.6342295852991251 0.13355027230375488 -0.29650539319824287 0.27123467001048002 -0.052279205557890243 -0.33445930524148804 0.19169409467893489 0.69489030073518343 -0.31353465849938605 -0.11691950578675044 -0.012038199641657147 -0.20378658170728678 0.51331434464137238 0.42992315774592832 0.253785167050673 0.028690331949051035 0.10335342903682115 -0.31645653675551766 -0.3826283360658973 -0.6414438622338432 -0.48672358906931346 -0.33926088145709243 0.32127966720754753 0.4755351922499973 -0.46923363743996138 -0.46565815915889819 -0.1598049541826469 -0.10303203720938077 -0.33154283151740122 -0.23355594948306679 0.5505714428424836
leaf_weight=65 115 54 22 200 138 34 92 46 323 88 112 338 127 134 43 169 27 108 28 45 145 233 37 98 33 308 33 63 100 40
leaf_count=65 115 54 22 200 138 34 92 46 323 88 112 338 127 134 43 169 27 108 28 45 145 233 37 98 33 308 33 63 100 40
internal_value=-1.16593e-10 -0.210403 0.399622 -0.0861018 -0.358975 0.298436 0.539472 -0.466358 -0.146102 0.013023 -0.295154 0.498521 0.356313 0.198255 -0.0998123 0.0638419 -0.189654 -0.427471 -0.449868 -0.32852 -0.374186 0.370411 0.342418 -0.507503 -0.577466 -0.172431 -0.226497 -0.249779 -0.292063 0.651157
internal_weight=3398 2226 1172 1212 1014 680 492 378 755 457 636 360 431 249 366 257 389 280 234 428 190 397 270 126 98 335 208 175 238 132
internal_count=3398 2226 1172 1212 1014 680 492 378 755 457 636 360 431 249 366 257 389 280 234 428 190 397 270 126 98 335 208 175 238 132
is_linear=0
shrinkage=0.05


Tree=26
num_leaves=31
num_cat=0
split_feature=2 2 2 2 2 2 2 24 28 12 19 24 15 23 2 18 18 19 15 14 14 3 7 15 14 28 2 18 3 12
split_gain=103265 11579 9804.42 2375.89 2230.07 1357.54 1278.77 607.725 566.226 461.373 414.64 409.768 374.716 370.706 367.022 331.074 321.464 318.383 315.694 313.998 303.716 272.625 271.134 268.947 268.419 262.777 257.466 257.183 238.43 227.188
threshold=107.01000000000002 62.865000000000002 140.51500000000001 80.560000000000016 170.14000000000001 37.850000000000001 125.27000000000002 44.959999999999987 82.89166666666668 2.5000000000000004 36.660000000000004 93.886666666666684 0.60355339059327384 28.935000000000006 17.315000000000001 60.300000000000004 70.180000000000021 69.110000000000014 0.78656609248549303 0.60355339059327384 0.78656609248549325 20.110000000000003 78.155000000000015 0.37940952255126048 0.37940952255126054 52.326666666666675 193.81500000000003 22.500000000000004 20.535000000000004 2.5000000000000004
decision_type=2 2 2 2 2 2 2 2 2 2 2 2 2 2 2 2 2 2 2 2 2 2 2 2 2 2 2 2 2 2
left_child=1 5 6 10 8 14 15 21 -4 23 24 19 29 22 -1 -2 -8 20 25 -6 -9 -5 -11 -7 28 -12 -13 -16 -3 -10
right_child=2 3 4 7 11 9 16 17 12 13 18 26 -14 -15 27 -17 -18 -19 -20 -21 -22 -23 -24 -25 -26 -27 -28 -29 -30 -31
leaf_value=-0.66732816398143768 0.038450870797859409 -0.28477791639885347 0.33343138116321486 -0.19536769198519843 0.42160668315425998 -0.13109257591347542 0.16529094146357642 -0.06775525179881195 0.51285756207604449 -0.39295388672155207 -0.1686714592602892 0.59454040911238071 0.34963768975602255 -0.33626737820289088 -0.55031630035306589 0.14866757510977538 0.29070299691520635 0.11344453866082815 -0.26091256774115296 0.5801040451678019 0.056706742875810179 -0.091668027385189019 -0.5520384385779098 -0.30092226205036998 -0.21070819820422645 -0.0099897649267624167 0.77117960739135749 -0.41820340379271459 -0.47359982246444343 0.4106672327204417
leaf_weight=28 127 82 237 112 62 31 72 393 131 97 260 118 90 289 61 147 176 31 88 63 56 146 37 94 109 29 25 93 21 93
leaf_count=28 127 82 237 112 62 31 72 393 131 97 260 118 90 289 61 147 176 31 88 63 56 146 37 94 109 29 25 93 21 93
internal_value=-1.46406e-10 -0.222553 0.34138 -0.134566 0.449314 -0.382495 0.172035 -0.074797 0.391773 -0.3432 -0.209455 0.567617 0.435808 -0.36814 -0.50081 0.0975817 0.254293 -0.0415322 -0.177996 0.501489 -0.0522322 -0.136685 -0.43688 -0.258804 -0.265399 -0.152748 0.625421 -0.470534 -0.323276 0.47043
internal_weight=3398 2057 1341 1327 819 730 522 738 551 548 589 268 314 423 182 274 248 480 377 125 449 258 134 125 212 289 143 154 103 224
internal_count=3398 2057 1341 1327 819 730 522 738 551 548 589 268 314 423 182 274 248 480 377 125 449 258 134 125 212 289 143 154 103 224
is_linear=0
shrinkage=0.05


Tree=27
num_leaves=31
num_cat=0
split_feature=2 2 2 2 23 2 2 18 26 2 23 24 14 11 28 18 23 23 15 8 2 12 7 28 11 29 18 7 15 15
split_gain=93196.8 10451.6 8883.84 2209.44 1759.27 1526.98 1191.96 560.611 469.265 439.43 436.729 383.592 372.492 352.354 335.58 310.111 300.251 280.465 266.834 255.322 238.688 229.835 224.43 230.155 223.557 218.274 212.732 207.421 205.875 201.601
threshold=107.01000000000002 62.250000000000007 146.01500000000001 80.560000000000016 66.14500000000001 170.14000000000001 35.650000000000013 49.395000000000003 38.491666666666681 134.78000000000003 59.225000000000009 98.391666666666666 0.91597561503675362 8.5000000000000018 88.93562500000003 28.775000000000002 37.790000000000006 35.355000000000011 0.60355339059327384 1013.4350000000001 123.605 1.5000000000000002 62.645000000000003 89.417916666666684 13.500000000000002 8.6826264483296285 27.860000000000003 79.980000000000004 0.78656609248549303 0.37940952255126048
decision_type=2 2 2 2 2 2 2 2 2 2 2 2 2 2 2 2 2 2 2 2 2 2 2 2 2 2 2 2 2 2
left_child=1 6 4 10 20 14 16 17 12 -6 15 22 -8 -9 18 -3 26 -5 -4 28 25 -19 23 -7 -13 -2 27 -1 -17 -16
right_child=2 3 5 7 9 11 8 13 -10 -11 -12 24 -14 -15 29 19 -18 21 -20 -21 -22 -23 -24 -25 -26 -27 -28 -29 -30 -31
leaf_value=-0.50574659704066371 0.12474030818451534 -0.30129651496043575 0.37230620367281364 -0.20039279232215554 0.20155737815015928 0.47270439656244384 -0.38336155870985977 0.065917685037164622 -0.26132912761475668 0.30769516465013791 0.013610021834788117 0.69637415981292727 -0.25401918031553283 -0.052746157787234238 0.48906088242627155 -0.20235292608626027 -0.30819419570267204 -0.016478367067443638 0.22428474081414085 -0.15208589014730284 0.15143250844973541 -0.11474187576260225 0.43922954599062608 0.61443611168470547 0.5051097468896345 0.0015797994789094308 -0.41193605893188057 -0.66357829888661701 -0.30441754845872759 0.38157833524239371
leaf_weight=68 55 78 234 72 205 54 329 83 166 186 23 50 67 254 99 229 20 78 35 210 77 251 81 61 22 104 36 30 63 78
leaf_count=68 55 78 234 72 205 54 329 83 166 186 23 50 67 254 99 229 20 78 35 210 77 251 81 61 22 104 36 30 63 78
internal_value=-7.49882e-11 -0.211425 0.324311 -0.12907 0.186979 0.444909 -0.365667 -0.0710571 -0.331897 0.252047 -0.200072 0.539236 -0.361478 -0.0235203 0.388228 -0.208545 -0.488907 -0.111007 0.353047 -0.194134 0.0791751 -0.0914454 0.502981 0.547884 0.637932 0.0441825 -0.515879 -0.554062 -0.224374 0.441696
internal_weight=3398 2057 1341 1341 627 714 716 738 562 391 603 268 396 337 446 580 154 401 269 502 236 329 196 115 72 159 134 98 292 177
internal_count=3398 2057 1341 1341 627 714 716 738 562 391 603 268 396 337 446 580 154 401 269 502 236 329 196 115 72 159 134 98 292 177
is_linear=0
shrinkage=0.05


Tree=28
num_leaves=31
num_cat=0
split_feature=2 2 2 2 2 24 24 2 18 28 24 2 15 14 18 24 28 16 28 7 12 15 21 11 3 22 7 8 24 28
split_gain=84126 12146.1 4961 2380.25 1905.44 1025.71 878 503.764 500.58 480.37 437.87 365.772 364.321 363.243 355.137 323.22 321.982 305.004 282.104 289.725 266.577 329.99 256.083 254.05 243.762 240.738 231.638 228.268 220.287 214.13
threshold=118.36500000000002 74.065000000000012 154.65000000000003 49.205000000000005 95.335000000000022 74.88333333333334 93.886666666666684 17.315000000000001 44.095000000000006 48.200833333333343 55.880000000000003 188.22500000000002 0.60355339059327384 0.60355339059327384 22.500000000000004 80.845000000000013 41.670000000000009 4.219848405890481 31.042708333333334 75.635000000000005 2.5000000000000004 0.78656609248549303 29.060000000000006 10.500000000000002 24.945000000000004 32.855000000000011 65.155000000000015 1013.8050000000001 41.786666666666669 50.885833333333338
decision_type=2 2 2 2 2 2 2 2 2 2 2 2 2 2 2 2 2 2 2 2 2 2 2 2 2 2 2 2 2 2
left_child=1 3 5 7 10 17 13 -1 12 23 18 -8 16 -4 -9 -15 -5 24 -3 25 21 -7 -14 27 -2 -20 -22 -6 -27 -10
right_child=2 4 6 8 9 20 11 14 29 -11 -12 -13 22 15 -16 -17 -18 -19 19 -21 26 -23 -24 -25 -26 28 -28 -29 -30 -31
leaf_value=-0.60556623297078271 0.089181904708887025 -0.25497469466593531 0.35825720123628874 -0.25941169782769108 0.081887952327871549 0.44841357396458686 0.49310905138651534 -0.46650459925384863 -0.19505912570240802 0.055939955586266424 -0.01392083343464968 0.64961353912949571 -0.4796094683083621 0.36010604730359846 -0.3539778740171034 0.51673567432519651 -0.13332812203046318 0.30343187585953746 -0.16939121358001891 -0.20274875257544372 0.30874386831818013 0.27112718529444046 -0.3000582238804782 -0.097477595998101282 0.2041909851097061 -0.1389750424966216 0.21603656642865846 -0.093191290312799921 -0.055214805405375093 -0.0429284777891423
leaf_weight=28 117 45 211 258 52 53 168 97 133 266 86 48 22 51 253 93 63 31 118 98 149 52 204 110 76 125 123 29 211 28
leaf_count=28 117 45 211 258 52 53 168 97 133 266 86 48 22 51 253 93 63 31 118 98 149 52 204 110 76 125 123 29 211 28
internal_value=2.44411e-11 -0.18052 0.342864 -0.300183 -0.0665243 0.242594 0.448403 -0.40149 -0.246096 0.0125014 -0.119401 0.527888 -0.268905 0.40004 -0.385164 0.461263 -0.234666 0.157854 -0.134596 -0.124782 0.292944 0.360615 -0.317537 -0.0479943 0.13447 -0.107952 0.266821 0.0192053 -0.0863756 -0.168602
internal_weight=3398 2226 1172 1086 1140 601 571 378 708 457 683 216 547 355 350 144 321 224 597 552 377 105 226 191 193 454 272 81 336 161
internal_count=3398 2226 1172 1086 1140 601 571 378 708 457 683 216 547 355 350 144 321 224 597 552 377 105 226 191 193 454 272 81 336 161
is_linear=0
shrinkage=0.05


Tree=29
num_leaves=31
num_cat=0
split_feature=2 2 2 2 2 23 2 23 12 18 18 15 28 11 6 14 12 21 3 7 23 23 0 15 15 23 22 12 26 12
split_gain=76026.1 8562.31 7237.56 1709.46 1467.03 1266.35 1051.81 480.448 410.422 385.343 369.274 360.37 351.495 373.143 338.084 306.153 428.108 281.703 307.307 295.14 276.794 276.547 264.187 254.244 237.614 227.139 224.069 214.011 201.74 194.761
threshold=107.01000000000002 63.275000000000013 143.03500000000005 84.250000000000014 170.14000000000001 74.235000000000014 37.850000000000001 39.005000000000003 2.5000000000000004 40.745000000000012 60.620000000000012 0.60355339059327384 88.93562500000003 3.5000000000000004 31.925000000000004 -0.5 1.5000000000000002 56.250000000000007 21.935000000000006 72.63000000000001 87.330000000000013 34.735000000000007 16.023800000000005 0.78656609248549303 0.37940952255126048 61.935000000000009 45.725000000000009 3.5000000000000004 83.767500000000013 1.0000000180025095e-35
decision_type=2 2 2 2 2 2 2 2 2 2 2 2 2 2 2 2 2 2 2 2 2 2 2 2 2 2 2 2 2 2
left_child=1 6 5 9 12 10 21 -5 24 -3 -2 26 13 -4 20 -9 -17 18 19 -11 -6 -1 -13 27 -8 -18 -10 -7 -12 -15
right_child=2 3 4 7 14 23 8 15 11 17 28 22 -14 29 -16 16 25 -19 -20 -21 -22 -23 -24 -25 -26 -27 -28 -29 -30 -31
leaf_value=-0.46248451307312488 0.038326884011792788 -0.20873873794418096 0.10096229642629624 -0.14436755479017102 0.4153277416196135 0.35931484631772315 -0.095859675674000763 -0.085329318964533274 -0.29601825258592845 -0.15465908065898254 0.12529012314717539 -0.43513052898294791 0.39627770079397839 0.40799541462744982 0.42310398469800536 0.083530960078399219 -0.070903375989904524 -0.038313519232906407 -0.092837916379255703 -0.29771994071848251 0.57387167044684417 -0.31084331054436531 -0.30933429660593592 0.15525914664869592 -0.25318569713369166 0.04287400973676625 -0.15101467793186507 0.24023902525997345 0.29378202915191653 0.30410402936154401
leaf_weight=144 153 322 20 121 36 53 32 183 238 123 159 85 190 56 115 97 171 64 121 51 117 38 82 59 96 59 30 131 20 232
leaf_count=144 153 322 20 121 36 53 32 183 238 123 159 85 190 56 115 97 171 64 121 51 117 38 82 59 96 59 30 131 20 232
internal_value=1.04664e-11 -0.190958 0.292916 -0.114087 0.393556 0.158845 -0.326332 -0.0547958 -0.292554 -0.169025 0.0953638 -0.315711 0.342795 0.309802 0.48788 -0.0335445 -0.00456394 -0.133405 -0.154034 -0.196591 0.536567 -0.430823 -0.373362 0.245577 -0.213854 -0.041717 -0.279787 0.274538 0.144116 0.324305
internal_weight=3398 2057 1341 1312 766 575 745 631 563 681 332 435 498 308 268 510 327 359 295 174 153 182 167 243 128 230 268 184 179 288
internal_count=3398 2057 1341 1312 766 575 745 631 563 681 332 435 498 308 268 510 327 359 295 174 153 182 167 243 128 230 268 184 179 288
is_linear=0
shrinkage=0.05


Tree=30
num_leaves=31
num_cat=0
split_feature=2 2 2 2 2 23 24 2 19 2 18 12 15 18 14 18 14 15 28 12 11 26 15 7 25 28 20 14 6 26
split_gain=68652.9 10526.1 3597.94 2394.73 1510.11 739.931 615.961 585.85 467.305 406.209 373.391 353.018 458.602 327.785 351.182 298.042 296.469 279.669 361.889 240.756 263.95 245.169 230.214 228.967 214.278 227.832 213.453 203.561 217.976 201.925
threshold=120.74500000000002 77.225000000000009 158.10000000000005 54.465000000000011 101.24000000000002 70.115000000000009 81.043333333333337 31.995000000000005 61.570000000000007 193.81500000000003 45.500000000000007 2.5000000000000004 0.60355339059327384 52.185000000000009 0.60355339059327384 42.685000000000009 0.37940952255126054 0.78656609248549303 41.318750000000009 2.5000000000000004 3.5000000000000004 30.298333333333336 0.37940952255126048 78.570000000000007 3.2219973050716351 36.14916666666668 95.815000000000012 0.12940952255126045 29.375000000000004 94.44583333333334
decision_type=2 2 2 2 2 2 2 2 2 2 2 2 2 2 2 2 2 2 2 2 2 2 2 2 2 2 2 2 2 2
left_child=1 3 5 7 8 -2 -4 23 15 16 17 -7 -13 -6 -15 -3 29 18 22 -9 21 -21 -5 -1 -19 -26 -18 28 -17 -8
right_child=2 4 6 10 13 11 9 19 -10 -11 -12 12 -14 14 -16 27 26 24 -20 20 -22 -23 -24 -25 25 -27 -28 -29 -30 -31
leaf_value=-0.38940535050092473 0.13990364777208825 -0.14668859367656736 0.27347758024457902 -0.20453081248834526 -0.029968018229250038 0.34092933175612306 0.35083952029943472 -0.22919216326038755 0.041540371280897298 0.60414782251630517 -0.13089265208452558 0.27644627402244065 0.14863442775912267 0.035793854500469895 0.17036798085369495 -0.15581410414805372 0.45773489211734975 -0.41921983853630396 -0.12043707245960832 -0.52895598496709562 -0.3058621922621102 -0.34720292113044049 -0.31823935805420794 -0.5386055133491755 -0.4056808036565781 -0.22017574052830846 0.62193738317489622 -0.034095039947347326 -0.064264745657001784 0.43701671046148616
leaf_weight=72 144 213 63 217 107 126 125 70 66 35 156 277 94 163 69 112 95 23 110 28 255 55 56 40 20 96 25 182 155 149
leaf_count=72 144 213 63 217 107 126 125 70 66 35 156 277 94 163 69 112 95 23 110 28 255 55 56 40 20 96 25 182 155 149
internal_value=-4.87793e-10 -0.158953 0.317766 -0.260677 -0.0447397 0.239704 0.419467 -0.341397 -0.0853304 0.440906 -0.198768 0.26862 0.244063 0.0424284 0.0758181 -0.0979791 0.426405 -0.219052 -0.197004 -0.313591 -0.33107 -0.408517 -0.227856 -0.442691 -0.279802 -0.252159 0.491944 -0.074872 -0.102667 0.397702
internal_weight=3398 2265 1133 1198 1067 641 492 520 728 429 678 497 371 339 232 662 394 522 383 408 338 83 273 112 139 116 120 449 267 274
internal_count=3398 2265 1133 1198 1067 641 492 520 728 429 678 497 371 339 232 662 394 522 383 408 338 83 273 112 139 116 120 449 267 274
is_linear=0
shrinkage=0.05


Tree=31
num_leaves=31
num_cat=0
split_feature=24 2 2 2 2 2 2 18 11 12 18 28 26 12 18 3 2 28 15 15 15 10 24 6 6 3 2 27 9 12
split_gain=62028.4 8939.25 3749.86 1963.43 1565.05 819.169 743.78 460.687 422.523 405.218 343.584 334.737 300.884 293.186 288.089 272.728 271.093 263.325 262.752 230.742 228.271 227.146 247.766 291.775 287.992 219.074 210.352 208.66 201.422 199.452
threshold=64.081666666666663 72.085000000000008 152.18500000000003 101.24000000000002 49.205000000000005 124.39000000000001 178.89000000000001 45.120000000000012 4.5000000000000009 2.5000000000000004 34.415000000000006 31.448958333333334 84.080000000000013 2.5000000000000004 51.685000000000009 22.285000000000004 21.680000000000003 30.193333333333335 0.25881904510252057 0.60355339059327384 0.78656609248549303 320.14500000000004 89.925000000000026 33.315000000000005 27.935000000000006 27.305000000000003 90.785000000000011 7.2134448047765067 3.2650000000000001 5.5000000000000009
decision_type=2 2 2 2 2 2 2 2 2 2 2 2 2 2 2 2 2 2 2 2 2 2 2 2 2 2 2 2 2 2
left_child=1 4 5 7 8 -2 13 17 9 -1 25 29 19 18 -5 -16 -11 -3 -4 -7 27 22 -8 24 -24 -6 -9 -19 -15 -10
right_child=2 3 6 14 10 12 21 26 11 16 -12 -13 -14 28 15 -17 -18 20 -20 -21 -22 -23 23 -25 -26 -27 -28 -29 -30 -31
leaf_value=-0.26467424282213536 0.099261163574586031 -0.24483964454669219 0.42831659466545613 -0.020966717293012447 -0.27663581126922149 0.23587268974375108 0.37053922772407533 -0.093581895524321113 -0.37024925187568775 -0.57672216335932414 -0.18296600591178461 -0.19824514924624906 0.29015804862942729 0.43282256126403812 0.0227996471835385 0.13749791429549152 -0.40611231978982687 -0.073496077268294269 0.32118955279651445 0.13455485934952657 -0.21081302093807608 0.31692797288298613 0.44781283438205721 0.41762387102676768 0.66373442183149622 -0.1625680097177917 -0.023516668849841282 -0.15683069761901622 0.28673033011158344 -0.22842124686576426
leaf_weight=41 146 52 144 118 241 174 30 284 110 30 344 61 162 27 110 98 104 186 95 83 64 20 23 36 47 51 172 126 187 32
leaf_count=41 146 52 144 118 241 174 30 284 110 30 344 61 162 27 110 98 104 186 95 83 64 20 23 36 47 51 172 126 187 32
internal_value=1.70185e-10 -0.15521 0.294027 -0.0634447 -0.264713 0.201252 0.380098 -0.102123 -0.345288 -0.402223 -0.216825 -0.296206 0.236791 0.347672 0.0414377 0.0768402 -0.444309 -0.13938 0.385735 0.203151 -0.124795 0.474259 0.497396 0.533299 0.592789 -0.256713 -0.0671538 -0.10715 0.305163 -0.338288
internal_weight=3398 2224 1174 1210 1014 565 609 884 378 175 636 203 419 453 326 208 134 428 239 257 376 156 136 106 70 292 456 312 214 142
internal_count=3398 2224 1174 1210 1014 565 609 884 378 175 636 203 419 453 326 208 134 428 239 257 376 156 136 106 70 292 456 312 214 142
is_linear=0
shrinkage=0.05


Tree=32
num_leaves=31
num_cat=0
split_feature=0 2 2 2 2 15 24 2 20 19 12 2 15 28 21 3 7 22 14 23 28 22 7 29 7 12 21 27 2 18
split_gain=56031.2 8571.41 2931.06 1755.9 1625.14 684.487 525.874 479.396 433.713 398.569 355.703 343.766 341.573 400.584 310.974 294.951 292.589 468.458 261.544 216.113 215.272 205.295 198.651 195.223 190.139 187.774 185.722 185.484 201.046 182.209
threshold=23.844950000000004 75.50500000000001 158.10000000000005 54.465000000000011 103.50000000000001 0.78656609248549303 81.043333333333337 31.995000000000005 85.945000000000007 44.365000000000002 3.5000000000000004 193.81500000000003 0.60355339059327384 41.670000000000009 50.07500000000001 20.110000000000003 64.785000000000011 41.430000000000007 0.37940952255126054 40.335000000000008 44.737916666666671 33.625000000000007 78.570000000000007 9.769450931922238 51.895000000000003 2.5000000000000004 42.635000000000012 7.2134448047765067 90.785000000000011 51.685000000000009
decision_type=2 2 2 2 2 2 2 2 2 2 2 2 2 2 2 2 2 2 2 2 2 2 2 2 2 2 2 2 2 2
left_child=1 3 5 7 9 10 -4 22 -7 21 -2 18 13 -5 -14 20 17 24 -8 25 -6 -3 -1 -20 -11 -9 -18 28 -26 -17
right_child=2 4 6 12 15 8 11 19 -10 16 -12 -13 14 -15 -16 29 26 -19 23 -21 -22 -23 -24 -25 27 -27 -28 -29 -30 -31
leaf_value=-0.35070535186678176 0.3151881840916313 -0.18944074502939154 0.24397487790427275 -0.19151057884217043 -0.14596765040504664 0.086539972282036123 0.35837687251368799 -0.22321461495928099 0.23930271421947205 -0.14006054187193515 0.21976680309316496 0.54884759221758161 -0.27374978126895927 -0.084561306537832823 -0.1413747758323711 0.011354184215483459 -0.23806727418433066 0.038668362654745582 0.48699262364832469 -0.21261836206650031 0.024986846708750302 -0.10123351131064387 -0.48967758911661807 0.3454663418671664 -0.05197479015950001 -0.32061793095297147 -0.085871854399402564 -0.12278353220384036 0.14592623969628699 0.12799944497448038
leaf_weight=72 147 90 63 264 22 131 274 61 72 78 291 35 150 131 63 46 23 150 86 85 113 247 40 34 33 262 156 35 21 123
leaf_count=72 147 90 63 264 22 131 274 61 72 78 291 35 150 131 63 46 23 150 86 85 113 247 40 34 33 262 156 35 21 123
internal_value=2.58937e-10 -0.1436 0.287073 -0.241253 -0.0467195 0.216617 0.378867 -0.308709 0.140722 -0.0828313 0.251792 0.398676 -0.183562 -0.156041 -0.234597 0.0522317 -0.0543229 -0.0254656 0.385336 -0.283555 -0.0028724 -0.12479 -0.400338 0.446894 -0.083071 -0.302223 -0.105428 -0.0331252 0.0249867 0.0962498
internal_weight=3398 2265 1133 1128 1137 641 492 520 203 833 438 429 608 395 213 304 496 317 394 408 135 337 112 120 167 323 179 89 54 169
internal_count=3398 2265 1133 1128 1137 641 492 520 203 833 438 429 608 395 213 304 496 317 394 408 135 337 112 120 167 323 179 89 54 169
is_linear=0
shrinkage=0.05


Tree=33
num_leaves=31
num_cat=0
split_feature=2 2 2 2 2 23 24 18 19 12 15 14 18 15 22 26 8 24 18 14 6 2 18 19 3 21 21 12 7 26
split_gain=50622.8 7728.46 2642.75 1781.17 1076.1 576.972 461.96 451.933 371.202 348.583 400.142 319.835 297.126 293.272 335.699 261.357 242.918 241.068 233.194 287.068 222.406 210.813 198.546 195.51 195.853 281.463 264.178 192.419 182.244 175.991
threshold=120.74500000000002 77.225000000000009 159.53500000000003 54.465000000000011 101.24000000000002 70.115000000000009 81.043333333333337 22.500000000000004 62.920000000000009 2.5000000000000004 0.60355339059327384 0.37940952255126054 29.950000000000006 0.78656609248549303 32.855000000000011 99.697500000000005 1012.6050000000001 41.590000000000003 52.185000000000009 0.60355339059327384 21.495000000000001 21.680000000000003 97.490000000000023 54.360000000000007 21.165000000000003 47.305000000000007 44.475000000000001 1.5000000000000002 79.980000000000004 77.189166666666679
decision_type=2 2 2 2 2 2 2 2 2 2 2 2 2 2 2 2 2 2 2 2 2 2 2 2 2 2 2 2 2 2
left_child=1 3 5 7 8 -2 -4 21 13 -7 -11 15 20 14 27 -8 28 -16 -6 29 -5 -1 -13 24 25 26 -14 -3 -9 -20
right_child=2 4 6 12 18 9 11 16 -10 10 -12 22 23 -15 17 -17 -18 -19 19 -21 -22 -23 -24 -25 -26 -27 -28 -29 -30 -31
leaf_value=-0.51194791184819266 0.12080428818433449 -0.048993313431062481 0.22813838607885623 -0.095669387968686917 -0.026108126526820326 0.30377939878539606 0.32898374955120624 -0.28551559626460582 0.057189225699460389 0.23891743379215946 0.12175468223639907 0.39599442846245236 -0.19363938084597354 -0.16673695945129213 -0.10774107975279534 0.45631366591064304 -0.23036911069840535 -0.025381516923480375 0.0017537447807350844 0.14860263315663821 -0.25536863236515611 -0.34481359698233155 0.51976804667048992 -0.041047313618096146 -0.12254006880801172 -0.12500289379873061 -0.34188264690053005 -0.1744658918119967 -0.41553767458959068 0.13413946033725818
leaf_weight=23 145 44 55 26 107 132 227 147 51 293 97 81 131 90 123 49 212 320 132 69 135 105 54 37 200 110 39 100 33 31
leaf_count=23 145 44 55 26 107 132 227 147 51 293 97 81 131 90 123 49 212 320 132 69 135 105 54 37 200 110 39 100 33 31
internal_value=-1.94206e-10 -0.136494 0.272867 -0.223657 -0.0386283 0.209038 0.364226 -0.293273 -0.0728931 0.233548 0.209777 0.382437 -0.170265 -0.0826926 -0.0698067 0.351589 -0.266637 -0.0482488 0.0349552 0.0631181 -0.229579 -0.374846 0.445504 -0.151794 -0.16033 -0.187323 -0.227648 -0.136127 -0.309353 0.0269314
internal_weight=3398 2265 1133 1198 1067 667 466 520 728 522 390 411 678 677 587 276 392 443 339 232 161 128 135 517 480 280 170 144 180 163
internal_count=3398 2265 1133 1198 1067 667 466 520 728 522 390 411 678 677 587 276 392 443 339 232 161 128 135 517 480 280 170 144 180 163
is_linear=0
shrinkage=0.05


Tree=34
num_leaves=31
num_cat=0
split_feature=0 2 2 2 2 15 24 18 2 26 11 12 12 12 28 15 29 3 28 18 16 6 0 15 15 28 9 28 12 15
split_gain=45699.8 6986.76 2384.38 1529.57 1166.8 572.56 447.85 410.598 399.998 368.278 351.68 330.981 304.665 288.613 285.463 271.908 265.823 251.143 231.419 226.567 226.454 220.486 213.772 200.458 191.957 189.12 187.161 181.054 178.712 172.479
threshold=23.844950000000004 72.085000000000008 158.10000000000005 103.50000000000001 49.205000000000005 0.78656609248549303 89.925000000000026 45.120000000000012 193.81500000000003 84.080000000000013 4.5000000000000009 2.5000000000000004 3.5000000000000004 2.5000000000000004 31.448958333333334 0.60355339059327384 10.724027587331308 20.110000000000003 30.193333333333335 75.220000000000013 4.1538165778545411 31.080000000000002 16.023800000000005 0.78656609248549303 0.91597561503675351 44.737916666666671 3.3350000000000004 37.612500000000004 5.5000000000000009 0.78656609248549303
decision_type=2 2 2 2 2 2 2 2 2 2 2 2 2 2 2 2 2 2 2 2 2 2 2 2 2 2 2 2 2 2
left_child=1 4 5 7 10 12 19 18 -8 20 11 -1 -2 24 28 27 29 25 -3 -4 -7 26 -13 -20 -6 -5 -17 -15 -12 -9
right_child=2 3 6 17 13 9 8 16 -10 -11 14 22 -14 15 -16 21 -18 -19 23 -21 -22 -23 -24 -25 -26 -27 -28 -29 -30 -31
leaf_value=-0.2244295974148483 0.28655527107113477 -0.21533654094585836 0.13284021798859943 -0.13801436668092557 -0.10479252976464465 0.036089478730627893 0.362003029500854 -0.027320352427295459 0.55763127886015795 0.20406334588582489 -0.32113538699901922 -0.42214994960848023 0.19824455940609487 -0.21704084394872189 -0.1615561076195636 -0.16587019718828655 -0.15961441880847582 0.08757287921857905 -0.087850972983996273 0.30297632858493911 0.22103264549747112 -0.17317880491912366 -0.27402698067016901 -0.18473613247042522 -0.22340030978123349 0.022219674984833834 -0.33199698550372642 -0.13812474262477922 -0.18688371009193361 -0.11827505127216378
leaf_weight=41 147 53 22 22 141 96 264 397 29 87 110 102 291 150 61 21 51 169 322 177 20 50 32 64 45 113 88 141 32 60
leaf_count=41 147 53 22 22 141 96 264 397 29 87 110 102 291 150 61 21 51 169 322 177 20 50 32 64 45 113 88 141 32 60
internal_value=-6.54956e-11 -0.129687 0.259259 -0.0506256 -0.227227 0.195712 0.342052 -0.0819503 0.381366 0.126299 -0.296799 -0.348742 0.227883 -0.185878 -0.25202 -0.207533 -0.0513445 0.046955 -0.117367 0.284167 0.0679762 -0.260113 -0.386777 -0.103915 -0.133488 -0.00389254 -0.299991 -0.178803 -0.290881 -0.0392619
internal_weight=3398 2265 1133 1251 1014 641 492 947 293 203 378 175 438 636 203 450 508 304 439 199 116 159 134 386 186 135 109 291 142 457
internal_count=3398 2265 1133 1251 1014 641 492 947 293 203 378 175 438 636 203 450 508 304 439 199 116 159 134 386 186 135 109 291 142 457
is_linear=0
shrinkage=0.05


Tree=35
num_leaves=31
num_cat=0
split_feature=2 2 2 2 2 28 28 7 24 23 14 21 19 6 2 11 3 19 18 14 26 2 10 17 7 20 11 7 11 11
split_gain=41314.6 6308.93 2142.92 1685.3 728.946 501.286 482.262 406.862 389.14 329.496 315.59 292.29 288.953 277.105 238.977 228.244 224.187 223.629 209.164 194.606 188.543 187.832 267.817 247.38 178.952 178.949 185.152 187.811 210.453 175.303
threshold=120.74500000000002 79.63000000000001 159.53500000000003 58.985000000000007 103.50000000000001 38.380625000000009 83.171250000000001 78.570000000000007 81.940000000000012 27.98 0.25881904510252091 47.440000000000005 62.920000000000009 33.315000000000005 134.78000000000003 4.5000000000000009 18.405000000000005 43.175000000000004 20.655000000000005 0.60355339059327384 77.189166666666679 175.37000000000003 299.59500000000008 0.75842142446684502 80.815000000000012 29.045000000000005 20.500000000000004 52.210000000000008 11.500000000000002 3.5000000000000004
decision_type=2 2 2 2 2 2 2 2 2 2 2 2 2 2 2 2 2 2 2 2 2 2 2 2 2 2 2 2 2 2
left_child=1 3 6 5 9 7 14 18 -4 -3 11 16 25 21 -2 -16 -5 -12 -1 20 -6 23 -23 -10 -8 -11 27 28 -27 -7
right_child=2 4 8 10 19 29 24 -9 13 12 17 -13 -14 -15 15 -17 -18 -19 -20 -21 -22 22 -24 -25 -26 26 -28 -29 -30 -31
leaf_value=-0.33975476945979871 0.10912839519706639 -0.25571637637680394 0.21426183375297114 -0.17256290932008822 -0.010076808582031818 -0.23946042441416024 0.26217831910645228 -0.38535914827795592 0.41767559444904329 -0.16977339763726507 -0.1265491300404234 -0.11352166557476984 0.05496215603003899 0.29948573603198447 0.06205917389597744 0.20510144552391898 -0.27808998153693437 -0.022085174151227325 -0.24166785553152295 0.099438306676981225 0.12618990751604239 0.46142647870037018 0.26466519295104912 0.26650952485910917 0.14916425130352201 -0.02648109433156523 -0.13433816061902143 -0.027164886998096271 -0.15937335645923248 -0.14763921429490987
leaf_weight=69 165 20 64 186 165 102 211 85 50 35 184 152 60 174 32 217 69 71 256 91 30 98 21 59 42 55 63 401 65 106
leaf_count=69 165 20 64 186 165 102 211 85 50 35 184 152 60 174 32 217 69 71 256 91 30 98 21 59 42 55 63 401 65 106
internal_value=-4.28986e-11 -0.123308 0.246507 -0.196511 -0.0281816 -0.25589 0.189031 -0.287965 0.328774 -0.055695 -0.141077 -0.168403 -0.0498034 0.347005 0.155795 0.186719 -0.201117 -0.0974631 -0.262492 0.0390626 0.0108873 0.38327 0.426704 0.335852 0.243417 -0.0599584 -0.053377 -0.043587 -0.0984644 -0.192667
internal_weight=3398 2265 1133 1280 985 618 667 410 466 699 662 407 679 402 414 249 255 255 325 286 195 228 119 109 253 619 584 521 120 208
internal_count=3398 2265 1133 1280 985 618 667 410 466 699 662 407 679 402 414 249 255 255 325 286 195 228 119 109 253 619 584 521 120 208
is_linear=0
shrinkage=0.05


Tree=36
num_leaves=31
num_cat=0
split_feature=24 2 2 2 28 11 2 2 7 3 24 28 15 3 3 15 12 28 28 26 2 10 24 6 11 10 12 6 12 15
split_gain=37343.8 5375.1 2278.88 1353.04 752.1 605.523 514.434 483.933 324.275 307.027 323.764 279.751 370.622 293.521 258.578 239.787 225.344 225.049 208.763 208.549 198.955 190.685 192.924 188.456 184.341 183.352 192.369 176.099 207.309 167.735
threshold=64.081666666666663 67.585000000000022 152.18500000000003 95.335000000000022 37.32104166666668 4.5000000000000009 124.39000000000001 178.89000000000001 67.075000000000017 22.285000000000004 50.239999999999988 41.555000000000007 0.78656609248549303 22.585000000000004 26.545000000000005 0.60355339059327384 2.5000000000000004 44.526875000000011 87.691458333333344 84.330833333333345 21.680000000000003 320.14500000000004 95.458333333333343 30.515000000000004 13.500000000000002 291.53500000000003 5.5000000000000009 31.295000000000005 2.5000000000000004 0.37940952255126048
decision_type=2 2 2 2 2 2 2 2 2 2 2 2 2 2 2 2 2 2 2 2 2 2 2 2 2 2 2 2 2 2
left_child=1 4 6 11 5 20 -2 15 -6 17 -11 13 -13 23 25 16 -4 -5 -17 -8 -1 22 -9 29 -24 26 -7 28 -10 -3
right_child=2 3 7 9 8 14 19 21 27 10 -12 12 -14 -15 -16 18 -18 -19 -20 -21 -22 -23 24 -25 -26 -27 -28 -29 -30 -31
leaf_value=-0.46325216334441621 0.074991610169742415 -0.17135879975110294 0.32476575425218629 -0.087711352200971704 -0.10139544676219187 -0.28604037882076144 0.15639347554148678 0.33195514224970074 -0.16405059779975928 -0.0084687206266528883 0.1211919022147719 -0.046041670006068333 -0.1514177510950053 -0.075717732487361383 -0.12753096964107669 0.048440717011690143 0.24772018481483113 0.0082704965005579757 0.23802606408607285 0.22908704322909224 -0.31603482325519017 0.22703830048441889 0.51462045547574065 -0.09356727874049775 0.34597102518265066 -0.15642700777947904 -0.17127156443893909 -0.12048989026496809 -0.26028327677218666 -0.31094045318090002
leaf_weight=29 146 125 184 90 130 177 260 67 102 92 101 379 107 162 59 20 196 190 53 159 110 20 43 65 26 50 46 60 124 26
leaf_count=29 146 125 184 90 130 177 260 67 102 92 101 379 107 162 59 20 196 190 53 159 110 20 43 65 26 50 46 60 124 26
internal_value=1.61296e-11 -0.12043 0.22814 -0.0571169 -0.215863 -0.259133 0.155816 0.295238 -0.166873 0.0108639 0.0593848 -0.0943333 -0.0692418 -0.126594 -0.22245 0.269082 0.285026 -0.0225808 0.186085 0.183979 -0.346749 0.37119 0.392389 -0.164751 0.451071 -0.242963 -0.262366 -0.196635 -0.216851 -0.195393
internal_weight=3398 2224 1174 1337 887 471 565 609 416 473 193 864 486 378 332 453 380 280 73 419 139 156 136 216 69 273 223 286 226 151
internal_count=3398 2224 1174 1337 887 471 565 609 416 473 193 864 486 378 332 453 380 280 73 419 139 156 136 216 69 273 223 286 226 151
is_linear=0
shrinkage=0.05


Tree=37
num_leaves=31
num_cat=0
split_feature=24 2 2 2 2 2 24 18 19 28 15 2 19 11 23 14 21 3 3 12 7 28 15 6 24 4 2 14 21 27
split_gain=33702.7 4856.45 2056.69 1053.22 882.197 478.076 441.667 278.559 276.672 267.794 294.654 215.925 187.035 182.185 180.209 177.967 190.247 176.129 170.994 163.679 162.39 187.212 220.259 157.544 156.756 156.166 161.55 152.047 181.95 207.455
threshold=64.081666666666663 72.085000000000008 152.18500000000003 100.81500000000001 49.205000000000005 134.78000000000003 98.391666666666666 45.120000000000012 25.175000000000004 51.625416666666673 0.60355339059327384 178.89000000000001 78.91500000000002 13.500000000000002 38.045000000000009 0.25881904510252091 92.215000000000018 22.135000000000002 22.285000000000004 2.5000000000000004 52.210000000000008 36.913125000000008 0.78656609248549303 22.965000000000003 50.239999999999988 4.0650000000000004 159.53500000000003 0.12940952255126045 50.335000000000008 5.1617442121854795
decision_type=2 2 2 2 2 2 2 2 2 2 2 2 2 2 2 2 2 2 2 2 2 2 2 2 2 2 2 2 2 2
left_child=1 4 5 7 8 12 11 17 23 10 19 15 -2 -8 -10 16 25 20 -5 -6 -3 -22 -23 -1 -20 -4 -27 28 -9 -30
right_child=2 3 6 18 9 -7 13 27 14 -11 -12 -13 -14 -15 -16 -17 -18 -19 24 -21 21 22 -24 -25 -26 26 -28 -29 29 -31
leaf_value=-0.24646098749904799 0.070401405061905592 -0.21808237960643095 0.25863715651082914 -0.0030173397407327832 -0.081460069334850865 0.19171515441490244 0.41688312042555586 -0.11597743594358045 -0.24753527818939514 -0.024720527620187827 -0.21209240949720934 0.32484760858046202 0.15934623560804706 0.28188291772415769 -0.14648873559120348 0.28277593198494461 0.26298161766802275 -0.069426633121407372 0.006628130072106918 -0.15851527097549711 -0.20476894266470227 -0.048854840197161124 -0.18916003876610807 -0.35309331496787627 0.11168029239808007 0.047966807358192677 0.18994471802577084 -0.010920071496717249 -0.12167106292983319 0.004718146473169327
leaf_weight=58 180 46 36 190 91 297 73 124 175 35 226 103 88 38 59 167 108 194 60 284 43 106 38 86 87 33 51 170 47 105
leaf_count=58 180 46 36 190 91 297 73 124 175 35 226 103 88 38 59 167 108 194 60 284 43 106 38 86 87 33 51 170 47 105
internal_value=-2.286e-11 -0.114408 0.216733 -0.0467706 -0.19512 0.148025 0.280476 -0.0757538 -0.255614 -0.159166 -0.166995 0.260373 0.0996072 0.370667 -0.222058 0.243561 0.214838 -0.104619 0.0283103 -0.139817 -0.133921 -0.113218 -0.0858798 -0.310144 0.0688019 0.171509 0.134168 -0.0481183 -0.0710302 -0.0343627
internal_weight=3398 2224 1174 1210 1014 565 609 873 378 636 601 498 268 111 234 395 228 427 337 375 233 187 144 144 147 120 84 446 276 152
internal_count=3398 2224 1174 1210 1014 565 609 873 378 636 601 498 268 111 234 395 228 427 337 375 233 187 144 144 147 120 84 446 276 152
is_linear=0
shrinkage=0.05


Tree=38
num_leaves=31
num_cat=0
split_feature=2 2 2 2 19 14 28 7 24 24 20 23 14 14 2 3 8 18 26 14 28 21 18 2 29 29 18 3 21 12
split_gain=30460.1 4678.85 1570.09 1257.82 549.45 403.363 387.326 335.924 329.844 327.924 295.924 278.123 260.59 246.382 231.025 216.168 196.644 189.235 187.892 182.35 179.78 173.242 169.993 169.16 155.202 171.512 154.614 154.512 169.646 150.906
threshold=120.74500000000002 79.63000000000001 158.10000000000005 58.985000000000007 44.365000000000002 0.60355339059327384 38.380625000000009 78.570000000000007 80.845000000000013 74.88333333333334 57.610000000000007 59.225000000000009 0.25881904510252091 0.25881904510252091 195.74500000000003 18.405000000000005 1014.2750000000001 30.845000000000002 84.080000000000013 0.37940952255126054 40.737708333333337 55.635000000000012 20.655000000000005 87.920000000000002 9.769450931922238 7.9883607730427295 53.385000000000012 21.795000000000005 48.120000000000012 1.5000000000000002
decision_type=2 2 2 2 2 2 2 2 2 2 2 2 2 2 2 2 2 2 2 2 2 2 2 2 2 2 2 2 2 2
left_child=1 3 9 6 -3 10 7 22 -4 -2 -6 13 18 15 19 21 20 -17 -11 -10 -15 -5 -1 -12 25 -21 29 28 -19 -7
right_child=2 4 8 11 5 26 -8 -9 14 12 23 -13 -14 16 -16 17 -18 27 -20 24 -22 -23 -24 -25 -26 -27 -28 -29 -30 -31
leaf_value=-0.29491862446285677 0.10699077069293708 -0.080794565534683241 0.16685766841702421 -0.1446800444984899 -0.051484780613062602 0.13849028835073116 -0.16464295613830193 -0.33690851185251686 0.26227446906952906 0.11167026609778404 -0.096357822532837215 0.058023314674695341 0.2426687267826016 -0.17342473808198403 0.44802174166492792 -0.35027774923481048 -0.022952865425031634 -0.3056618062226335 0.19119799107267355 0.29663251001150054 -0.068007503090692423 -0.0359665444423986 -0.20649194710422308 0.039175792263857839 0.24155562252682797 0.42903519044904148 0.12237535210541002 -0.094361560941483319 -0.12763535279942595 -0.022287884037251827
leaf_weight=69 200 297 58 248 310 20 208 85 279 125 26 21 133 78 23 20 80 32 183 47 84 43 256 201 34 51 77 33 23 54
leaf_count=69 200 297 58 248 310 20 208 85 279 125 26 21 133 78 23 20 80 32 183 47 84 43 256 201 34 51 77 33 23 54
internal_value=-6.4962e-11 -0.105878 0.211662 -0.168918 -0.0239574 0.000578359 -0.220217 -0.248411 0.278846 0.160095 -0.019723 -0.121029 0.184179 -0.126895 0.293812 -0.151036 -0.0870909 -0.211447 0.158922 0.285182 -0.118764 -0.128616 -0.225266 0.0236521 0.333602 0.365536 0.0727759 -0.179895 -0.231214 0.0211657
internal_weight=3398 2265 1133 1280 985 688 618 410 492 641 537 662 441 641 434 399 242 108 308 411 162 291 325 227 132 98 151 88 55 74
internal_count=3398 2265 1133 1280 985 688 618 410 492 641 537 662 441 641 434 399 242 108 308 411 162 291 325 227 132 98 151 88 55 74
is_linear=0
shrinkage=0.05


Tree=39
num_leaves=31
num_cat=0
split_feature=24 2 2 2 2 2 24 24 3 18 12 15 25 15 22 7 22 7 7 5 11 6 25 11 21 19 25 23 15 26
split_gain=27508.3 3964.82 1676.35 1142.92 491.673 397.571 381.659 306.681 293.149 286.522 239.088 234.547 308.979 208.311 258.608 193.869 229.545 193.476 231.823 188.788 181.713 174.028 160.568 158.899 157.411 156.708 155.551 151.641 146.954 148.868
threshold=64.081666666666663 64.925000000000011 152.18500000000003 90.785000000000011 35.650000000000013 134.78000000000003 96.983333333333334 46.924999999999997 23.155000000000005 30.195000000000004 2.5000000000000004 0.60355339059327384 3.1254892462981285 0.78656609248549303 35.740000000000002 78.305000000000021 74.450000000000017 62.925000000000004 60.055000000000007 182.83500000000004 13.500000000000002 26.815000000000001 5.0467773821242607 19.500000000000004 50.07500000000001 78.91500000000002 4.8403907995721704 37.790000000000006 0.91597561503675351 84.330833333333345
decision_type=2 2 2 2 2 2 2 2 2 2 2 2 2 2 2 2 2 2 2 2 2 2 2 2 2 2 2 2 2 2
left_child=1 4 5 9 27 25 15 23 -9 26 24 -12 -13 14 -11 16 -4 18 -16 -19 -8 -14 -18 -5 -6 -2 -3 -1 29 -7
right_child=2 3 6 7 10 28 20 8 -10 13 11 12 21 -15 17 -17 22 19 -20 -21 -22 -23 -24 -25 -26 -27 -28 -29 -30 -31
leaf_value=-0.2918049956560691 0.062888005131648647 -0.087971297119344982 0.16402902234007011 -0.034948198678895571 -0.1461397004493496 0.15682816910943032 0.3699451519240593 -0.0047798509954092962 0.086180139661121827 -0.10910543169519758 -0.16256048424812569 -0.36510826531383728 -0.28085128036232626 -0.13849588016004075 -0.038054041115597625 0.13388911715668181 0.29548595504481007 -0.14933769663485388 0.094722174190812636 -0.044495954680324391 0.25509088804716601 -0.16724042817950249 0.22689095304123852 -0.16877453241210719 -0.024913940115698748 0.14430306017060171 -0.22020540799502833 -0.14421016613021495 0.083155979292515003 0.2346444743399573
leaf_weight=134 180 35 77 151 114 157 87 278 130 237 305 36 49 127 122 46 163 60 45 151 57 108 179 26 35 88 61 20 39 101
leaf_count=134 180 35 77 151 114 157 87 278 130 237 305 36 49 127 122 46 163 60 45 151 57 108 179 26 35 88 61 20 39 101
internal_value=-1.22842e-10 -0.103361 0.195805 -0.0532737 -0.192343 0.133775 0.253353 0.000357784 0.0242025 -0.0907133 -0.173231 -0.189856 -0.232993 -0.080197 -0.0681581 0.231327 0.242024 -0.0424848 -0.00227602 -0.0743088 0.324482 -0.202699 0.259584 -0.0546063 -0.117664 0.0896213 -0.171995 -0.272637 0.173617 0.187291
internal_weight=3398 2224 1174 1423 801 565 609 585 408 838 647 498 193 742 615 465 419 378 167 211 144 157 342 177 149 268 96 154 297 258
internal_count=3398 2224 1174 1423 801 565 609 585 408 838 647 498 193 742 615 465 419 378 167 211 144 157 342 177 149 268 96 154 297 258
is_linear=0
shrinkage=0.05


Tree=40
num_leaves=31
num_cat=0
split_feature=2 2 2 2 28 28 28 24 7 23 7 14 14 19 22 2 3 14 19 8 28 15 22 18 17 28 25 22 5 7
split_gain=24867.8 3814.56 1292.65 1036.86 453.561 333.286 312.31 288.396 287.622 239.965 236.52 217.528 209.467 207.918 202.077 191.503 187.089 176.803 194.659 174.764 177.563 163.513 256.626 162.667 160.242 156.945 150.537 168.06 146.117 164.218
threshold=120.74500000000002 79.63000000000001 159.53500000000003 58.985000000000007 48.200833333333343 38.380625000000009 83.171250000000001 81.043333333333337 78.570000000000007 59.225000000000009 64.165000000000006 0.25881904510252091 0.37940952255126054 71.375000000000014 32.855000000000011 190.02000000000001 18.405000000000005 0.25881904510252091 44.365000000000002 1013.8050000000001 41.555000000000007 0.60355339059327384 61.055000000000007 30.845000000000002 4.1928803350905239 49.716250000000009 3.94730582869362 97.930000000000021 150.05500000000004 50.480000000000011
decision_type=2 2 2 2 2 2 2 2 2 2 2 2 2 2 2 2 2 2 2 2 2 2 2 2 2 2 2 2 2 2
left_child=1 3 6 5 10 8 21 -4 28 11 14 16 15 17 -3 -9 24 -6 -19 20 -13 22 -2 -18 25 -5 27 -8 -1 -30
right_child=2 4 7 9 13 -7 26 12 -10 -11 -12 19 -14 -15 -16 -17 23 18 -20 -21 -22 -23 -24 -25 -26 -27 -28 -29 29 -31
leaf_value=-0.079479231363670397 0.065399910233328848 -0.079343662039101343 0.14761709438128906 -0.11549057034997345 -0.024508793593896003 -0.1476107833385378 0.20577822313518138 0.23142307353654945 -0.30720391157357135 0.057209329874742601 -0.10737893529412512 -0.16220094447283523 0.32056982304211018 0.10170922852515923 -0.0032961551206686954 0.37653593213856223 -0.32215690433979038 -0.071293752789497386 0.070423619906114981 -0.023839511091206619 -0.052416825278297718 0.063435938479188755 0.16557421899741179 -0.16418660482476383 -0.22193865997251125 0.021336881362873577 0.16071899105624865 0.36913439631462097 -0.10189256491760412 -0.22513485297478819
leaf_weight=22 89 142 55 236 253 208 74 251 85 21 148 79 135 59 227 25 20 30 126 94 69 98 227 88 32 23 159 20 30 273
leaf_count=22 89 142 55 236 253 208 74 251 85 21 148 79 135 59 227 25 20 30 126 94 69 98 227 88 32 23 159 20 30 273
internal_value=1.77632e-10 -0.0956661 0.191248 -0.152587 -0.0216979 -0.199163 0.146608 0.255143 -0.225316 -0.109107 -0.0539789 -0.114556 0.269532 0.013963 -0.032561 0.244567 -0.13724 0.00130523 0.0431703 -0.0771552 -0.111018 0.119862 0.137361 -0.19344 -0.116382 -0.10334 0.190374 0.240535 -0.203899 -0.212933
internal_weight=3398 2265 1133 1280 985 618 667 466 410 662 517 641 411 468 369 276 399 409 156 242 148 414 316 108 291 259 253 94 325 303
internal_count=3398 2265 1133 1280 985 618 667 466 410 662 517 641 411 468 369 276 399 409 156 242 148 414 316 108 291 259 253 94 325 303
is_linear=0
shrinkage=0.05


Tree=41
num_leaves=31
num_cat=0
split_feature=2 2 2 2 19 14 26 28 15 7 20 19 14 2 3 25 22 25 24 3 29 8 28 28 7 24 6 6 15 22
split_gain=22443.2 3442.64 1166.62 935.764 419.45 324.331 304.153 281.86 263.523 229.846 223.374 218.164 228.825 208.533 208.148 192.101 209.108 227.244 187.253 163.434 159.533 249.102 179.043 157.407 148.854 200.374 148.483 165.669 147.57 231.605
threshold=120.74500000000002 79.63000000000001 159.53500000000003 58.985000000000007 44.365000000000002 0.60355339059327384 38.134166666666673 83.171250000000001 0.60355339059327384 83.710000000000022 57.610000000000007 57.280000000000008 0.25881904510252091 195.74500000000003 18.405000000000005 5.0467773821242607 75.385000000000019 2.3816715812021534 18.341666666666676 22.135000000000002 10.883019000667804 1013.8050000000001 42.869583333333345 49.716250000000009 73.875000000000014 40.166666666666664 34.685000000000009 20.475000000000005 0.60355339059327384 61.055000000000007
decision_type=2 2 2 2 2 2 2 2 2 2 2 2 2 2 2 2 2 2 2 2 2 2 2 2 2 2 2 2 2 2
left_child=1 3 7 6 -3 10 9 28 13 18 26 12 14 15 23 16 -4 -18 -1 -20 21 22 -14 -5 25 -8 27 -6 29 -2
right_child=2 4 8 11 5 -7 24 -9 -10 -11 -12 -13 20 -15 -16 -17 17 -19 19 -21 -22 -23 -24 -25 -26 -27 -28 -29 -30 -31
leaf_value=-0.28137348634501297 0.062129913952745752 -0.070273147601052577 0.1552002718815437 -0.12220456433830827 0.084029608303681017 0.065564038560553053 0.045654906053096057 0.1808552018576578 0.143630894210379 -0.34429995479254893 0.020305236778529731 0.047641346052936885 -0.14662593757733702 0.40642100667411629 -0.19357952216680413 0.21539450790913067 0.20634717009961606 0.34518206597588558 -0.2145469611676942 -0.14941860727701314 -0.18188334315501412 0.011900104388094895 -0.031246264946871789 0.011580995718638104 -0.1747150499643623 -0.13468354519803163 0.077262971582620049 -0.065167714443322866 0.060264141207598911 0.15729550784576832
leaf_weight=60 89 297 26 262 20 151 24 253 59 29 227 23 80 22 104 207 40 112 224 169 29 82 58 24 69 43 23 267 98 227
leaf_count=60 89 297 26 262 20 151 24 253 59 29 227 23 80 22 104 207 40 112 224 169 29 82 58 24 69 43 23 267 98 227
internal_value=-2.0348e-10 -0.0908828 0.181685 -0.144958 -0.020613 0.000824592 -0.189205 0.139277 0.242385 -0.207837 -0.0173796 -0.103652 -0.109097 0.256701 -0.133005 0.248146 0.286233 0.308647 -0.199101 -0.18654 -0.0716513 -0.0571207 -0.098133 -0.110978 -0.123169 -0.0700847 -0.0449746 -0.0547707 0.113868 0.130493
internal_weight=3398 2265 1133 1280 985 688 618 667 466 482 537 662 639 407 390 385 178 152 453 393 249 220 138 286 136 67 310 287 414 316
internal_count=3398 2265 1133 1280 985 688 618 667 466 482 537 662 639 407 390 385 178 152 453 393 249 220 138 286 136 67 310 287 414 316
is_linear=0
shrinkage=0.05


Tree=42
num_leaves=31
num_cat=0
split_feature=2 2 2 24 2 24 22 15 24 7 12 2 11 23 23 19 28 21 24 14 25 11 23 12 14 29 2 4 10 8
split_gain=20288.8 2318.27 2070.44 608.595 475.051 334.082 304.076 274.243 272.475 263.375 224.138 221.008 200.635 203.826 203.247 193.498 191.504 185.276 179.578 186.416 190.338 159.445 158.313 170.266 156.915 155.66 148.713 151.676 145.894 145.79
threshold=106.37500000000001 62.250000000000007 137.42000000000002 95.053333333333356 84.250000000000014 31.10166666666667 69.110000000000014 0.60355339059327384 82.745000000000019 78.570000000000007 2.5000000000000004 183.30000000000004 20.500000000000004 39.225000000000009 44.065000000000005 57.280000000000008 37.131041666666675 91.445000000000007 46.579999999999998 0.60355339059327384 6.0607989013578285 1.5000000000000002 50.335000000000008 1.0000000180025095e-35 0.37940952255126054 9.5148712827355144 166.14000000000001 4.1850000000000014 113.24000000000002 1015.0950000000001
decision_type=2 2 2 2 2 2 2 2 2 2 2 2 2 2 2 2 2 2 2 2 2 2 2 2 2 2 2 2 2 2
left_child=1 5 8 6 15 9 -4 26 18 -1 12 24 13 -6 -14 21 -12 -9 -2 -20 -21 -3 23 -7 -5 -15 29 -28 -18 -8
right_child=2 4 3 11 10 22 7 17 -10 -11 16 -13 14 25 -16 -17 28 -19 19 20 -22 -23 -24 -25 -26 -27 27 -29 -30 -31
leaf_value=-0.18185057832560103 -0.061666909541236242 -0.17883961602461107 0.081528688641265043 0.2143566472719734 -0.067214751539249273 -0.039352041595813 0.1615001433871959 0.07972347373678082 0.16148084640277155 -0.28188969998858698 -0.18949907063334079 0.35125317280409768 0.025054396050316948 0.068856759429195502 -0.17775914933532477 0.033921482221734141 -0.11260856883457074 0.19393326515952747 0.036905769897566644 0.1638108015774864 0.041272547681416784 -0.086912135561838438 -0.022996009540344989 -0.15923448472241888 0.3544078612700105 -0.012054991156217599 0.33610866184745519 0.21792316611178897 -0.024535792986040608 0.24181638573988892
leaf_weight=280 32 51 80 120 63 33 205 87 66 86 27 61 21 137 30 31 65 60 256 73 56 628 28 289 24 105 35 121 170 78
leaf_count=280 32 51 80 120 63 33 205 87 66 86 27 61 21 137 30 31 65 60 256 73 56 628 28 289 24 105 35 121 170 78
internal_value=5.83413e-11 -0.0994387 0.150113 0.196155 -0.0603394 -0.171958 0.172967 0.18545 0.0670843 -0.205357 -0.0282859 0.271488 -0.00245382 0.0128953 -0.0942477 -0.0882395 -0.0633859 0.12634 0.0521439 0.0616035 0.110616 -0.0938169 -0.137032 -0.146948 0.237699 0.0337504 0.205243 0.244439 -0.0488963 0.183637
internal_weight=3398 2044 1354 871 1328 716 666 586 483 366 618 205 356 305 51 710 262 147 417 385 129 679 350 322 144 242 439 156 235 283
internal_count=3398 2044 1354 871 1328 716 666 586 483 366 618 205 356 305 51 710 262 147 417 385 129 679 350 322 144 242 439 156 235 283
is_linear=0
shrinkage=0.05


Tree=43
num_leaves=31
num_cat=0
split_feature=24 2 2 2 2 24 2 11 12 23 5 28 18 7 21 12 3 6 16 10 23 12 17 15 20 22 24 9 7 3
split_gain=18341.1 2635.97 1123.05 614.284 517.109 290.412 272.039 229.285 227.63 207.485 205.599 192.429 187.634 187.571 182.479 168.187 252.67 283.402 217.419 196.768 168.8 167.471 151.956 146.127 198.693 182.052 145.965 140.257 139.901 139.882
threshold=64.081666666666663 72.085000000000008 152.18500000000003 100.81500000000001 48.530000000000008 98.391666666666666 134.78000000000003 4.5000000000000009 2.5000000000000004 26.450000000000006 243.89000000000001 51.625416666666673 40.560000000000009 70.540000000000006 29.060000000000006 1.5000000000000002 21.795000000000005 30.855000000000004 -3.0049386546237726 95.600000000000009 52.225000000000001 2.5000000000000004 4.5114444690563138 0.60355339059327384 83.545000000000016 74.450000000000017 39.560000000000009 8.1750000000000025 65.155000000000015 25.945000000000004
decision_type=2 2 2 2 2 2 2 2 2 2 2 2 2 2 2 2 2 2 2 2 2 2 2 2 2 2 2 2 2 2
left_child=1 4 6 9 7 23 -2 8 -1 -3 15 13 29 21 -15 18 17 -17 19 -11 -20 -6 -23 25 -25 -4 -18 -8 -19 -9
right_child=2 3 5 -5 11 -7 27 12 -10 10 -12 -13 -14 14 -16 16 26 28 20 -21 -22 22 -24 24 -26 -27 -28 -29 -30 -31
leaf_value=-0.13036303430193716 0.072588822558355429 -0.17423790809181003 0.1361703130530148 0.022771300825923241 -0.037101988337305651 0.28012166297113578 0.13165264697482223 -0.19093497580086644 -0.26523734685315781 -0.17703901006764658 0.040022613137568303 -0.0031035311094352179 -0.012807864802224296 -0.26664756746031343 -0.13959904602182305 -0.14364416626570181 -0.075551639946310645 0.032530341755885345 -0.0173125759451365 0.0067862350493669513 0.11283140245825052 -0.10536572045889561 -0.2287316875000085 0.0014634508978236807 0.17636522156216447 0.21936425985936747 0.0036567383295710177 0.25540572953224183 -0.081038091291956021 -0.066848188031602793
leaf_weight=41 268 36 82 337 83 111 272 143 132 37 57 35 21 32 242 181 112 39 147 24 30 230 28 22 62 332 121 25 89 27
leaf_count=41 268 36 82 337 83 111 272 143 132 37 57 35 21 32 242 181 112 39 147 24 30 230 28 22 62 332 121 25 89 27
internal_value=2.89034e-11 -0.0843992 0.159884 -0.0345682 -0.143862 0.206987 0.109112 -0.191576 -0.233273 -0.0567027 -0.0516474 -0.117142 -0.153809 -0.123632 -0.154437 -0.0583464 -0.0737318 -0.103376 -0.0233092 -0.104714 0.00474573 -0.09888 -0.118754 0.190686 0.130558 0.202886 -0.0344177 0.14207 -0.0464352 -0.171227
internal_weight=3398 2224 1174 1210 1014 609 565 364 173 873 837 650 191 615 274 780 542 309 238 61 177 341 258 498 84 414 233 297 128 170
internal_count=3398 2224 1174 1210 1014 609 565 364 173 873 837 650 191 615 274 780 542 309 238 61 177 341 258 498 84 414 233 297 128 170
is_linear=0
shrinkage=0.05


Tree=44
num_leaves=31
num_cat=0
split_feature=2 2 2 2 28 22 18 2 15 22 24 23 24 2 7 8 25 22 14 8 17 19 28 29 21 9 6 29 8 16
split_gain=16570.7 2525.32 866.713 697.993 329.796 284.17 309.446 254.36 237.67 264.269 203.626 196.925 195.073 209.514 194.257 190.746 175.747 171.926 168.108 166.969 191.686 160.335 153.51 200.566 148.296 151.261 143.864 143.157 226.573 139.956
threshold=120.74500000000002 79.63000000000001 164.80500000000004 58.985000000000007 48.200833333333343 99.105000000000004 99.475000000000009 17.315000000000001 0.60355339059327384 69.110000000000014 18.341666666666676 59.225000000000009 89.925000000000026 193.81500000000003 64.165000000000006 1009.9050000000001 3.6783872769437171 40.335000000000008 0.25881904510252091 1012.6050000000001 3.4367347388421599 71.375000000000014 34.804375000000007 8.592125459616982 47.440000000000005 7.5150000000000006 22.965000000000003 10.883019000667804 1013.8050000000001 -3.1836380697063738
decision_type=2 2 2 2 2 2 2 2 2 2 2 2 2 2 2 2 2 2 2 2 2 2 2 2 2 2 2 2 2 2
left_child=1 3 5 7 14 6 8 -1 9 29 26 18 -4 15 17 -14 -7 -3 24 20 -12 -6 -21 -24 25 -5 -9 28 -20 -2
right_child=2 4 12 11 21 16 -8 10 -10 -11 19 -13 13 -15 -16 -17 -18 -19 27 22 -22 -23 23 -25 -26 -27 -28 -29 -30 -31
leaf_value=-0.30986751836192394 0.17281379579965558 -0.048844603107438662 0.16862333650838157 -0.14956701834759628 0.0013846447477276575 0.3364408373832703 0.27887404278985095 -0.17524441101122648 0.061744523459365444 0.1528363839395796 -0.15581294333792686 0.061932721875962764 0.35299040774504342 0.37230351050866062 -0.093829571405375331 0.21062663121026803 0.16965606095535415 0.025019247749853032 -0.087113180256069261 -0.15659360150062798 -0.2714044796218249 0.089554320616742317 -0.16565598651021718 -0.04215965266339481 -0.073482450007856512 -0.020011546492576599 -0.33532478713989261 -0.17163196057081223 0.018663823852361535 0.048570768196114243
leaf_weight=28 28 255 122 228 409 22 28 32 189 330 194 21 27 29 148 183 56 114 135 149 44 59 50 96 146 25 25 26 81 119
leaf_count=28 28 255 122 228 409 22 28 32 189 330 194 21 27 29 148 183 56 114 135 149 44 59 50 96 146 25 25 26 81 119
internal_value=6.50203e-11 -0.0780925 0.156116 -0.124406 -0.0179086 0.126212 0.116042 -0.16262 0.109196 0.127997 -0.155632 -0.0887317 0.220067 0.246327 -0.0454351 0.228931 0.216698 -0.0260249 -0.0936676 -0.146026 -0.177183 0.0125001 -0.12089 -0.0844529 -0.113609 -0.136765 -0.245455 -0.060789 -0.0474468 0.0722361
internal_weight=3398 2265 1133 1280 985 772 694 618 666 477 590 662 361 239 517 210 78 369 641 533 238 468 295 146 399 253 57 242 216 147
internal_count=3398 2265 1133 1280 985 772 694 618 666 477 590 662 361 239 517 210 78 369 641 533 238 468 295 146 399 253 57 242 216 147
is_linear=0
shrinkage=0.05


Tree=45
num_leaves=31
num_cat=0
split_feature=2 2 24 2 12 2 12 0 15 28 23 11 7 22 26 5 15 29 14 26 27 19 14 5 21 22 16 5 3 17
split_gain=14979.9 1703.74 1531.72 411.84 372.049 335.132 272.925 264.785 339.864 244.005 225.351 229.447 202.078 213.494 205.964 192.666 171.689 162.733 145.149 150.955 143.438 136.891 180.108 132.566 132.467 200.24 151.384 143.681 131.793 168.92
threshold=106.37500000000001 62.250000000000007 81.043333333333337 158.75000000000003 2.5000000000000004 129.90000000000003 2.5000000000000004 16.023800000000005 0.60355339059327384 36.913125000000008 39.225000000000009 11.500000000000002 64.010000000000005 46.755000000000003 40.628333333333337 175.93500000000003 0.60355339059327384 10.536265260237158 0.37940952255126054 101.02833333333335 5.4887929759137508 44.365000000000002 0.60355339059327384 205.65500000000003 50.490000000000002 53.290000000000006 -3.7466477081236964 172.36500000000004 17.905000000000005 -0.68738939777533759
decision_type=2 2 2 2 2 2 2 2 2 2 2 2 2 2 2 2 2 2 2 2 2 2 2 2 2 2 2 2 2 2
left_child=1 6 5 -4 10 21 -1 8 -8 17 -3 -12 13 14 23 -14 -7 20 19 -5 -6 -2 -23 -11 25 -13 -26 -28 29 -10
right_child=2 4 3 18 9 16 7 -9 28 12 11 24 15 -15 -16 -17 -18 -19 -20 -21 -22 22 -24 -25 26 -27 27 -29 -30 -31
leaf_value=-0.084997280572674111 -0.077611511781811721 -0.067267677849857141 0.13464662408519837 0.17653336137013942 -0.19212267183119786 0.13175449528282993 -0.14619751764520064 -0.10570195578597485 -0.077670171860605486 0.0861839488769571 0.04337897706299839 -0.039583134020750338 -0.17470329419562691 0.049658163733059368 -0.081694432310128628 -0.069828446600191968 0.045209640524206833 -0.24231748439337092 0.251584264026325 0.29518052607774736 -0.076893651211634273 0.016812273102565386 0.10040410406266649 -0.065522791788680479 -0.11069928762213938 -0.21717693316084996 -0.10576401168391819 0.0360928605772367 -0.26803289476944053 -0.2511317003518343
leaf_weight=140 25 200 322 252 37 216 254 150 25 36 164 65 57 62 177 189 78 27 139 30 100 196 96 24 29 21 21 119 115 32
leaf_count=140 25 200 322 252 37 216 254 150 25 36 164 65 57 62 177 189 78 27 139 30 100 196 96 24 29 21 21 119 115 32
internal_value=5.00401e-11 -0.0854439 0.128986 0.177212 -0.051925 0.0703421 -0.147613 -0.162832 -0.182948 -0.0766533 -0.0236014 -0.00275833 -0.0605627 -0.0329466 -0.0545563 -0.0941287 0.108794 -0.130125 0.209767 0.189155 -0.108014 0.0346805 0.0442945 0.0255013 -0.032431 -0.0829491 -0.00672351 0.0148143 -0.237219 -0.175052
internal_weight=3398 2044 1354 743 1328 611 716 576 426 709 619 419 545 299 237 246 294 164 421 282 137 317 292 60 255 86 169 140 172 57
internal_count=3398 2044 1354 743 1328 611 716 576 426 709 619 419 545 299 237 246 294 164 421 282 137 317 292 60 255 86 169 140 172 57
is_linear=0
shrinkage=0.05


Tree=46
num_leaves=31
num_cat=0
split_feature=0 2 12 2 15 15 2 23 23 25 12 23 4 12 29 12 12 7 9 14 3 17 11 6 25 4 28 15 18 3
split_gain=13549.5 2063.39 839.651 567.935 430.86 370.311 343.599 220.768 204.138 177.003 176.006 171.939 160.529 156.995 199.018 153.032 216.619 164.925 149.533 146.759 144.932 141.751 136.256 143.293 134.453 132.703 132.257 130.079 130.012 143.847
threshold=23.844950000000004 79.63000000000001 2.5000000000000004 58.985000000000007 0.60355339059327384 0.25881904510252057 103.50000000000001 32.440000000000005 27.98 3.6211849669739098 4.5000000000000009 59.225000000000009 4.0650000000000004 1.5000000000000002 9.87739943800627 2.5000000000000004 5.5000000000000009 76.870000000000019 8.1750000000000025 0.25881904510252091 18.405000000000005 4.1928803350905239 12.500000000000002 27.975000000000005 5.753352317417364 4.9150000000000009 94.911458333333357 0.60355339059327384 30.845000000000002 21.935000000000006
decision_type=2 2 2 2 2 2 2 2 2 2 2 2 2 2 2 2 2 2 2 2 2 2 2 2 2 2 2 2 2 2
left_child=1 3 5 7 12 22 8 15 -3 10 -9 19 -4 14 27 -1 -17 -18 -14 20 21 -5 23 24 -2 -11 -24 -10 -22 -30
right_child=2 6 4 11 -6 -7 -8 9 13 25 -12 -13 18 -15 -16 16 17 -19 -20 -21 28 -23 26 -25 -26 -27 -28 -29 29 -31
leaf_value=-0.10902908074896078 0.13656174731017515 -0.193322199434042 0.18203079893270083 -0.07291986141851646 0.041563101969852356 0.13940965448739007 0.027985484003836877 -0.26054890619856969 0.063413700873830497 -0.13041408946098507 -0.090641072141524004 0.060482282865615127 0.10259143060134646 -0.049221274192091651 -0.05931655648986206 -0.22097856336303298 -0.077114312963212958 -0.21669472591443495 0.21160052876387325 -0.054192018137825274 -0.26808326333761218 -0.18446623535710388 0.2145941308778474 0.30285077170179836 0.30085553050041203 -0.049760141537762155 0.081060484864495019 -0.044718939992221624 -0.17167434800984496 -0.035675185507741472
leaf_weight=74 33 20 114 259 193 200 304 35 112 102 27 21 311 427 85 186 59 33 35 242 20 32 118 87 20 102 22 37 59 29
leaf_count=74 33 20 114 259 193 200 304 35 112 102 27 21 311 427 85 186 59 33 35 242 20 32 118 87 20 102 22 37 59 29
internal_value=-1.73639e-10 -0.0706155 0.141169 -0.112479 0.104265 0.191373 -0.0162137 -0.14695 -0.0359443 -0.112573 -0.186557 -0.0802999 0.130573 -0.0311825 0.0017343 -0.172929 -0.189938 -0.127181 0.113618 -0.0849121 -0.103544 -0.0851861 0.22849 0.263369 0.198559 -0.0900871 0.19361 0.036562 -0.15301 -0.126856
internal_weight=3398 2265 1133 1280 653 480 985 618 681 266 62 662 460 661 234 352 278 92 346 641 399 291 280 140 53 204 140 149 108 88
internal_count=3398 2265 1133 1280 653 480 985 618 681 266 62 662 460 661 234 352 278 92 346 641 399 291 280 140 53 204 140 149 108 88
is_linear=0
shrinkage=0.05


Tree=47
num_leaves=31
num_cat=0
split_feature=24 2 2 2 28 19 11 12 7 15 21 7 22 24 18 10 22 29 4 7 22 21 23 2 9 3 20 22 2 6
split_gain=12232.9 1669.21 876.205 567.55 390.327 239.961 220.734 201.298 188.986 187.248 183.693 175.632 253.177 175.495 174.513 161.157 161.697 158.573 154.651 150.729 146.693 136.965 136.43 133.783 145.526 152.97 151.881 130.094 128.002 140.862
threshold=62.111666666666657 62.250000000000007 137.42000000000002 90.785000000000011 89.417916666666684 25.175000000000004 20.500000000000004 1.5000000000000002 58.445000000000007 0.91597561503675351 86.995000000000019 63.540000000000006 34.415000000000006 82.745000000000019 37.865000000000002 295.39000000000004 82.930000000000021 10.402974676188782 5.9050000000000011 74.175000000000026 69.110000000000014 30.845000000000002 50.07500000000001 21.680000000000003 3.3650000000000007 27.125000000000004 24.010000000000002 45.305000000000007 114.59500000000001 27.245000000000001
decision_type=2 2 2 2 2 2 2 2 2 2 2 2 2 2 2 2 2 2 2 2 2 2 2 2 2 2 2 2 2 2
left_child=1 5 13 11 9 23 7 17 15 20 -10 12 -3 -2 -9 16 -6 22 -15 -7 -4 -13 -5 -1 -25 26 -26 -21 29 -24
right_child=2 3 4 6 8 19 -8 14 10 -11 -12 21 -14 18 -16 -17 -18 -19 -20 27 -22 -23 28 24 25 -27 -28 -29 -30 -31
leaf_value=-0.2763465890288353 0.044027155269755099 -0.076476245816902599 0.067517026726073556 0.031013465353703879 0.17365627113629034 -0.092609172729378353 -0.096831790357828143 -0.15874015837907793 0.23553495845521122 -0.00075834087495292937 0.137782323495211 -0.15991030183705418 -0.0018000472225858611 0.084345775052033223 -0.005671552652148186 0.10728231966495515 0.29933799695537749 -0.040664622026961299 0.25035024628043179 -0.18256185830045396 0.14487170051254275 -0.0758695055730641 0.26572638262401926 -0.038593451820668728 -0.27024734167487557 -0.094479808658361433 -0.15539443039941411 -0.10182694630890057 0.040405420839254351 0.08238268189132214
leaf_weight=30 287 247 73 94 37 305 53 20 67 28 170 55 210 47 270 20 83 40 20 117 382 409 22 21 53 40 63 87 28 20
leaf_count=30 287 247 73 94 37 305 53 20 67 28 170 55 210 47 270 20 83 40 20 117 382 409 22 21 53 40 63 87 28 20
internal_value=1.63007e-10 -0.0707305 0.127245 -0.0402029 0.154498 -0.133321 0.000137951 0.0105416 0.192626 0.124738 0.165417 -0.0641621 -0.0421611 0.0610369 -0.016228 0.238686 0.260586 0.0485964 0.133899 -0.114861 0.132461 -0.0858312 0.0703674 -0.17871 -0.162162 -0.178796 -0.20787 -0.148131 0.123214 0.17842
internal_weight=3398 2184 1214 1468 860 716 547 494 377 483 237 921 457 354 290 140 120 204 67 509 455 464 164 207 177 156 116 204 70 42
internal_count=3398 2184 1214 1468 860 716 547 494 377 483 237 921 457 354 290 140 120 204 67 509 455 464 164 207 177 156 116 204 70 42
is_linear=0
shrinkage=0.05


Tree=48
num_leaves=31
num_cat=0
split_feature=23 2 2 12 28 12 2 2 11 28 24 7 10 21 29 15 22 10 2 5 23 12 25 2 18 12 6 10 4 15
split_gain=11071.2 1312.13 1112.4 405.245 365.706 259.296 217.891 203.074 186.452 213.292 184.19 170.56 170.106 165.783 163.908 146.181 166.58 145.444 149.319 145.651 143.08 230.407 146.417 170.134 143.254 140.118 188.728 153.615 139.572 132.144
threshold=59.225000000000009 63.275000000000013 137.42000000000002 2.5000000000000004 89.417916666666684 2.5000000000000004 86.465000000000018 17.315000000000001 1.5000000000000002 36.913125000000008 82.745000000000019 58.445000000000007 327.34000000000009 86.995000000000019 9.8062184591002879 0.91597561503675351 69.110000000000014 295.39000000000004 188.22500000000002 179.65500000000003 33.405000000000008 5.5000000000000009 4.0475896565331944 48.530000000000008 38.515000000000008 1.5000000000000002 31.865000000000006 105.91500000000001 5.9050000000000011 0.37940952255126048
decision_type=2 2 2 2 2 2 2 2 2 2 2 2 2 2 2 2 2 2 2 2 2 2 2 2 2 2 2 2 2 2
left_child=1 5 10 6 15 29 -3 -7 -5 -10 25 17 -11 -13 -8 16 -4 18 19 -6 21 -9 23 -22 -25 26 -2 -27 -12 -1
right_child=2 3 4 8 11 7 14 20 9 12 28 13 -14 -15 -16 -17 -18 -19 -20 -21 22 -23 -24 24 -26 27 -28 -29 -30 -31
leaf_value=0.023769926838576795 0.17720452599428796 -0.049214921187898469 0.056931925177961196 -0.19117711542114135 0.12781513951408366 -0.27701623193346542 0.031606251470303409 -0.18932514391707803 -0.11640103917060651 -0.057671111156506576 0.080128488105107504 0.22375821180314995 0.050374995912425224 0.13089320658322642 -0.035027466859800273 0.0043083019554615021 0.13754606862315977 0.10191819936037064 0.35628182208538056 0.26100490748953936 -0.27411065411567692 -0.096522473949607057 -0.085499274004909281 -0.037076488791973575 -0.21119829203401294 -0.02546290033361287 -0.013433836353942753 0.04739953481768059 0.23783273559063672 -0.091215591658654283
leaf_weight=32 37 290 77 31 30 26 257 198 153 408 47 67 40 170 144 27 382 20 25 65 25 101 198 27 21 103 20 243 20 114
leaf_count=32 37 290 77 31 30 26 257 198 153 408 47 67 40 170 144 27 382 20 25 65 25 101 198 27 21 103 20 243 20 114
internal_value=8.50392e-11 -0.0725121 0.112331 -0.0426637 0.146039 -0.125732 -0.016199 -0.140361 -0.0715992 -0.0654312 0.0504383 0.182994 -0.0480241 0.157146 0.00767793 0.117372 0.124023 0.226751 0.247557 0.218945 -0.134128 -0.157977 -0.107815 -0.168342 -0.113255 0.0376757 0.110314 0.0257093 0.127204 -0.0660133
internal_weight=3398 2065 1333 1323 863 742 691 596 632 601 470 377 448 237 401 486 459 140 120 95 570 299 271 73 48 403 57 346 67 146
internal_count=3398 2065 1333 1323 863 742 691 596 632 601 470 377 448 237 401 486 459 140 120 95 570 299 271 73 48 403 57 346 67 146
is_linear=0
shrinkage=0.05


Tree=49
num_leaves=31
num_cat=0
split_feature=0 18 12 23 15 2 15 12 12 12 21 3 2 4 28 5 28 4 21 10 29 15 5 22 7 16 22 7 22 4
split_gain=10019.4 1532.78 659.626 523.28 335.518 296.103 289.654 276.186 234.012 241.812 190.563 187.675 149.909 143.855 147.28 141.444 143.487 145.742 132.109 128.616 125.477 124.502 149.851 147.317 151.386 123.443 123.259 128.126 123.567 130.585
threshold=23.844950000000004 44.095000000000006 2.5000000000000004 33.715000000000011 0.60355339059327384 90.785000000000011 0.25881904510252057 2.5000000000000004 1.0000000180025095e-35 5.5000000000000009 41.295000000000009 19.875000000000004 40.380000000000003 4.0650000000000004 75.761041666666685 233.77500000000003 36.913125000000008 4.9350000000000014 41.505000000000003 18.390000000000004 9.5148712827355144 0.60355339059327384 212.01000000000002 30.775000000000002 61.600000000000009 1.1933964638812304 65.105000000000004 63.675000000000004 39.680000000000007 4.4450000000000012
decision_type=2 2 2 2 2 2 2 2 2 2 2 2 2 2 2 2 2 2 2 2 2 2 2 2 2 2 2 2 2 2
left_child=1 3 6 8 13 26 -2 10 -1 12 -5 18 -10 -4 -15 16 17 25 -7 -16 -13 22 23 -18 -25 -9 27 28 -3 -30
right_child=2 5 4 7 -6 11 -8 15 9 -11 -12 20 -14 14 19 -17 21 -19 -20 -21 -22 -23 -24 24 -26 -27 -28 -29 29 -31
leaf_value=-0.05280390123859692 0.19871884121060637 -0.054175274445374004 0.16061276679760533 0.058718765048931046 0.033353852527336712 -0.13384075544097207 0.11993508859910072 -0.22670891833144663 -0.21839815455202302 -0.093996325364301664 -0.050567741919027159 0.069782043841074823 -0.14625126163029453 0.20172402211775384 -0.030810565636916594 -0.011956655921350265 -0.13096190292773577 -0.082713814287246029 -0.0055157864154501109 0.094525351991867457 -0.0058928611165866623 -0.12183110996920732 -0.12531895909320426 0.058787773408320788 -0.05072464079906544 -0.10674258786681537 0.054936417312391343 -0.083112911437496995 0.081826781585466038 -0.030148994707798756
leaf_weight=81 280 170 114 60 193 22 200 51 104 161 119 165 234 30 22 58 29 79 227 294 82 96 54 53 78 37 31 165 43 66
leaf_count=81 280 170 114 60 193 22 200 51 104 161 119 165 234 30 22 58 29 79 227 294 82 96 54 53 78 37 31 165 43 66
internal_value=-8.62289e-11 -0.060724 0.121394 -0.0963542 0.0886853 -0.0132414 0.165892 -0.0676969 -0.131632 -0.144428 -0.0139354 0.0137787 -0.16845 0.1119 0.0958507 -0.0856845 -0.0946493 -0.132012 -0.0168537 0.0857994 0.0446592 -0.0745215 -0.0532985 -0.0289917 -0.00641809 -0.176269 -0.0414562 -0.0481863 -0.0275307 0.0140249
internal_weight=3398 2265 1133 1294 653 971 480 714 580 499 179 496 338 460 346 535 477 167 249 316 247 310 214 160 131 88 475 444 279 109
internal_count=3398 2265 1133 1294 653 971 480 714 580 499 179 496 338 460 346 535 477 167 249 316 247 310 214 160 131 88 475 444 279 109
is_linear=0
shrinkage=0.05


Tree=50
num_leaves=31
num_cat=0
split_feature=2 18 2 2 2 4 15 12 18 22 28 23 15 12 22 6 8 7 18 29 2 16 28 25 16 28 6 3 24 16
split_gain=9053.3 1396.8 500.268 468.822 253.651 218.617 214.86 300.819 208.104 235.823 172.444 165.006 157.783 150.92 150.798 132.02 128.15 122.569 149.478 122.398 120.41 118.255 117.189 115.761 115.7 114.172 113.997 113.716 148.576 156.966
threshold=120.74500000000002 44.095000000000006 166.14000000000001 49.205000000000005 87.565000000000012 4.1850000000000014 0.78656609248549303 2.5000000000000004 100.32000000000001 99.105000000000004 47.477708333333332 88.235000000000014 0.60355339059327384 1.5000000000000002 69.110000000000014 27.605000000000004 1010.5350000000001 61.190000000000005 98.455000000000013 8.6709770534699526 17.315000000000001 -3.1836380697063738 55.320208333333341 4.1592104743855902 -4.2930451407789052 41.318750000000009 29.925000000000004 19.595000000000002 68.693333333333342 -4.2930451407789052
decision_type=2 2 2 2 2 2 2 2 2 2 2 2 2 2 2 2 2 2 2 2 2 2 2 2 2 2 2 2 2 2
left_child=1 3 8 20 22 26 7 -5 9 12 -9 -7 14 17 21 -8 -17 18 -13 -18 -1 -2 24 -11 -3 -21 -4 28 29 -6
right_child=2 4 5 6 27 11 15 10 -10 23 -12 13 -14 -15 -16 16 19 -19 -20 25 -22 -23 -24 -25 -26 -27 -28 -29 -30 -31
leaf_value=-0.23942612869931118 0.14409783220450795 -0.12133553174252694 0.30189465719300346 -0.0076179764969461607 0.08991956280974242 0.091671098353496447 -0.17404805274167356 -0.087468465399381135 0.2168038187943625 0.25772407215375165 0.030653702919230322 0.37190439240498979 0.040707948106628755 0.13000698961162319 0.1119673220136938 -0.20358980702502386 -0.14388210434270532 0.14064724244363608 0.18960317846225658 0.040346983627926922 -0.13151821062598898 0.029892701286227764 0.027286263994591414 0.12765121557191014 -0.040721821425102868 -0.081325307444614525 0.1851047994568944 0.031844111973030081 0.08989436834930413 -0.039990215874991422
leaf_weight=28 28 52 37 199 26 96 69 485 33 26 33 22 191 84 351 21 38 25 23 31 337 119 53 50 309 51 48 282 31 220
leaf_count=28 28 52 37 199 26 96 69 485 33 26 33 22 191 84 351 21 38 25 23 31 337 119 53 50 309 51 48 282 31 220
internal_value=2.6656e-11 -0.0577222 0.115393 -0.0917966 -0.0124764 0.166672 -0.0728972 -0.0598698 0.0938667 0.0885635 -0.0799433 0.14312 0.0793436 0.175192 0.0941616 -0.117376 -0.0896435 0.229414 0.278728 -0.069703 -0.139796 0.0516461 -0.0421409 0.17215 -0.0523338 -0.0353272 0.235943 0.00949343 -0.0132607 -0.0262599
internal_weight=3398 2265 1133 1292 973 335 927 717 798 765 518 250 689 154 498 210 141 70 45 120 365 147 414 76 361 82 85 559 277 246
internal_count=3398 2265 1133 1292 973 335 927 717 798 765 518 250 689 154 498 210 141 70 45 120 365 147 414 76 361 82 85 559 277 246
is_linear=0
shrinkage=0.05


Tree=51
num_leaves=31
num_cat=0
split_feature=23 2 24 12 11 2 12 29 2 21 15 0 18 9 15 22 6 9 5 8 11 21 17 24 7 22 9 28 24 3
split_gain=8173.37 976.319 845.927 286.239 252.999 248.855 231.895 229.437 200.413 196.563 183.593 176.429 151.494 148.8 143.961 149.872 138.789 141.626 138.299 132.448 130.791 151.379 140.312 128.079 118.741 146.739 115.748 122.189 167.647 115.012
threshold=59.225000000000009 72.085000000000008 81.043333333333337 2.5000000000000004 4.5000000000000009 172.29500000000004 1.5000000000000002 9.8185474235338699 125.27000000000002 29.350000000000005 0.78656609248549303 16.023800000000005 102.43500000000002 4.1550000000000011 0.25881904510252057 26.375000000000004 31.565000000000001 5.7650000000000006 222.95500000000001 1013.8950000000001 13.500000000000002 32.650000000000006 4.7704532744133568 37.119999999999997 65.035000000000011 53.745000000000012 7.0600000000000014 38.446250000000013 39.808333333333344 15.755000000000001
decision_type=2 2 2 2 2 2 2 2 2 2 2 2 2 2 2 2 2 2 2 2 2 2 2 2 2 2 2 2 2 2
left_child=1 3 8 19 9 12 7 10 13 -5 -3 14 -4 24 15 23 -10 -18 29 -1 21 -6 26 -8 25 -2 27 -22 -29 -9
right_child=2 6 5 4 20 -7 11 18 16 -11 -12 -13 -14 -15 -16 -17 17 -19 -20 -21 22 -23 -24 -25 -26 -27 -28 28 -30 -31
leaf_value=-0.078703524688596302 -0.022161908284761014 0.047254307890832084 0.10709888542627166 -0.22775464429339368 -0.08800096730199114 0.17687501431140545 -0.073270657053217295 -0.026003204317579812 0.11165779078146443 -0.12704478764214686 -0.070534409219637897 -0.028368711572469552 0.22869755291828403 0.054160151564205686 -0.16317972704354261 -0.035088249970453254 0.015799653570034676 0.12346320452079887 0.048370244305941369 -0.0016143344143886914 -0.13554887336989244 0.010644600229958695 -0.2117367697414011 -0.234565650485456 -0.076504012775378979 0.13720308259129524 -0.01010771319270134 0.023190686262815313 -0.1201445757539249 -0.12003449720640978
leaf_weight=149 52 218 499 67 139 218 32 71 160 175 39 416 27 150 45 132 112 42 31 89 180 54 32 20 53 20 31 34 51 60
leaf_count=149 52 218 499 67 139 218 32 71 160 175 39 416 27 150 45 132 112 42 31 89 180 54 32 20 53 20 31 34 51 60
internal_value=-1.95587e-10 -0.0623037 0.096517 -0.0977491 -0.112682 0.131957 -0.0289571 4.24199e-06 0.0517508 -0.154927 0.0293798 -0.0477707 0.113341 0.0205853 -0.0830162 -0.063411 0.0790454 0.0451624 -0.0465977 -0.0498761 -0.0930594 -0.0604007 -0.112276 -0.135307 -0.0197046 0.0221061 -0.101524 -0.112218 -0.0628105 -0.069071
internal_weight=3398 2065 1333 1001 763 744 1064 419 589 242 257 645 526 275 229 184 314 154 162 238 521 193 328 52 125 72 296 265 85 131
internal_count=3398 2065 1333 1001 763 744 1064 419 589 242 257 645 526 275 229 184 314 154 162 238 521 193 328 52 125 72 296 265 85 131
is_linear=0
shrinkage=0.05


Tree=52
num_leaves=31
num_cat=0
split_feature=2 2 24 12 2 14 19 0 15 21 4 5 9 21 12 5 4 26 25 3 7 27 4 7 22 17 29 7 2 16
split_gain=7395.17 847.117 780.252 256.758 237.664 205.234 188.975 168.091 163.005 252.046 200.508 167.792 160.46 183.678 158.853 169.386 153.417 151.194 146.256 144.554 141.911 130.971 129.242 140.316 125.937 120.524 116.14 115.153 174.819 113.434
threshold=106.37500000000001 58.985000000000007 81.043333333333337 2.5000000000000004 158.75000000000003 0.60355339059327384 50.335000000000008 16.023800000000005 0.60355339059327384 50.335000000000008 6.3050000000000006 166.80500000000004 5.7650000000000006 63.395000000000003 5.5000000000000009 186.13500000000002 3.3250000000000006 38.134166666666673 6.2589762191187956 22.585000000000004 83.710000000000022 5.4887929759137508 4.9150000000000009 73.440000000000012 34.240000000000002 -1.7084614846443429 7.4315256027471763 57.655000000000008 137.42000000000002 0.96536751104254381
decision_type=2 2 2 2 2 2 2 2 2 2 2 2 2 2 2 2 2 2 2 2 2 2 2 2 2 2 2 2 2 2
left_child=1 17 5 8 -4 12 -7 21 11 -10 -11 -3 26 -14 15 19 -8 20 -18 29 -1 -5 -19 -24 -17 -16 -2 -20 -29 -9
right_child=2 3 4 7 -6 6 16 14 9 10 -12 -13 13 -15 25 24 18 22 27 -21 -22 -23 23 -25 -26 -27 -28 28 -30 -31
leaf_value=-0.11520218076801161 0.10036437778201486 -0.068728509586151329 0.092712861144414849 -0.16201952821933308 0.14977887248545177 -0.025925268669213571 0.20224956182702894 -0.20683110474143179 -0.11925527866530633 -0.036920646960950564 0.13465944755645026 0.014002559507687466 -0.035208016075193881 0.12734010535632334 0.071314327834927013 -0.10704074050573742 0.12073511841283605 -0.11183548742043439 0.13548715694840732 -0.033619676636798039 -0.22929371296074885 -0.073301557272386103 0.066954955582817402 -0.076876851567664217 -0.020228657253425233 -0.031907074165228803 -0.0073872503545931271 -0.099616520221416774 0.067762796485271212 -0.08261197783491192
leaf_weight=453 28 73 322 52 421 35 31 40 84 90 21 382 24 63 47 51 110 67 21 42 29 208 30 39 231 71 234 26 39 34
leaf_count=453 28 73 322 52 421 35 31 40 84 90 21 382 24 63 47 51 110 67 21 42 29 208 30 39 231 71 234 26 39 34
internal_value=-1.26149e-10 -0.0600346 0.0906282 -0.0388443 0.125048 0.0487728 0.0822182 -0.058262 -0.0156625 -0.05391 -0.00445955 0.000729223 0.0236648 0.0824992 -0.0417434 -0.0568492 0.0988923 -0.10893 0.082545 -0.107708 -0.122067 -0.0910452 -0.0623715 -0.0143413 -0.0359287 0.00920654 0.00412819 0.0336971 0.00081107 -0.149757
internal_weight=3398 2044 1354 1426 743 611 262 776 650 195 111 455 349 87 516 398 227 618 196 116 482 260 136 69 282 118 262 86 65 74
internal_count=3398 2044 1354 1426 743 611 262 776 650 195 111 455 349 87 516 398 227 618 196 116 482 260 136 69 282 118 262 86 65 74
is_linear=0
shrinkage=0.05


Tree=53
num_leaves=31
num_cat=0
split_feature=23 12 24 0 15 15 18 21 9 11 10 2 2 3 0 19 9 6 20 5 10 3 29 17 6 18 29 21 20 23
split_gain=6689.57 814.966 680.585 460.456 293.313 255.425 217.722 191.14 176.751 168.104 170.367 160.156 156.702 144.541 143.77 140.253 132.109 129.798 129.532 128.912 126.827 125.71 124.481 119.591 114.944 138.008 113.548 116.84 117.417 173.424
threshold=59.225000000000009 2.5000000000000004 81.043333333333337 16.023800000000005 0.60355339059327384 0.78656609248549303 100.32000000000001 50.07500000000001 3.6550000000000007 3.5000000000000004 288.47500000000008 125.27000000000002 160.06500000000003 26.465000000000003 16.023800000000005 23.440000000000005 4.1550000000000011 20.000000000000004 102.43500000000002 178.32500000000002 232.34500000000003 18.105000000000004 9.8062184591002879 -2.743142238742299 31.515000000000004 81.135000000000005 10.355471958728485 73.155000000000015 95.280000000000015 94.270000000000024
decision_type=2 2 2 2 2 2 2 2 2 2 2 2 2 2 2 2 2 2 2 2 2 2 2 2 2 2 2 2 2 2
left_child=1 5 11 4 13 14 12 -7 -9 20 -11 16 -4 15 17 -3 -2 19 -8 -1 -5 -6 -16 -15 -13 -26 27 -14 -29 -30
right_child=2 3 6 9 21 7 18 8 -10 10 -12 24 26 23 22 -17 -18 -19 -20 -21 -22 -23 -24 -25 25 -27 -28 28 29 -31
leaf_value=-0.07175606440590776 -0.018659014451503753 -0.18076305522655067 0.083839216464530519 -0.066122296384146698 -0.1099876591463534 -0.11596748326527012 0.21293679337291158 0.090852608959432007 -0.058876943976095275 -0.052319464623256179 0.021188284894612868 0.10162330407890952 0.26051634351412456 -0.12565785548810302 0.046691412145164625 -0.091726540849698279 0.05093988720855365 -0.03960780231182686 0.074263871212800356 0.065976610589199333 -0.17539342737756669 -0.19366819149219111 -0.028966398822070152 -0.0069390976007422146 0.062150638462760699 -0.064039808869935003 0.068918388257069252 0.11081548513518646 0.26193530638582813 0.11860985519749152
leaf_weight=23 125 52 326 79 71 101 85 27 73 359 101 158 21 29 191 296 150 281 21 65 40 122 76 79 130 26 56 150 39 46
leaf_count=23 125 52 326 79 71 101 85 27 73 359 101 158 21 29 191 296 150 281 21 65 40 122 76 79 130 26 56 150 39 46
internal_value=9.19122e-11 -0.0563654 0.0873177 -0.0822978 -0.111217 -0.0183188 0.119106 -0.0674513 -0.01845 -0.0498827 -0.0361797 0.0471641 0.108081 -0.0893487 -0.00279102 -0.105031 0.019304 -0.0230127 0.185464 0.0299783 -0.102852 -0.162884 0.0251559 -0.0388173 0.0715638 0.0411189 0.133411 0.147518 0.137421 0.184371
internal_weight=3398 2065 1333 1228 649 837 744 201 100 579 460 589 638 456 636 348 275 369 106 88 119 193 267 108 314 156 312 256 235 85
internal_count=3398 2065 1333 1228 649 837 744 201 100 579 460 589 638 456 636 348 275 369 106 88 119 193 267 108 314 156 312 256 235 85
is_linear=0
shrinkage=0.05


Tree=54
num_leaves=31
num_cat=0
split_feature=2 24 2 14 18 28 7 22 9 9 14 21 8 24 17 2 3 4 5 26 20 29 21 20 23 9 4 29 25 20
split_gain=6052.22 703.547 643.115 211.757 198.495 194.124 276.135 176.224 153.67 152.918 202.574 163.56 148.117 177.552 156.039 146.164 143.925 131.802 120.585 119.776 116.902 102.477 105.448 105.969 156.515 108.383 117.13 102.317 99.6885 101.914
threshold=104.19500000000001 81.043333333333337 58.985000000000007 0.60355339059327384 100.32000000000001 48.200833333333343 64.165000000000006 32.855000000000011 3.2650000000000001 5.7650000000000006 -0.98296291314453399 64.370000000000019 1012.6050000000001 22.83666666666667 3.3405504093251648 160.06500000000003 17.695000000000004 3.3250000000000006 183.52000000000001 57.468333333333341 102.43500000000002 10.355471958728485 73.155000000000015 95.280000000000015 94.270000000000024 6.6350000000000007 4.7750000000000012 10.446004323897339 6.2589762191187956 51.080000000000005
decision_type=2 2 2 2 2 2 2 2 2 2 2 2 2 2 2 2 2 2 2 2 2 2 2 2 2 2 2 2 2 2
left_child=2 3 12 9 15 6 7 8 -4 10 -2 -11 14 -14 16 -3 -1 -5 19 -7 -6 22 -17 25 -25 26 -24 -18 29 -19
right_child=1 4 5 17 20 18 -8 -9 -10 11 -12 -13 13 -15 -16 21 27 28 -20 -21 -22 -23 23 24 -26 -27 -28 -29 -30 -31
leaf_value=-0.053377819412853571 0.15391820058226588 0.078828438666290968 0.066117268924911821 0.16603273308702879 0.20228995468686609 -0.087288992337831495 -0.079805099599167137 -0.00017866482052745093 -0.066134617449248284 -0.017642839020118119 -0.010935838750777631 0.12193299233455396 -0.15250483348725305 -0.058838113718920143 -0.20341870822012426 0.24749052794206713 -0.15688788010428351 -0.0037996957240545234 0.012401128918203701 0.022172941443951509 0.07055067622235843 0.06547246844108616 0.18607985046894657 0.24883854073973805 0.1126793644188539 -0.0030836243182420734 0.086823880452928812 -0.052235908472332462 0.027362612208670326 0.11211693626742258
leaf_weight=80 20 325 24 35 85 73 413 306 259 32 273 61 62 275 52 21 120 23 261 38 21 56 46 39 46 20 84 29 111 108
leaf_count=80 20 325 24 35 85 73 413 306 259 32 273 61 62 275 52 21 120 23 261 38 21 56 46 39 46 20 84 29 111 108
internal_value=2.30989e-10 0.0794269 -0.0560614 0.0419847 0.112838 -0.037008 -0.0484593 -0.02648 -0.0549189 0.0180472 0.000316997 0.0739069 -0.0984226 -0.0760706 -0.125229 0.102295 -0.107474 0.0753416 -0.00616352 -0.0498155 0.176191 0.12674 0.140142 0.13055 0.175152 0.105275 0.121945 -0.136519 0.0622251 0.0917652
internal_weight=3398 1406 1992 663 743 1374 1002 589 283 386 293 93 618 337 281 637 229 277 372 111 106 312 256 235 85 150 130 149 242 131
internal_count=3398 1406 1992 663 743 1374 1002 589 283 386 293 93 618 337 281 637 229 277 372 111 106 312 256 235 85 150 130 149 242 131
is_linear=0
shrinkage=0.05


Tree=55
num_leaves=31
num_cat=0
split_feature=24 18 28 23 15 2 12 21 22 15 12 12 5 16 29 10 9 25 25 5 6 22 22 28 23 10 23 27 15 25
split_gain=5468.69 783.859 373.912 333.315 209.552 185.298 179.365 161.126 159.35 156.877 156.779 209.974 153.23 136.341 133.545 125.413 125.243 124.539 140.032 121.348 111.996 107.232 106.11 136.871 105.982 101.84 100.736 108.442 96.9691 121.452
threshold=64.081666666666663 44.095000000000006 89.417916666666684 33.715000000000011 0.78656609248549303 90.785000000000011 2.5000000000000004 41.295000000000009 69.110000000000014 0.25881904510252057 1.0000000180025095e-35 5.5000000000000009 171.63000000000002 4.1538165778545411 10.557280109544925 57.45000000000001 3.4850000000000008 4.2045847587839784 2.3578378245221736 233.77500000000003 30.965000000000003 65.105000000000004 24.475000000000005 26.63291666666667 39.225000000000009 65.75500000000001 97.930000000000021 9.334305211127818 0.60355339059327384 4.0475896565331944
decision_type=2 2 2 2 2 2 2 2 2 2 2 2 2 2 2 2 2 2 2 2 2 2 2 2 2 2 2 2 2 2
left_child=1 3 4 10 8 21 7 -5 -2 17 -1 20 -11 -6 15 -7 -10 18 -4 22 -12 -3 23 -8 -9 -13 27 -18 -24 -30
right_child=2 5 9 6 13 14 19 24 16 12 11 25 -14 -15 -16 -17 26 -19 -20 -21 -22 -23 28 -25 -26 -27 -28 -29 29 -31
leaf_value=-0.034884328527353063 0.033532840153525791 -0.039620820634936577 0.11588423005172184 0.061753334766253831 -0.0067237377988071893 -0.047567580390910982 -0.018297430574893952 -0.1118385276544307 0.147058448396372 -0.018259168629135406 -0.14022189947482863 0.025705064239877243 0.1097958678269019 0.12557706071630767 -0.072522508413639178 0.031077433552386031 0.078291927904137998 0.12248404562171247 0.2413487663400955 0.0054147511720657356 -0.028159696236252786 0.056614449764451673 -0.046855050980501502 -0.17351343973102618 -0.0082799408141346204 -0.080735590855187889 -0.022700334137136288 0.16982287548275457 -0.18760296644022068 -0.069223366150608631
leaf_weight=81 144 437 35 60 127 59 20 35 89 28 314 27 141 23 43 360 320 148 61 58 24 31 300 49 84 134 22 36 30 78
leaf_count=81 144 437 35 60 127 59 20 35 89 28 314 27 141 23 43 360 320 148 61 58 24 31 300 49 84 134 22 36 30 78
internal_value=3.81176e-11 -0.0460858 0.0873039 -0.0712507 0.0665163 -0.0110713 -0.0483792 -0.00505399 0.0795165 0.125607 -0.0994063 -0.10988 0.0885796 0.0135624 0.0113916 0.0200033 0.0936956 0.151254 0.195606 -0.0628749 -0.132265 -0.0332463 -0.0711785 -0.128523 -0.0387383 -0.0628853 0.0811313 0.0875479 -0.0614805 -0.102107
internal_weight=3398 2224 1174 1294 761 930 714 179 611 413 580 499 169 150 462 419 467 244 96 535 338 468 477 69 119 161 378 356 408 108
internal_count=3398 2224 1174 1294 761 930 714 179 611 413 580 499 169 150 462 419 467 244 96 535 338 468 477 69 119 161 378 356 408 108
is_linear=0
shrinkage=0.05


Tree=56
num_leaves=31
num_cat=0
split_feature=23 12 2 0 6 28 15 3 29 0 17 10 6 5 12 8 6 22 16 26 26 22 22 21 20 15 4 25 16 18
split_gain=4950.79 639.726 503.719 358.642 244.839 205.763 203.418 187.652 178.155 174.104 169.13 162.937 153.129 132.982 159.058 131.545 130.701 125.707 122.826 120.441 118.995 116.912 116.567 121.612 155.885 136.975 118.155 119.34 114.822 112.533
threshold=59.225000000000009 2.5000000000000004 136.82500000000002 16.023800000000005 21.655000000000005 89.417916666666684 0.1294095225512602 18.175000000000004 9.8185474235338699 16.023800000000005 4.7022599330536403 102.64500000000001 25.745000000000001 186.63500000000002 5.5000000000000009 1013.0750000000002 22.965000000000003 42.760000000000012 3.2014743512654409 44.569166666666668 45.668333333333344 39.680000000000007 60.620000000000012 70.115000000000009 88.060000000000016 0.91597561503675351 4.5050000000000008 6.7976232617154277 1.8196935998763335 103.21500000000002
decision_type=2 2 2 2 2 2 2 2 2 2 2 2 2 2 2 2 2 2 2 2 2 2 2 2 2 2 2 2 2 2
left_child=1 6 11 4 -3 22 8 10 17 -8 -6 -2 18 14 -14 -9 -17 -1 19 -5 -10 -18 -4 -24 25 26 -25 -28 -26 -7
right_child=2 3 5 12 7 29 9 15 20 -11 -12 -13 13 -15 -16 16 21 -19 -20 -21 -22 -23 23 24 28 -27 27 -29 -30 -31
leaf_value=0.00083921803231526133 -0.01473710504718698 -0.050638531204171937 -0.039120455778070856 0.0050920125313470488 -0.075862669725265577 0.11434893176291797 -0.06990404768042606 -0.19648679513484241 0.059028917231730052 -0.0060201260085771049 -0.20196235075592997 0.051408990724835679 -0.12765798285462945 -0.037197703931582136 -0.014570756417445161 -0.031219588057138026 -0.20903818847023345 0.069979299617787968 -0.087604000401468235 0.14400195494294166 -0.055532847590619272 -0.062035648595719112 0.14262545350669087 0.10591400337688039 0.14624783799214208 -0.067766729304971907 0.0075906893816487554 0.10511187942222107 0.047273847250657725 0.19418645430648446
leaf_weight=133 130 198 21 71 234 328 220 96 28 207 30 328 106 312 44 32 38 130 26 20 119 21 69 89 92 23 116 43 43 51
leaf_count=133 130 198 21 71 234 328 220 96 28 207 30 328 106 312 44 32 38 130 26 20 119 21 69 89 92 23 116 43 43 51
internal_value=1.11249e-10 -0.0484898 0.0751174 -0.0714656 -0.0969879 0.0973545 -0.014781 -0.117336 0.010374 -0.0389346 -0.0901922 0.0326339 -0.0428578 -0.0557977 -0.0944857 -0.155658 -0.112585 0.0350149 0.00823819 0.0356217 -0.0337116 -0.156715 0.0761598 0.0812564 0.0708266 0.0489596 0.059785 0.0339643 0.114723 0.125092
internal_weight=3398 2065 1333 1228 649 875 837 451 410 427 264 458 579 462 150 187 91 263 117 91 147 59 496 475 406 271 248 159 135 379
internal_count=3398 2065 1333 1228 649 875 837 451 410 427 264 458 579 462 150 187 91 263 117 91 147 59 496 475 406 271 248 159 135 379
is_linear=0
shrinkage=0.05


Tree=57
num_leaves=31
num_cat=0
split_feature=19 18 23 15 28 3 21 18 12 21 18 20 9 27 9 9 27 17 11 5 29 7 7 20 10 21 9 2 9 6
split_gain=4489.48 739.038 280.538 252.604 217.509 189.807 203.595 149.026 147.701 146.547 136.208 130.525 120.272 121.25 113.517 120.05 147.492 151.339 117.922 106.67 105.661 100.296 127.609 98.6271 137.376 126.005 103.981 112.811 98.1985 95.8271
threshold=69.110000000000014 44.095000000000006 33.715000000000011 0.78656609248549303 89.695416666666702 20.785000000000004 50.335000000000008 46.125000000000007 2.5000000000000004 33.385000000000012 22.500000000000004 83.210000000000022 3.4850000000000008 9.334305211127818 6.8350000000000009 5.1750000000000007 7.9298579051216507 -1.4685463241421195 5.5000000000000009 233.77500000000003 10.826161452318861 51.760000000000012 53.245000000000012 27.060000000000002 48.765000000000008 33.155000000000008 4.1950000000000012 72.475000000000009 4.4450000000000012 28.565000000000001
decision_type=2 2 2 2 2 2 2 2 2 2 2 2 2 2 2 2 2 2 2 2 2 2 2 2 2 2 2 2 2 2
left_child=1 2 10 4 12 6 -3 -8 9 -4 29 -5 -2 21 15 23 17 -17 -16 -10 -7 -14 -23 25 -25 -12 27 -26 -15 -1
right_child=3 5 8 11 -6 20 7 -9 19 -11 14 -13 13 28 18 16 -18 -19 -20 -21 -22 22 -24 24 26 -27 -28 -29 -30 -31
leaf_value=-0.15424521811030531 0.12416873367144428 -0.062541631867354897 0.10831825828552247 -0.01177334588920248 0.12904020485468209 0.022963824909860903 0.12104375153456047 -0.010822784959282072 -0.064221554202861325 -0.0221949428561833 -0.067938346877694136 0.068523052969778134 0.0051623415531991401 0.066724634276969105 -0.092167943314864095 -0.018510226334134738 -0.25736312657594679 -0.16707066059112552 0.050212261947154092 0.0075901180762669137 -0.072637737302049518 0.17905256562323002 0.058902531849574238 -0.18091860790463055 -0.12215291307326043 0.069541795611381532 -0.017257795085509616 -0.014550253155175597 0.19799958058986172 -0.035095710828900339
leaf_weight=108 109 234 25 87 320 427 23 313 477 154 50 121 79 28 26 30 20 40 33 58 31 24 279 34 102 25 60 32 29 20
leaf_count=108 109 234 25 87 320 427 23 313 477 154 50 121 79 28 26 30 20 40 33 58 31 24 279 34 102 25 60 32 29 20
internal_value=-6.27265e-11 -0.0391229 -0.064265 0.084427 0.0962862 -0.00747518 -0.0267338 -0.00179621 -0.0432822 -0.00396684 -0.0900956 0.0349375 0.0771598 0.0654879 -0.0772014 -0.0869101 -0.137616 -0.103402 -0.0125316 -0.0564364 0.016493 0.0553374 0.0684194 -0.0718491 -0.0882101 -0.0221116 -0.0719622 -0.0964568 0.133514 -0.135628
internal_weight=3398 2322 1294 1076 868 1028 570 336 714 179 580 208 548 439 452 393 90 70 59 535 458 382 303 303 228 75 194 134 57 128
internal_count=3398 2322 1294 1076 868 1028 570 336 714 179 580 208 548 439 452 393 90 70 59 535 458 382 303 303 228 75 194 134 57 128
is_linear=0
shrinkage=0.05


Tree=58
num_leaves=31
num_cat=0
split_feature=2 18 23 20 18 28 27 18 2 12 21 22 10 3 28 6 15 6 4 11 22 3 10 3 3 11 27 12 17 25
split_gain=4071.79 653.442 249.15 236.609 152.713 152.331 146.549 146.235 141.524 133.235 133.379 132.86 124.506 121.355 121.677 118.737 112.397 131.129 114.724 135.101 115.963 109.643 109.403 105.915 104.031 130.581 102.943 101.591 116.306 101.435
threshold=123.605 44.095000000000006 34.275000000000006 91.640000000000015 22.500000000000004 48.200833333333343 6.9173303910992319 100.32000000000001 193.81500000000003 2.5000000000000004 41.295000000000009 53.520000000000003 321.35000000000008 22.920000000000005 95.071666666666673 28.615000000000006 0.91597561503675351 34.365000000000002 4.1050000000000013 18.500000000000004 97.930000000000021 20.785000000000004 14.240000000000002 15.485000000000001 27.305000000000003 4.5000000000000009 7.1783703979648399 1.0000000180025095e-35 4.5114444690563138 7.4294828976789749
decision_type=2 2 2 2 2 2 2 2 2 2 2 2 2 2 2 2 2 2 2 2 2 2 2 2 2 2 2 2 2 2
left_child=1 2 4 7 15 11 -7 16 12 10 -4 21 13 14 -5 -1 18 -18 19 -2 22 23 -20 -3 27 -26 -23 -6 -29 -25
right_child=3 5 9 8 24 6 -8 -9 -10 -11 -12 -13 -14 -15 -16 -17 17 -19 20 -21 -22 26 -24 29 25 -27 -28 28 -30 -31
leaf_value=-0.15232195094826498 0.12584666352538365 -0.012690317791632631 0.058938435927547266 0.11577075007096337 -0.022957337363981284 -0.011734109566364425 0.04167734974762425 0.17882920536730026 0.24444239787757396 -0.053570261585742698 -0.033792807989650307 -0.11628355986367052 0.013861452304990963 0.19625074141437102 -0.0080250483429567376 -0.020062672384083272 0.11291088190905395 -0.03195023784475004 -0.056788768153637648 0.017916100915219332 0.12884062624846895 0.063891721704746038 0.052950492229898317 -0.10312862219712274 -0.082470003465811417 0.066321001484476283 -0.015116280384811779 -0.082003026006999727 -0.18349041035098415 0.016906087123788893
leaf_weight=112 134 132 58 203 65 301 224 27 20 514 117 39 32 42 22 20 21 61 24 37 48 57 423 88 30 29 149 316 31 22
leaf_count=112 134 132 58 203 65 301 224 27 20 514 117 39 32 42 22 20 21 61 24 37 48 57 423 88 30 29 149 316 31 22
internal_value=-1.97999e-10 -0.0377154 -0.0612817 0.0794298 -0.0847521 -0.00762876 0.0110548 0.0645115 0.115674 -0.0407408 -0.00305902 -0.0277702 0.10706 0.11823 0.103666 -0.132283 0.060385 0.00514834 0.0671859 0.102493 0.0549888 -0.0200647 0.0470585 -0.0428864 -0.0714314 -0.00933544 0.00674516 -0.0803238 -0.0910696 -0.0791217
internal_weight=3398 2304 1292 1094 603 1012 525 775 319 689 175 487 299 267 225 132 748 82 666 171 495 448 447 242 471 59 206 412 347 110
internal_count=3398 2304 1292 1094 603 1012 525 775 319 689 175 487 299 267 225 132 748 82 666 171 495 448 447 242 471 59 206 412 347 110
is_linear=0
shrinkage=0.05


Tree=59
num_leaves=31
num_cat=0
split_feature=2 23 2 12 16 29 14 6 15 20 8 2 20 8 22 7 12 17 9 12 5 7 9 3 7 16 5 16 7 9
split_gain=3687.22 430.136 401.009 170.388 142.19 140.018 171.125 153.356 219.504 146.419 136.758 136.587 121.604 120.569 138.418 185.361 123.585 123.562 120.553 119.536 118.5 120.957 118.425 116.211 113.661 111.177 116.424 109.033 100.918 145.012
threshold=104.19500000000001 82.835000000000022 58.985000000000007 2.5000000000000004 2.5762712795492191 10.724027587331308 0.25881904510252091 30.245000000000001 0.37940952255126048 58.225000000000001 1010.5350000000001 129.90000000000003 65.370000000000019 1012.6050000000001 36.025000000000013 76.475000000000009 1.0000000180025095e-35 3.3405504093251648 3.1550000000000007 5.5000000000000009 195.56500000000003 71.455000000000013 5.535000000000001 17.695000000000004 47.245000000000012 3.441571594618607 200.29500000000004 -0.61608824778647098 52.210000000000008 7.2550000000000008
decision_type=2 2 2 2 2 2 2 2 2 2 2 2 2 2 2 2 2 2 2 2 2 2 2 2 2 2 2 2 2 2
left_child=2 11 13 18 -5 6 7 8 28 -8 -7 -2 19 17 15 -15 -16 23 -3 -9 21 -13 -23 -1 -20 -6 -27 -22 -4 -30
right_child=1 3 5 4 25 10 9 12 -10 -11 -12 20 -14 14 16 -17 -18 -19 24 -21 27 22 -24 -25 -26 26 -28 -29 29 -31
leaf_value=-0.036984455537167379 0.014200928454204953 0.0042934156792319338 -0.072214558023537032 0.044424495932288505 0.19491155493643977 0.029889231748878961 -0.0074992817252973066 -0.0333362554302713 -0.12001170071824972 0.1031670168042183 -0.099140818964528005 0.1302253182320034 0.10627218246459963 -0.060788984528996726 0.088701707284365383 -0.18611042425036431 -0.04102361469580601 -0.17097248216517844 0.23524734973907471 0.054638449394454558 0.073818276986918036 0.006112863620676633 0.14785218624398114 -0.11169357194358971 0.11499911497462711 0.017736172829480732 0.15987367284297946 -0.0015797668140889569 -0.031251486547433649 0.098403066188097008
leaf_weight=80 373 23 122 237 31 25 453 272 108 32 115 85 20 132 21 38 146 52 21 45 85 56 20 149 306 34 25 110 157 25
leaf_count=80 373 23 122 237 31 25 453 272 108 32 115 85 20 132 21 38 146 52 21 45 85 56 20 149 306 34 25 110 157 25
internal_value=-3.06253e-11 0.0619955 -0.0437579 0.0906934 0.0647423 -0.0287125 -0.0233363 -0.0383193 -0.0587812 -0.000197588 -0.0760997 0.0353446 -0.0133035 -0.0772083 -0.0570417 -0.088802 -0.0247108 -0.101394 0.114939 -0.0208477 0.057498 0.0892454 0.0434127 -0.0855943 0.122721 0.118246 0.0779639 0.031286 -0.0370282 -0.0134418
internal_weight=3398 1406 1992 677 327 1374 1234 749 412 485 140 729 337 618 337 170 167 281 350 317 356 161 76 229 327 90 59 195 304 182
internal_count=3398 1406 1992 677 327 1374 1234 749 412 485 140 729 337 618 337 170 167 281 350 317 356 161 76 229 327 90 59 195 304 182
is_linear=0
shrinkage=0.05


Tree=60
num_leaves=31
num_cat=0
split_feature=23 12 24 0 6 15 3 16 17 21 9 3 14 17 17 6 4 12 29 11 16 3 20 24 5 8 18 4 10 10
split_gain=3332.66 470.669 343.462 256.834 196.48 161.278 147.257 142.461 136.205 136.064 151.273 135.469 132.133 129.005 151.015 126.336 124.814 124.49 124.175 128.772 120.011 119.029 135.659 115.809 128.781 113.388 112.38 165.923 111.877 158.979
threshold=59.225000000000009 2.5000000000000004 81.940000000000012 16.023800000000005 21.655000000000005 0.78656609248549303 18.175000000000004 5.4920707629706778 4.7022599330536403 50.07500000000001 3.6550000000000007 23.770000000000007 1.0000000180025095e-35 3.9971047226067764 0.34931061228028043 25.745000000000001 3.9450000000000007 3.5000000000000004 8.6567995677118166 17.500000000000004 -2.5309392010310723 20.945000000000004 86.865000000000023 76.475000000000009 179.32500000000002 1013.0750000000002 32.240000000000002 5.8850000000000007 292.69500000000005 147.18500000000003
decision_type=2 2 2 2 2 2 2 2 2 2 2 2 2 2 2 2 2 2 2 2 2 2 2 2 2 2 2 2 2 2
left_child=1 5 7 4 -3 -1 8 11 26 -7 -11 -2 -4 14 17 28 -16 21 19 -17 -13 -14 -23 24 -22 -8 -6 -28 29 -5
right_child=2 3 12 15 6 9 25 -9 -10 10 -12 20 13 -15 16 18 -18 -19 -20 -21 23 22 -24 -25 -26 -27 27 -29 -30 -31
leaf_value=0.0014682472378173669 0.0084629069769843711 -0.039569091550462572 0.066792330366619565 0.049588030652375895 -0.032999214513556051 -0.090845670940188486 -0.17117174148055103 0.14297114110005826 -0.17557494379580021 0.092550128229238374 -0.045968473955274453 0.0083364987167818799 0.25909259219964348 0.18863662256885114 -0.057111928222531631 -0.11473294940408107 0.078327834099531174 0.04609629817911097 -0.027896654014911718 -0.021539795620922456 0.1329503529950192 0.20198995778575923 0.083688181790057575 0.14731701628324834 0.023358525190461471 -0.093275386352951711 -0.1433522962768313 0.0022691926056588141 0.10737507243951161 -0.08122586897677847
leaf_weight=636 336 198 402 48 136 101 96 29 30 27 73 87 21 45 22 106 75 37 299 57 38 39 64 47 91 91 71 27 24 45
leaf_count=636 336 198 402 48 136 101 96 29 30 27 73 87 21 45 22 106 75 37 299 57 38 39 64 47 91 91 71 27 24 45
internal_value=-7.8791e-11 -0.0397841 0.061631 -0.0594915 -0.0810895 -0.0108703 -0.099318 0.0347398 -0.0752723 -0.0499117 -0.00856845 0.0294999 0.085585 0.110518 0.0968926 -0.0352824 0.0476095 0.126585 -0.0470358 -0.0821439 0.0563761 0.150602 0.128482 0.0801229 0.0556414 -0.133265 -0.062413 -0.103232 0.0111287 -0.013709
internal_weight=3398 2065 1333 1228 649 837 451 628 264 201 100 599 705 303 258 579 97 161 462 163 263 124 103 176 129 187 234 98 117 93
internal_count=3398 2065 1333 1228 649 837 451 628 264 201 100 599 705 303 258 579 97 161 462 163 263 124 103 176 129 187 234 98 117 93
is_linear=0
shrinkage=0.05


Tree=61
num_leaves=31
num_cat=0
split_feature=19 2 15 7 21 12 12 29 3 25 22 7 19 19 4 19 22 9 27 10 9 8 9 26 22 11 7 4 29 20
split_gain=3022.31 502.01 191.281 191.241 192.735 157.337 147.295 150.437 128.352 125.871 125.284 153.083 163.472 186.75 127.372 125.106 122.272 122.306 122.193 121.641 121.618 118.268 105.174 104.454 107.051 134.458 103.878 103.011 145.441 102.426
threshold=69.110000000000014 79.63000000000001 0.78656609248549303 68.800000000000026 29.060000000000006 2.5000000000000004 1.5000000000000002 9.8185474235338699 21.065000000000001 3.0998521197241788 45.305000000000007 64.165000000000006 53.820000000000007 49.630000000000003 4.5950000000000006 43.925000000000004 40.745000000000012 3.2050000000000005 4.0176640658037162 273.46000000000004 4.1950000000000012 1014.0350000000001 3.3450000000000002 41.095833333333339 53.745000000000012 20.500000000000004 71.815000000000012 4.3550000000000013 8.9857322529572876 83.210000000000022
decision_type=2 2 2 2 2 2 2 2 2 2 2 2 2 2 2 2 2 2 2 2 2 2 2 2 2 2 2 2 2 2
left_child=1 3 5 8 26 -2 7 -3 16 20 19 12 13 -12 -14 -10 17 -1 -19 -8 -6 -11 -7 -13 -25 27 -5 28 -26 -4
right_child=2 6 29 4 9 22 10 -9 15 21 11 23 14 -15 -16 -17 -18 18 -20 -21 -22 -23 -24 24 25 -27 -28 -29 -30 -31
leaf_value=0.042578559161417867 0.10229927496772416 0.042786827499532151 -0.015172870952272039 -0.21309165055001222 -0.16992087768183817 0.11561906622906387 -0.066732679598470138 -0.02168175005641039 -0.023853068568226363 -0.06677655715142207 0.032600178384687754 -0.12125398542445441 -0.11660926145586102 0.19780964576281035 0.030191151443868875 0.062880449669033875 -0.0016481022415466087 -0.19290867796675726 -0.069319970582992857 0.0058435658257408648 -0.056072162639121625 -0.012165220050366632 0.04946938241832554 0.054278389567678623 -0.046992853190749889 -0.12922632496803999 -0.10334026048952175 -0.042457636714809475 0.13736830847742765 0.055957389715289289
leaf_weight=22 406 238 87 27 45 71 201 146 225 269 50 26 22 26 45 51 86 22 220 81 49 157 391 44 20 30 107 90 23 121
leaf_count=22 406 238 87 27 45 71 201 146 225 269 50 26 22 26 45 51 86 22 220 81 49 157 391 44 20 30 107 90 23 121
internal_value=1.27449e-10 -0.0320998 0.0692712 -0.0530759 -0.0719842 0.079591 -0.0063327 0.0182753 -0.0333218 -0.0582054 -0.0206936 -0.0017991 0.0389249 0.0891192 -0.018012 -0.00782622 -0.0534268 -0.0702942 -0.0805553 -0.0458863 -0.110574 -0.0466498 0.0596352 -0.0267928 -0.0149281 -0.0336096 -0.125454 -0.0120419 0.0516189 0.0262058
internal_weight=3398 2322 1076 1280 654 868 1042 384 626 520 658 376 143 76 67 276 350 264 242 282 94 426 462 233 207 163 134 133 43 208
internal_count=3398 2322 1076 1280 654 868 1042 384 626 520 658 376 143 76 67 276 350 264 242 282 94 426 462 233 207 163 134 133 43 208
is_linear=0
shrinkage=0.05


Tree=62
num_leaves=31
num_cat=0
split_feature=2 23 2 12 23 29 14 6 3 21 19 7 27 9 25 8 4 16 16 5 9 7 17 11 4 7 25 8 10 2
split_gain=2743.47 321.95 298.573 132.814 129.928 127.607 137.873 152.428 203.573 137.334 131.363 132.135 130.279 127.818 124.087 120.936 115.711 111.168 121.606 105.377 105.233 104.967 105.31 105.489 103.044 102.618 112.818 107.034 139.997 101.857
threshold=104.19500000000001 82.835000000000022 58.985000000000007 2.5000000000000004 83.870000000000019 10.724027587331308 1.0000000180025095e-35 30.245000000000001 17.345000000000002 48.385000000000012 43.750000000000007 62.420000000000009 6.1398763559753418 6.0450000000000008 6.1952919908412882 1010.5350000000001 4.9350000000000014 2.6176461452040041 3.441571594618607 183.04500000000004 3.1550000000000007 56.065000000000005 -0.63930514554901363 6.5000000000000009 3.1850000000000005 50.480000000000011 1.6876306015095501 1012.6050000000001 42.140000000000008 129.90000000000003
decision_type=2 2 2 2 2 2 2 2 2 2 2 2 2 2 2 2 2 2 2 2 2 2 2 2 2 2 2 2 2 2
left_child=2 29 25 20 -5 6 7 8 9 14 11 12 -8 -10 -4 -7 -9 -6 -19 -14 -3 -12 23 -23 -13 -1 -27 -28 -29 -2
right_child=1 3 5 4 17 15 10 16 13 -11 21 24 19 -15 -16 -17 -18 18 -20 -21 -22 22 -24 -25 -26 26 27 28 -30 -31
leaf_value=0.010841899290680886 0.01216038171440393 -0.0036661704273327541 -0.10160936456663827 0.1649344126582146 0.027958798562745437 0.029668879602104428 0.11891083818674089 0.022553841592485292 -0.16178734086099125 0.0086048558123852353 -0.0059389602100598992 -0.13964087685777082 -0.087104300210873287 -0.016703029666095975 -0.00829326544802538 -0.091668142780013714 -0.038360044096103489 0.18553720853076533 0.05431058778342876 0.024899728375353983 0.1069813607651484 0.057216255490978564 0.016079016839680466 0.20043546974658968 -0.034490900932646854 0.034163657017052172 -0.10062497795692511 -0.15899625426779193 -0.045184228725060276 0.049549860176414495
leaf_weight=40 373 23 95 25 221 25 25 144 63 101 137 27 30 20 57 115 170 26 55 70 327 36 69 20 170 24 252 30 272 356
leaf_count=40 373 23 95 25 221 25 25 144 63 101 137 27 30 20 57 115 170 26 55 70 327 36 69 20 170 24 252 30 272 356
internal_value=-4.99921e-11 0.0534761 -0.0377447 0.0783041 0.0553924 -0.0247624 -0.01963 -0.0354717 -0.0588785 -0.036587 -0.00199799 -0.0233886 0.016821 -0.126827 -0.0666158 -0.0700008 -0.010425 0.0463243 0.0964327 -0.00870148 0.0997102 0.0242913 0.0574236 0.108366 -0.0489023 -0.0666082 -0.0719681 -0.0765659 -0.0564901 0.0304192
internal_weight=3398 1406 1992 677 327 1374 1234 650 336 253 584 322 125 83 152 140 314 302 81 100 350 262 125 56 197 618 578 554 302 729
internal_count=3398 1406 1992 677 327 1374 1234 650 336 253 584 322 125 83 152 140 314 302 81 100 350 262 125 56 197 618 578 554 302 729
is_linear=0
shrinkage=0.05


Tree=63
num_leaves=31
num_cat=0
split_feature=2 23 2 12 23 15 6 25 9 25 7 22 9 5 28 25 17 16 16 2 25 16 27 28 9 4 25 5 5 16
split_gain=2475.98 290.56 269.462 119.865 117.26 115.177 176.812 104.383 109.303 105.643 110.175 103.462 126.854 119.894 113.573 100.613 115.931 100.329 109.749 99.3621 98.7508 108.245 139.597 154.708 113.933 113.462 148.951 109.053 109.531 102.881
threshold=104.19500000000001 82.835000000000022 58.985000000000007 2.5000000000000004 83.870000000000019 0.60355339059327384 34.105000000000011 4.1320253303907926 3.1750000000000003 2.3578378245221736 65.720000000000013 32.855000000000011 3.2650000000000001 180.08000000000001 39.422916666666673 3.0769112332883251 -0.97504262141744047 2.6176461452040041 3.441571594618607 17.315000000000001 2.6239214811621783 -1.093134237900147 7.0452211844961647 57.334583333333342 4.8450000000000006 4.6150000000000011 4.7873130793808443 196.11500000000004 213.48500000000004 0.77992681896652638
decision_type=2 2 2 2 2 2 2 2 2 2 2 2 2 2 2 2 2 2 2 2 2 2 2 2 2 2 2 2 2 2
left_child=2 20 19 7 -5 11 15 9 -9 -3 -11 12 -4 -13 -15 16 -7 -6 -19 -1 -2 22 23 -22 -24 -25 -27 -23 29 -29
right_child=1 3 5 4 17 6 -8 8 -10 10 -12 13 -14 14 -16 -17 -18 18 -20 -21 21 27 24 25 -26 26 -28 28 -30 -31
leaf_value=-0.15530862161623582 0.073511857037731221 0.070303298106106624 0.061093002673366974 0.15668769228458404 0.026560859123457698 -0.18475428107194602 0.045231620450927455 -0.03802371407859028 0.084654448139138513 0.2051318225332282 0.086013113856315618 -0.0389865151858209 -0.048550657045944558 -0.040937895014805277 0.0190354112243304 -0.048461287717838142 -0.037586380711392219 0.17626034690497014 0.051595059802586385 -0.058910258311888813 -0.083241483218529644 0.034061559137987828 0.043718316462799549 0.11777662163367496 0.13725025670913357 -0.087030538247415315 0.06656345826769737 -0.1523375155714651 0.010540967908959869 -0.02984873273720344
leaf_weight=28 106 48 29 25 221 32 44 20 197 55 30 185 292 97 424 248 23 26 55 590 34 159 82 32 54 27 38 24 113 60
leaf_count=28 106 48 29 25 221 32 44 20 197 55 30 185 292 97 424 248 23 26 55 590 34 159 82 32 54 27 38 24 113 60
internal_value=6.72763e-11 0.0508023 -0.0358575 0.0743889 0.0526228 -0.0235243 -0.0484289 0.0947247 0.0733477 0.129603 0.16309 -0.0151096 -0.0386452 -0.00440859 0.00786956 -0.0620298 -0.123211 0.0440081 0.0916111 -0.0632778 0.0288982 0.0213074 0.0453732 0.00853609 0.080856 0.0407056 0.00276288 0.00325813 -0.0216035 -0.0648455
internal_weight=3398 1406 1992 677 327 1374 347 350 217 133 85 1027 321 706 521 303 55 302 81 618 729 623 267 131 136 97 65 356 197 84
internal_count=3398 1406 1992 677 327 1374 347 350 217 133 85 1027 321 706 521 303 55 302 81 618 729 623 267 131 136 97 65 356 197 84
is_linear=0
shrinkage=0.05


Tree=64
num_leaves=31
num_cat=0
split_feature=19 0 15 12 6 12 3 21 18 22 22 27 20 12 18 20 4 11 8 18 9 26 3 8 22 5 3 10 25 9
split_gain=2244.85 398.408 288.049 189.758 167.016 147.803 129.118 120.046 114.479 181.981 116.874 111.043 107.204 126.838 104.635 131.593 107.816 104.427 96.9714 161.874 120.103 105.654 96.264 99.6342 107.739 95.0921 94.8243 117.676 120.106 93.28
threshold=69.110000000000014 16.023800000000005 0.37940952255126048 1.5000000000000002 31.865000000000006 2.5000000000000004 26.865000000000006 38.300000000000004 97.885000000000019 93.890000000000015 87.40000000000002 4.5875043972488969 85.945000000000007 5.5000000000000009 94.515000000000015 91.640000000000015 4.1050000000000013 1.5000000000000002 1014.9550000000002 83.785000000000011 3.6550000000000007 77.596666666666678 17.995000000000001 1013.9750000000001 32.165000000000006 209.64500000000001 30.615000000000006 239.88500000000002 5.8076810788027275 3.7550000000000003
decision_type=2 2 2 2 2 2 2 2 2 2 2 2 2 2 2 2 2 2 2 2 2 2 2 2 2 2 2 2 2 2
left_child=1 2 3 -1 8 7 -5 -3 14 10 -10 25 13 18 15 16 29 -7 20 -20 -6 -22 -13 -24 -25 -4 27 28 -8 -2
right_child=4 5 11 6 12 17 26 -9 9 -11 -12 22 -14 -15 -16 -17 -18 -19 19 -21 21 -23 23 24 -26 -27 -28 -29 -30 -31
leaf_value=0.012673209367964703 0.19689833915233612 0.11152098705371222 -0.1776822612449831 -0.058094999250484475 -0.086704055727681237 -0.079465461631438569 0.16006830593814023 0.0080480053804409136 0.13672854143660515 0.25784963918003173 -0.0024415706707672639 -0.034177914040908218 0.062465130753242053 0.096928375700245734 -0.0073875980308422675 0.15573390351297955 0.047876193474243899 -0.015257157747919884 0.11397331264504994 -0.049710388878441376 0.10288077265024186 -0.010801909510337283 -0.11290264996272084 -0.13628987546332857 -0.0053690370375459847 -0.062174638347434141 -0.07833232106999137 -0.057493711978197096 0.0082007152773439888 0.07735878848470748
leaf_weight=195 25 30 49 405 42 70 23 427 48 22 22 125 325 46 39 48 208 664 44 23 25 112 148 22 55 28 26 25 30 47
leaf_count=195 25 30 49 405 42 70 23 427 48 22 22 125 325 46 39 48 208 664 44 23 25 112 148 22 55 28 26 25 30 47
internal_value=-2.11521e-11 -0.0276648 -0.0489181 -0.0292665 0.0597004 -0.00748212 -0.0453337 0.0148405 0.0825395 0.132412 0.0929894 -0.0813181 0.0427099 0.020722 0.0700373 0.0792433 0.0661306 -0.0213806 0.00647204 0.0577834 -0.0127339 0.00994311 -0.0693586 -0.0889034 -0.042775 -0.135679 0.00436163 0.0319263 0.0741055 0.118866
internal_weight=3398 2322 1131 704 1076 1191 509 457 459 92 70 427 617 292 367 328 280 734 246 67 179 137 350 225 77 77 104 78 53 72
internal_count=3398 2322 1131 704 1076 1191 509 457 459 92 70 427 617 292 367 328 280 734 246 67 179 137 350 225 77 77 104 78 53 72
is_linear=0
shrinkage=0.05


Tree=65
num_leaves=31
num_cat=0
split_feature=22 15 7 28 1 19 23 25 22 8 25 3 27 7 5 7 10 2 25 4 24 16 27 6 29 27 16 3 20 25
split_gain=2047.1 378.459 307.019 242.954 159.77 143.284 135.423 121.815 122.903 116.007 107.202 105.383 114.497 146.794 141.492 113.486 104.765 96.6168 93.2229 95.3021 162.679 93.037 94.5586 92.0893 90.948 116.119 123.573 106.927 137.973 93.2586
threshold=69.110000000000014 0.60355339059327384 65.575000000000017 47.477708333333332 75.043350000000018 25.175000000000004 51.030000000000008 5.0765144696903866 98.52500000000002 1014.9550000000002 5.5866149557181517 22.585000000000004 6.1398763559753418 62.420000000000009 222.18500000000003 54.390000000000008 186.12000000000003 191.85500000000005 10.416240381006295 4.8150000000000004 40.441666666666684 -2.7795517529507152 7.7502627098247716 34.250000000000007 10.428457055452911 6.9693575623579287 -4.3616687536623102 17.905000000000005 50.335000000000008 2.6967504379639355
decision_type=2 2 2 2 2 2 2 2 2 2 2 2 2 2 2 2 2 2 2 2 2 2 2 2 2 2 2 2 2 2
left_child=1 3 7 5 6 16 23 8 -2 -4 -9 -7 13 15 18 -13 -1 -12 19 20 -14 -21 -23 -3 25 27 -27 28 -5 -30
right_child=2 4 9 24 -6 11 -8 10 -10 -11 17 12 14 -15 -16 -17 -18 -19 -20 21 -22 22 -24 -25 -26 26 -28 -29 29 -31
leaf_value=-0.11337945805372376 0.099296516855865463 -0.032289465573815623 0.017717078589139155 0.089871028562386837 -0.082965789672369311 -0.03258213095837207 -0.1231914824283858 -0.025998595621316664 0.22575168652193889 0.069422414234909066 0.062726125565417318 0.019954010708765551 -0.067854970472610812 -0.0085218724661639753 0.056678969735555633 0.17055106089161387 -0.025797312631602249 0.17266782227564942 0.048071924140376435 -0.16417108370612066 0.05956465342770452 0.020592136064480092 -0.090641688843191209 0.05445861480065755 -0.050368808289157588 0.15835183529804153 0.036971185602113064 0.037244264342872473 0.022516715436270745 -0.076199478461258602
leaf_weight=76 226 243 414 21 334 634 37 31 21 147 218 22 55 63 54 29 62 22 31 24 46 29 56 35 47 24 166 111 33 87
leaf_count=76 226 243 414 21 334 634 37 31 21 147 218 22 55 63 54 29 62 22 31 24 46 29 56 35 47 24 166 111 33 87
internal_value=2.95432e-11 -0.0264721 0.0568942 -0.0138801 -0.0588736 -0.0261518 -0.0333282 0.0846502 0.110048 0.0312655 0.061502 -0.0198169 -2.91758e-05 0.0425271 -0.0164747 0.105588 -0.074031 0.0728041 -0.0328659 -0.0448139 -0.00982227 -0.0772373 -0.0526913 -0.0213679 0.0157575 0.0227891 0.0523035 0.000536119 -0.0283618 -0.0490525
internal_weight=3398 2319 1079 1670 649 1181 315 518 247 561 271 1043 409 114 295 51 138 240 241 210 101 109 85 278 489 442 190 252 141 120
internal_count=3398 2319 1079 1670 649 1181 315 518 247 561 271 1043 409 114 295 51 138 240 241 210 101 109 85 278 489 442 190 252 141 120
is_linear=0
shrinkage=0.05


Tree=66
num_leaves=31
num_cat=0
split_feature=2 0 6 21 18 12 11 17 14 9 7 7 25 21 20 17 27 9 8 20 2 3 29 7 21 15 20 4 4 10
split_gain=1853.67 332.295 230.539 175.766 125.192 120.47 115.888 108.647 106.175 115.506 106.144 217.99 103.903 103.489 100.422 99.2181 98.3108 113.999 113.214 93.2181 127.501 124.189 91.5697 91.1511 107.559 94.0696 106.325 96.2222 92.6564 134.917
threshold=124.39000000000001 16.023800000000005 21.135000000000002 49.630000000000003 100.32000000000001 2.5000000000000004 1.5000000000000002 2.6162597711922957 -0.78656609248549303 7.0600000000000014 50.480000000000011 52.375000000000007 9.5385706241206041 38.300000000000004 102.43500000000002 -1.3324721080534372 4.5875043972488969 3.9550000000000005 1010.9150000000001 91.640000000000015 190.02000000000001 22.920000000000005 7.4862101788493165 51.760000000000012 69.625000000000014 0.60355339059327384 83.545000000000016 4.5050000000000008 5.6350000000000007 94.230000000000004
decision_type=2 2 2 2 2 2 2 2 2 2 2 2 2 2 2 2 2 2 2 2 2 2 2 2 2 2 2 2 2 2
left_child=1 2 15 8 19 13 7 -7 9 -4 -10 -12 -8 -3 -6 -1 17 -13 -18 22 21 -21 -2 24 -24 27 -27 -25 -29 -30
right_child=4 5 3 -5 14 6 12 -9 10 -11 11 16 -14 -15 -16 -17 18 -19 -20 20 -22 -23 23 25 -26 26 -28 28 29 -31
leaf_value=-0.045002505612575405 0.081480757394797168 0.11093112339194006 -0.053122517749966118 -0.0006314778367855719 0.12989537341629759 -0.12070852924510839 -0.017845700749451739 0.002307665760495833 -0.018230925327869223 0.053685823455452919 -0.22110559512411468 -0.20469194371854105 0.055722517683170741 0.0080553113006984391 0.0077947544200079781 0.012756776056757466 -0.11658604080171397 -0.078909224978929701 -0.051053842758818524 0.049335441118963652 0.19640766126103701 0.15730738735968067 0.074779483384412274 0.088346186303175422 -0.052691088635790154 -0.026301998860741915 0.053943365462736731 0.0057861014774971409 -0.027838564211768765 0.098348004790558219
leaf_weight=118 111 26 162 112 85 50 623 28 61 30 29 31 52 409 21 201 89 43 254 189 20 31 23 130 59 95 73 128 28 87
leaf_count=118 111 26 162 112 85 50 623 28 61 30 29 31 52 409 21 201 89 43 254 189 20 31 23 130 59 95 73 128 28 87
internal_value=3.94195e-11 -0.0252075 -0.0446183 -0.0587824 0.0541028 -0.00674434 -0.0188461 -0.0765489 -0.0680999 -0.0364337 -0.0800918 -0.0885526 -0.0121782 0.0142042 0.105706 -0.00860873 -0.0793342 -0.131602 -0.0680578 0.0484869 0.0755378 0.0645497 0.0396418 0.0321874 -0.0169371 0.0396333 0.00856652 0.0536258 0.0350511 0.0676243
internal_weight=3398 2318 1130 811 1080 1188 753 78 699 192 507 446 675 435 106 319 417 74 343 974 240 220 734 623 82 541 168 373 243 115
internal_count=3398 2318 1130 811 1080 1188 753 78 699 192 507 446 675 435 106 319 417 74 343 974 240 220 734 623 82 541 168 373 243 115
is_linear=0
shrinkage=0.05


Tree=67
num_leaves=31
num_cat=0
split_feature=22 15 7 28 1 6 23 25 22 8 17 19 9 25 3 8 5 22 3 17 28 2 29 21 20 20 6 16 2 3
split_gain=1688.25 319.517 258.461 202.849 127.965 124.509 122.828 110.773 111.008 102.173 97.9282 97.0151 116.35 95.0809 88.6172 120.864 87.2824 85.9885 85.0504 104.09 84.4271 83.6006 127.779 82.9058 82.2282 108.943 81.8791 79.9674 84.5473 78.3837
threshold=69.110000000000014 0.60355339059327384 65.575000000000017 37.612500000000004 75.043350000000018 20.990000000000006 51.030000000000008 5.0765144696903866 98.52500000000002 1014.9550000000002 4.1338210146819092 20.180000000000003 6.455000000000001 5.5866149557181517 17.905000000000005 1014.0350000000001 196.73500000000004 98.52500000000002 15.555000000000001 -1.3796513466973559 48.200833333333343 175.37000000000003 9.577337010450794 48.780000000000008 85.945000000000007 88.445000000000007 34.250000000000007 1.2639801881151389 70.100000000000009 31.745000000000005
decision_type=2 2 2 2 2 2 2 2 2 2 2 2 2 2 2 2 2 2 2 2 2 2 2 2 2 2 2 2 2 2
left_child=1 3 7 5 6 27 26 8 -2 24 11 -7 -13 -9 18 23 -12 -11 -6 -20 29 -15 -23 -16 -4 -26 -3 -1 -29 -5
right_child=2 4 9 20 14 10 -8 13 -10 17 16 12 -14 21 15 -17 -18 -19 19 -21 -22 22 -24 -25 25 -27 -28 28 -30 -31
leaf_value=-0.036126246185334963 0.0911354629587139 -0.029857710751785355 -0.00057672370726672502 -0.0090933129580427971 -0.08087070779874922 -0.14521869433962781 -0.11653227322810406 -0.027345833855290571 0.2113152536607924 0.044597789123017567 -0.19214022117666901 -0.05162141385627686 0.049470407837493853 0.046958397930128536 -0.13455349896394184 -0.039230550196953123 -0.054262083464048129 0.13948229963580769 0.095593920312821878 -0.046672122263246116 0.015156442680060221 0.17543733494507302 0.038995433096715715 -0.025088998973369598 0.12923357028874657 0.023112442798023537 0.051940098468746455 -0.011650616057762285 0.098807201807697614 -0.10095960889011622
leaf_weight=89 226 243 273 714 62 23 37 31 21 117 24 207 33 171 128 68 22 30 20 36 463 37 32 20 31 110 35 41 30 24
leaf_count=89 226 243 273 714 62 23 37 31 21 117 24 207 33 171 128 68 22 30 20 36 463 37 32 20 31 110 35 41 30 24
internal_value=-1.53762e-10 -0.0240401 0.0516673 -0.0124702 -0.0538117 -0.040356 -0.0309499 0.077134 0.101353 0.0281525 -0.0588941 -0.0471222 -0.0377213 0.0550598 -0.0753731 -0.0944088 -0.126199 0.063962 -0.040528 0.00413718 -0.00158054 0.0657038 0.11216 -0.119761 0.0154376 0.046444 -0.0195594 -0.00455434 0.0350217 -0.0120808
internal_weight=3398 2319 1079 1670 649 469 315 518 247 561 309 263 240 271 334 216 46 147 118 56 1201 240 69 148 414 141 278 160 71 738
internal_count=3398 2319 1079 1670 649 469 315 518 247 561 309 263 240 271 334 216 46 147 118 56 1201 240 69 148 414 141 278 160 71 738
is_linear=0
shrinkage=0.05


Tree=68
num_leaves=31
num_cat=0
split_feature=22 15 7 12 0 8 5 2 16 8 12 25 28 19 28 17 10 25 7 22 20 7 20 19 26 20 7 4 6 20
split_gain=1525.38 297.753 232.875 184.695 121.308 116.28 114.016 104.239 99.8277 99.4549 107.123 133.822 118.141 121.87 104.034 105.651 99.3797 95.7002 134.025 113.396 95.3816 94.7687 91.9386 164.716 90.1324 88.9402 106.568 88.0661 86.2069 107.672
threshold=66.260000000000005 0.60355339059327384 65.575000000000017 2.5000000000000004 16.023800000000005 1008.2300000000001 159.53000000000003 195.74500000000003 5.6300303315281122 1014.0350000000001 5.5000000000000009 2.8084987321284194 29.443541666666672 35.055000000000007 55.646458333333335 0.70475672874620843 162.95000000000002 5.0765144696903866 51.895000000000003 83.250000000000014 85.945000000000007 47.930000000000007 91.035000000000011 84.360000000000014 94.02833333333335 37.970000000000006 49.645000000000003 4.8750000000000009 21.655000000000005 33.925000000000004
decision_type=2 2 2 2 2 2 2 2 2 2 2 2 2 2 2 2 2 2 2 2 2 2 2 2 2 2 2 2 2 2
left_child=1 3 7 -1 6 -6 -5 17 20 -3 11 -11 -13 16 15 -15 -14 18 19 21 -4 -2 23 -20 -24 28 -27 -25 29 -8
right_child=2 9 8 4 5 -7 25 -9 -10 10 -12 12 13 14 -16 -17 -18 -19 22 -21 -22 -23 24 27 -26 26 -28 -29 -30 -31
leaf_value=0.0080166559167574262 0.056150209932373123 -0.067790892375965736 0.0062965040199617905 0.030552305363946493 0.10285323719409378 -0.014665272231242435 -0.029241386629707579 0.18246210450306535 0.1157492679254762 -0.14006146995414948 0.054007909468242105 -0.13407627581618728 -0.016579364169211613 -0.016575489517139354 0.063336981092579667 -0.1359995358653607 0.13386354563028918 0.045470791708537628 0.13197360595537197 0.11762056883711081 0.050073788643474816 -0.080192155316472058 0.2450073141427267 0.083746909959749746 0.11762632171555264 0.0076876911520957951 -0.12185393537382608 -0.054748805410539114 -0.06259776789684901 0.094134226157551723
leaf_weight=653 26 406 380 45 22 487 112 20 29 29 35 21 21 46 20 31 23 272 74 26 185 25 21 22 41 20 77 24 184 21
leaf_count=653 26 406 380 45 22 487 112 20 29 29 35 21 21 46 20 31 23 272 74 26 185 25 21 22 41 20 77 24 184 21
internal_value=1.36389e-10 -0.0238819 0.0469921 -0.0125322 -0.0263942 -0.00958589 -0.0450334 0.0704045 0.0252745 -0.0529925 -0.0264077 -0.0411435 -0.023436 -0.00695761 -0.0382651 -0.0646553 0.0620612 0.0661839 0.0879366 0.0326394 0.0206307 -0.0106843 0.111332 0.0857876 0.160771 -0.0532493 -0.0951443 0.0114883 -0.0404297 -0.00976103
internal_weight=3398 2253 1145 1621 968 509 459 551 594 632 226 191 162 141 97 77 44 531 259 77 565 51 182 120 62 414 97 46 317 133
internal_count=3398 2253 1145 1621 968 509 459 551 594 632 226 191 162 141 97 77 44 531 259 77 565 51 182 120 62 414 97 46 317 133
is_linear=0
shrinkage=0.05


Tree=69
num_leaves=31
num_cat=0
split_feature=20 12 0 15 22 11 12 7 7 5 3 9 17 7 12 4 3 18 10 6 12 4 24 20 17 27 9 16 7 21
split_gain=1382.48 218.228 168.519 151.467 173.208 125.163 119.796 115.933 110.344 134.614 111.882 103.244 94.8938 94.6404 92.7798 95.3697 89.6745 88.4613 87.2813 136.173 176.922 129.456 86.5768 88.0187 86.0187 125.892 89.2708 88.198 84.2772 94.1631
threshold=61.055000000000007 2.5000000000000004 16.023800000000005 0.91597561503675351 69.690000000000012 11.500000000000002 2.5000000000000004 83.710000000000022 62.645000000000003 175.93500000000003 28.475000000000005 5.5050000000000008 -1.2820404951434698 73.145000000000024 5.5000000000000009 5.8850000000000007 14.260000000000002 81.135000000000005 212.15000000000003 21.990000000000006 5.5000000000000009 6.0450000000000008 34.923333333333339 27.825000000000003 0.30844315040692266 8.3267129312082897 4.1750000000000007 2.6520113333215307 47.245000000000012 86.995000000000019
decision_type=2 2 2 2 2 2 2 2 2 2 2 2 2 2 2 2 2 2 2 2 2 2 2 2 2 2 2 2 2 2
left_child=1 13 7 4 5 -2 28 18 10 -10 -4 -5 -13 -1 15 16 17 -8 19 22 21 -21 23 -3 25 27 -26 -18 -6 -30
right_child=3 2 8 11 6 -7 14 -9 9 -11 -12 12 -14 -15 -16 -17 24 -19 -20 20 -22 -23 -24 -25 26 -27 -28 -29 29 -31
leaf_value=0.0065485549772293849 0.065015817196829848 -0.025055039951962139 -0.0062719217508428685 -0.034807339681330887 0.16240836613708073 -0.014307077317666936 0.021370447350618167 -0.15137543097448847 -0.095243461816929859 -0.021661389168402108 0.096191228777170179 -0.013194679220517478 0.13056955500082537 -0.030596162327450743 0.082376640163791176 0.074894623335533067 0.066394626829200068 -0.085822899786657414 -0.02871468607184631 -0.13969685269534127 -0.0083304635911750115 -0.045597392583594604 -0.081449895766046318 0.093144882080100841 -0.062458005704377831 -0.011773927274503207 0.036478650591769177 0.18994641281664371 0.10435657185313388 0.053082589107182103
leaf_weight=577 71 63 238 101 27 166 39 30 78 306 30 24 22 244 102 85 52 38 261 129 52 51 45 21 38 38 57 20 138 255
leaf_count=577 71 63 238 101 27 166 39 30 78 306 30 24 22 244 102 85 52 38 261 129 52 51 45 21 38 38 57 20 138 255
internal_value=-1.77079e-10 -0.0246844 -0.0373983 0.0412053 0.0474369 0.00945632 0.0575623 -0.0553727 -0.0194239 -0.0366077 0.00519783 -0.00652846 0.0555621 -0.0044908 0.0401931 0.028469 0.0144755 -0.0315302 -0.0507424 -0.0666682 -0.089567 -0.113035 -0.0254858 0.00449494 0.0317557 0.0618549 -0.00309601 0.100715 0.0769578 0.0710872
internal_weight=3398 2125 1304 1273 1126 237 889 652 652 384 268 147 46 821 469 367 282 77 622 361 232 180 129 84 205 110 95 72 420 393
internal_count=3398 2125 1304 1273 1126 237 889 652 652 384 268 147 46 821 469 367 282 77 622 361 232 180 129 84 205 110 95 72 420 393
is_linear=0
shrinkage=0.05


Tree=70
num_leaves=31
num_cat=0
split_feature=23 12 12 12 23 25 18 16 15 3 3 10 25 5 9 3 26 9 25 17 28 28 28 25 23 17 9 8 10 27
split_gain=1251.11 242.116 161.732 160.351 168.654 135.904 124.883 168.704 113.235 103.173 169.064 116.237 103.338 102.763 102.498 106.175 101.426 97.9844 99.3313 97.6034 95.6554 92.5587 128.596 139.603 173.649 93.807 90.1473 88.9292 90.3906 88.2475
threshold=59.225000000000009 2.5000000000000004 1.5000000000000002 5.5000000000000009 33.715000000000011 11.903882042884645 75.220000000000013 4.1538165778545411 -0.5 20.845000000000002 20.035000000000004 322.78000000000003 8.19565625747728 234.41500000000005 3.3650000000000007 18.175000000000004 39.461666666666673 4.9050000000000011 6.1684708840305396 -2.4002692253945077 87.076041666666683 51.432708333333338 41.318750000000009 4.0475896565331944 45.445000000000007 -2.1772643897326627 8.0050000000000008 1014.4350000000001 68.050000000000011 7.0317547566469054
decision_type=2 2 2 2 2 2 2 2 2 2 2 2 2 2 2 2 2 2 2 2 2 2 2 2 2 2 2 2 2 2
left_child=1 -1 8 4 13 6 7 -4 17 10 11 21 16 14 -3 -16 19 18 -2 -11 -19 22 23 25 -25 -6 -10 28 -5 -17
right_child=2 3 5 27 9 -7 -8 -9 26 12 -12 -13 -14 -15 15 29 -18 20 -20 -21 -22 -23 -24 24 -26 -27 -28 -29 -30 -31
leaf_value=-0.0036383319737917103 0.015900881115983173 0.0046678687151717512 -0.013509125944635806 0.049862408479957876 -0.22053397517651319 0.14005300375418023 0.037686395568577606 0.092455317565174999 0.05534244203926602 -0.12757154768880677 -0.19116858299821615 0.042693221043137941 0.040554483114358261 -0.16606228686869146 -0.042628634833665781 -0.17605601530522108 0.017167952364215103 0.08984920558333398 0.12972000077263349 -0.031860897623426553 0.22816437834501269 -0.15360823788426139 0.0014415116039114995 -0.0037613156091036467 -0.14691954489265169 -0.089936060424555431 -0.055796696618199353 0.031576571816578511 -0.040479092771555619 -0.084510143829340301
leaf_weight=837 41 38 297 33 20 26 612 43 208 34 21 34 68 32 86 40 78 25 36 123 25 22 91 87 28 44 20 100 172 77
leaf_count=837 41 38 297 33 20 26 612 43 208 34 21 34 68 32 86 40 78 25 36 123 25 22 91 87 28 44 20 100 172 77
internal_value=1.22172e-10 -0.0243759 0.0377617 -0.0385106 -0.0488968 0.0272687 0.0241885 -0.00010774 0.066669 -0.0350454 -0.05366 -0.0448021 -0.0137278 -0.0818762 -0.0706979 -0.0848058 -0.029435 0.104505 0.069115 -0.052588 0.159007 -0.0549899 -0.0469543 -0.0715578 -0.0386172 -0.130748 0.0455934 -0.00707963 -0.0259363 -0.115808
internal_weight=3398 2065 1333 1228 923 978 952 340 355 650 347 326 303 273 241 203 235 127 77 157 50 292 270 179 115 64 228 305 205 117
internal_count=3398 2065 1333 1228 923 978 952 340 355 650 347 326 303 273 241 203 235 127 77 157 50 292 270 179 115 64 228 305 205 117
is_linear=0
shrinkage=0.05


Tree=71
num_leaves=31
num_cat=0
split_feature=2 19 23 15 9 6 3 29 3 25 9 17 5 5 17 4 5 9 16 25 3 14 20 10 4 25 16 27 28 9
split_gain=1135.59 146.327 135.635 125.212 120.514 117.04 95.7067 119.091 106.268 126.084 99.2626 137.125 92.104 111.771 92.4679 91.9814 143.429 109.213 90.155 142.277 117.388 86.7058 86.2287 85.3988 84.2187 82.3481 90.4184 116.369 110.543 96.9911
threshold=104.19500000000001 25.175000000000004 82.835000000000022 0.60355339059327384 3.3650000000000007 34.105000000000011 22.585000000000004 10.724027587331308 15.885000000000003 7.6649972640300499 7.3050000000000006 4.1338210146819092 190.90000000000001 188.10500000000005 5.3466084587762674 4.4750000000000005 197.03500000000003 3.2050000000000005 1.8836382788601505 8.0936002043999427 21.465000000000003 0.78656609248549325 54.750000000000007 75.095000000000013 5.5650000000000004 2.5486205233808534 -1.093134237900147 7.0452211844961647 57.334583333333342 4.8450000000000006
decision_type=2 2 2 2 2 2 2 2 2 2 2 2 2 2 2 2 2 2 2 2 2 2 2 2 2 2 2 2 2 2
left_child=1 4 25 6 -1 -5 8 22 10 23 11 15 13 -4 -14 16 -3 -17 19 20 -6 -22 -8 -10 -7 -2 27 28 -27 -29
right_child=2 3 12 5 18 24 7 -9 9 -11 -12 -13 14 -15 -16 17 -18 -19 -20 -21 21 -23 -24 -25 -26 26 -28 29 -30 -31
leaf_value=0.026525523800935064 0.060635540530067658 0.089503030052239252 0.039509505680025092 -0.046554395063609193 -0.062472960652049749 0.088997739476376569 0.01234054970581242 -0.054318922349036895 -0.12858783613617827 0.014867706785895933 0.056160417413671643 -0.10800924551052352 0.05973103811619649 -0.064000550464823322 0.15564991511680462 0.06916223583476884 -0.017414975176527077 -0.035763289646378586 -0.034894215555654633 -0.0255915557272559 -0.26477915838593619 -0.13357837597894318 0.10503028479439241 -0.048461095125888032 -0.040734864906831224 -0.076739025882938336 -0.0038931296958329797 0.032817861959562607 0.028033279560352727 0.11890934655028913
leaf_weight=35 104 55 259 490 33 29 355 65 41 67 56 36 362 29 27 28 73 217 90 43 20 34 27 176 22 34 357 83 97 54
leaf_count=35 104 55 259 490 33 29 355 65 41 67 56 36 362 29 27 28 73 217 90 43 20 34 27 176 22 34 357 83 97 54
internal_value=3.12896e-11 -0.0242839 0.034405 -0.0190916 -0.0596525 -0.0390515 -0.0100629 0.00824605 -0.0209896 -0.0450884 -0.00627111 -0.0148192 0.0505201 0.0290866 0.0663886 -0.00582498 0.0285264 -0.0237718 -0.0733626 -0.0999946 -0.136768 -0.182171 0.0188919 -0.0636002 0.0330347 0.0194394 0.0125844 0.0345339 0.000840467 0.0667517
internal_weight=3398 1992 1406 1737 255 541 1196 447 749 284 465 409 677 288 389 373 128 245 220 130 87 54 382 217 51 729 625 268 131 137
internal_count=3398 1992 1406 1737 255 541 1196 447 749 284 465 409 677 288 389 373 128 245 220 130 87 54 382 217 51 729 625 268 131 137
is_linear=0
shrinkage=0.05


Tree=72
num_leaves=31
num_cat=0
split_feature=28 12 28 15 6 22 17 3 3 12 14 14 8 5 22 3 29 6 8 2 17 6 17 10 25 16 18 6 18 4
split_gain=1029.43 179.824 163.562 153.38 147.557 129.677 127.939 126.717 184.346 104.38 121.75 109.285 105.714 128.644 102.778 98.2544 95.5644 108.295 92.7914 97.8254 106.623 107.549 96.0711 91.5084 91.1157 135.562 90.6878 102.177 100.824 113.424
threshold=52.326666666666675 1.5000000000000002 83.171250000000001 0.60355339059327384 31.625000000000004 49.245000000000012 -2.9667596340900153 31.745000000000005 27.690000000000001 5.5000000000000009 0.25881904510252091 -0.98296291314453399 1012.5350000000001 226.78500000000005 34.670000000000009 12.685 6.9922966333877943 29.455000000000002 1018.1450000000001 172.29500000000004 -0.63930514554901363 31.080000000000002 2.0851330841531275 290.82500000000005 3.1841531988096352 1.9645372289235425 80.090000000000018 32.385000000000005 69.655000000000015 3.1350000000000002
decision_type=2 2 2 2 2 2 2 2 2 2 2 2 2 2 2 2 2 2 2 2 2 2 2 2 2 2 2 2 2 2
left_child=1 6 9 7 24 -6 -1 8 14 10 11 -2 13 -12 16 -11 -3 -18 19 20 21 -4 -21 -23 25 -5 28 -28 29 -13
right_child=2 3 18 4 5 -7 -8 -9 -10 15 12 26 -14 -15 -16 -17 17 -19 -20 22 -22 23 -24 -25 -26 -27 27 -29 -30 -31
leaf_value=-0.041336943255370767 0.085917493807418019 0.060469026491045956 0.12102989492794643 -0.18515359135344625 0.059913552838356005 -0.06776329367547422 0.017385048785403933 -0.12828959875873155 0.035950533188288177 0.15766756504774093 0.081975168677032459 -0.12127761078568607 0.0049674944046677813 -0.038043755872382061 -0.010809681605592016 0.03856276172112183 -0.06151540844820972 0.015815086124572331 0.14004248551748419 0.049337409807787849 0.0093644262894869174 0.074276323435274336 0.12313840900228096 -0.0077162882416612569 -0.061622764445641492 -0.038499325427871489 0.024405706633946728 -0.10741633786154646 0.039088451886630578 -0.010167053237682692
leaf_weight=127 28 20 52 40 43 37 344 28 126 20 129 26 180 27 399 129 350 52 27 129 235 74 67 63 261 26 21 49 92 197
leaf_count=127 28 20 52 40 43 37 344 28 126 20 129 26 180 27 399 129 350 52 27 129 235 74 67 63 261 26 21 49 92 197
internal_value=-4.24584e-11 -0.0251295 0.0301392 -0.0342226 -0.060004 0.000863011 0.00155131 -0.0234605 -0.0203611 0.0163302 0.00872708 -0.00945564 0.0310767 0.0612027 -0.0290033 0.05455 -0.0462053 -0.0515125 0.0493052 0.0453537 0.0318503 0.0598089 0.0745653 0.0365717 -0.074895 -0.127381 -0.0163919 -0.0678697 -0.00495235 -0.0231216
internal_weight=3398 1853 1545 1382 407 80 471 975 947 898 749 413 336 156 821 149 422 402 647 620 424 189 196 137 327 66 385 70 315 223
internal_count=3398 1853 1545 1382 407 80 471 975 947 898 749 413 336 156 821 149 422 402 647 620 424 189 196 137 327 66 385 70 315 223
is_linear=0
shrinkage=0.05


Tree=73
num_leaves=31
num_cat=0
split_feature=22 15 7 12 21 29 23 22 3 3 4 18 27 7 23 2 6 8 25 22 26 18 24 26 25 8 7 25 3 7
split_gain=932.456 191.697 172.528 138.625 130.335 116.588 122.543 103.1 131.828 128.487 103.853 96.8742 103.764 91.5359 91.5094 100.016 91.2681 90.6803 90.4619 94.0055 90.2021 88.3195 108.593 104.438 83.8782 83.7658 82.4375 80.481 91.9273 137.187
threshold=69.110000000000014 0.37940952255126048 65.575000000000017 1.5000000000000002 29.060000000000006 8.8762618808099898 55.070000000000007 34.670000000000009 31.745000000000005 27.615000000000006 4.6450000000000005 25.620000000000001 7.3616696552143397 64.165000000000006 47.670000000000009 50.775000000000013 34.250000000000007 1008.8650000000001 5.0765144696903866 98.52500000000002 32.322500000000005 55.005000000000003 47.57833333333334 36.018333333333338 5.5866149557181517 1014.9550000000002 71.815000000000012 9.9085231574738355 17.795000000000005 59.32500000000001
decision_type=2 2 2 2 2 2 2 2 2 2 2 2 2 2 2 2 2 2 2 2 2 2 2 2 2 2 2 2 2 2
left_child=1 3 18 5 26 6 21 9 13 11 -11 -5 -13 17 15 -14 -6 -9 19 -2 -17 22 23 -1 -20 -4 -3 28 29 -19
right_child=2 4 25 7 16 -7 -8 8 -10 10 -12 12 14 -15 -16 20 -18 27 24 -21 -22 -23 -24 -25 -26 -27 -28 -29 -30 -31
leaf_value=0.083829389293404194 0.071688802330857712 -0.16095801647062657 0.0076735243964141707 0.018264300464135078 -0.034145651866781812 -0.0049235807366603537 0.12645694501698018 0.095507756428372476 -0.11572407265380025 -0.037875281602144241 0.10010895644625029 -0.030924404802329802 -0.13748363814119138 -0.031047464236617091 -0.15934972288933669 0.04700911864638329 0.029849265912761453 -0.062804750085907801 -0.038141861630062904 0.18228272348642349 -0.069490115082374335 -0.050553320091346214 0.143788934563813 -0.035362479686737058 0.049254386185202753 0.051610075119806802 -0.062705123451008801 0.07728059613020033 0.019940801301728126 0.039542240292454761
leaf_weight=34 226 27 414 54 643 227 40 31 25 25 30 206 33 160 33 24 61 103 31 21 54 29 23 40 240 147 102 37 230 48
leaf_count=34 226 27 414 54 643 227 40 31 25 25 30 206 33 160 33 24 61 103 31 21 54 29 23 40 240 147 102 37 230 48
internal_value=2.91929e-11 -0.0178662 0.0383983 -0.00710306 -0.0370668 0.0183649 0.0502113 -0.0162604 -0.00319409 -0.0343083 0.0373888 -0.0440691 -0.0536862 0.00142537 -0.0862483 -0.0645154 -0.0286006 0.012997 0.0592051 0.0810915 -0.0336442 0.0260063 0.0488953 0.0194014 0.039257 0.0191863 -0.0832697 0.00687776 4.07417e-05 -0.0302706
internal_weight=3398 2319 1079 1486 833 393 166 1093 634 459 55 404 350 609 144 111 704 449 518 247 78 126 97 74 271 561 129 418 381 151
internal_count=3398 2319 1079 1486 833 393 166 1093 634 459 55 404 350 609 144 111 704 449 518 247 78 126 97 74 271 561 129 418 381 151
is_linear=0
shrinkage=0.05


Tree=74
num_leaves=31
num_cat=0
split_feature=20 12 0 15 22 6 29 15 7 7 4 24 9 12 7 22 26 8 21 5 17 23 29 10 19 24 20 4 5 15
split_gain=844.38 144.46 148.424 123.255 112.557 111.887 115.703 138.666 103.16 102.582 101.293 96.3831 91.6042 91.173 89.5058 137.841 107.2 131.59 119.337 105.924 84.1139 83.0732 121.052 103.381 97.2659 93.0426 81.3218 79.5557 78.3464 79.6961
threshold=61.055000000000007 1.5000000000000002 16.023800000000005 0.91597561503675351 69.690000000000012 32.275000000000013 9.9710607736206622 -0.78656609248549325 72.405000000000015 52.210000000000008 7.1550000000000011 41.786666666666669 5.5050000000000008 2.5000000000000004 62.125000000000007 57.415000000000006 40.00416666666667 1015.5550000000001 36.365000000000002 175.93500000000003 -1.2820404951434698 40.335000000000008 10.402974676188782 66.655000000000015 50.785000000000004 58.199999999999996 105.25500000000001 5.7550000000000008 187.02000000000001 -0.78656609248549325
decision_type=2 2 2 2 2 2 2 2 2 2 2 2 2 2 2 2 2 2 2 2 2 2 2 2 2 2 2 2 2 2
left_child=1 21 8 4 5 6 7 9 10 -2 -3 -10 -5 26 15 16 -4 18 -18 -16 -14 23 25 -1 -24 28 -6 -15 -23 -30
right_child=3 2 14 12 13 -7 -8 -9 11 -11 -12 -13 20 27 19 -17 17 -19 -20 -21 -22 22 24 -25 -26 -27 -28 -29 29 -31
leaf_value=-0.077381734885275374 -0.015421146848078432 -0.035474908176838384 0.069900341008020492 -0.037493854670757706 0.069117864375337873 -0.046399343305307893 -0.040434267033230178 0.15915985739231109 -0.059153050836585952 0.087906503268494848 0.051181738813304234 -0.1711158625515444 -0.01710465226788074 0.018216976665760613 -0.072365968192907734 0.12489550318568945 -0.092528199116457946 -0.089415624130355281 0.020962146290240846 -0.012944565713405611 0.11824774899604647 0.0036743373903273431 0.035243505638624939 -0.00074016995939680131 -0.10605148806654174 -0.037365744801971953 -0.015029896218930522 0.064445495729160029 0.16212979494170709 0.057293008379999878
leaf_weight=55 58 533 46 101 389 69 44 25 227 41 36 21 24 341 94 24 27 46 163 371 22 54 21 220 29 33 31 128 22 103
leaf_count=55 58 533 46 101 389 69 44 25 227 41 36 21 24 341 94 24 27 46 163 371 22 54 21 220 29 33 31 128 22 103
internal_value=-7.75954e-11 -0.0192913 -0.0268723 0.0322027 0.0378242 0.00720706 0.029224 0.0539414 -0.0417219 0.0273711 -0.0299922 -0.0686338 -0.0108567 0.0459864 -0.0111368 0.00986391 7.39909e-05 -0.0135362 0.00483457 -0.0249566 0.0476291 0.00312694 0.0232748 -0.0160685 -0.0467076 0.0397801 0.062907 0.0308337 0.0540025 0.0757443
internal_weight=3398 2125 1588 1273 1126 237 168 124 817 99 569 248 147 889 771 306 282 236 190 465 46 537 262 275 50 212 420 469 179 125
internal_count=3398 2125 1588 1273 1126 237 168 124 817 99 569 248 147 889 771 306 282 236 190 465 46 537 262 275 50 212 420 469 179 125
is_linear=0
shrinkage=0.05


Tree=75
num_leaves=31
num_cat=0
split_feature=22 15 7 12 22 3 3 4 8 12 28 22 25 22 16 2 23 22 16 29 10 23 21 28 5 6 11 26 19 23
split_gain=765.439 173.847 145.972 144.707 94.6943 89.2942 139.354 132.191 87.7501 100.964 107.197 97.2925 127.494 97.8306 85.2292 84.461 83.8328 83.6114 79.9089 89.9274 79.4828 77.4012 140.497 76.8785 75.5314 78.2982 101.076 81.901 90.7115 73.4407
threshold=66.260000000000005 0.78656609248549303 65.575000000000017 1.5000000000000002 56.115000000000002 31.745000000000005 27.690000000000001 3.4350000000000005 1013.8350000000002 5.5000000000000009 29.443541666666672 54.030000000000008 5.0041732206634952 50.335000000000008 5.6300303315281122 195.74500000000003 72.815000000000012 99.660000000000011 -3.1486263223383593 9.1946254125173166 238.58500000000001 52.445000000000007 65.725000000000009 95.071666666666673 220.69500000000002 28.435000000000006 13.500000000000002 49.285833333333336 34.695000000000007 29.575000000000003
decision_type=2 2 2 2 2 2 2 2 2 2 2 2 2 2 2 2 2 2 2 2 2 2 2 2 2 2 2 2 2 2
left_child=1 3 15 21 5 6 24 -8 -3 10 -10 13 -13 20 -4 16 -2 23 -6 -20 29 -1 -23 -18 -5 26 27 28 -26 -12
right_child=2 8 14 4 18 -7 7 -9 9 -11 11 12 -14 -15 -16 -17 17 -19 19 -21 -22 22 -24 -25 25 -27 -28 -29 -30 -31
leaf_value=0.0022328622827785059 0.13740413030982018 -0.062016275552982503 0.011803125676789643 -0.034768447570713713 0.084593269435895818 -0.10413647604485353 -0.085842951063228701 0.044508175226667578 -0.13846701482931775 0.068211928106330588 0.0056775336915796462 -0.17104013368487359 0.0074910360760986816 0.096020654335618016 0.099692051754943264 0.15269265674054622 0.043569392594355313 0.13093886759418707 -0.055161365783876849 0.038342340977105781 0.057477337528358811 0.074703344145139766 -0.068071427089827399 -0.046487588047981261 -0.03929391477497355 0.04119541186955758 -0.084867208326856292 -0.082900754876789606 0.069568447299301631 -0.12351635450666601
leaf_weight=358 25 278 565 777 36 33 23 126 21 29 22 20 20 25 29 20 455 26 45 60 22 96 21 25 31 72 45 21 50 22
leaf_count=358 25 278 565 777 36 33 23 126 21 29 22 20 20 25 29 20 455 26 45 60 22 96 21 25 31 72 45 21 50 22
internal_value=-6.11249e-11 -0.0169175 0.0332883 -0.00989213 -0.0184138 -0.0230488 -0.0207118 0.0243869 -0.044376 -0.0172822 -0.0335936 -0.0167818 -0.0817745 0.0117864 0.016094 0.0518244 0.0480252 0.0436093 0.0203095 -0.00173068 -0.0201205 0.0137713 0.0490771 0.0388789 -0.0274585 -0.0015231 -0.0224465 0.00509211 0.0279051 -0.0589194
internal_weight=3398 2253 1145 1794 1319 1178 1145 149 459 181 152 131 40 91 594 551 531 506 141 105 66 475 117 480 996 219 147 102 81 44
internal_count=3398 2253 1145 1794 1319 1178 1145 149 459 181 152 131 40 91 594 551 531 506 141 105 66 475 117 480 996 219 147 102 81 44
is_linear=0
shrinkage=0.05


Tree=76
num_leaves=31
num_cat=0
split_feature=28 15 7 22 25 23 27 16 25 4 8 4 2 2 20 27 27 4 5 8 3 22 29 25 25 4 5 27 12 10
split_gain=699.615 158.478 142.754 129.773 128.211 101.028 88.4883 84.538 83.5188 122.991 102.874 94.9292 90.3313 86.9767 82.4692 97.5764 117.718 96.7747 94.3762 89.5339 80.8519 79.409 110.638 129.056 88.6536 87.4201 86.627 121.464 111.509 98.9389
threshold=48.200833333333343 0.78656609248549303 67.645000000000024 72.455000000000027 4.9687907428901825 20.680000000000003 3.422384475067882 4.6993800695886199 2.3578378245221736 4.0850000000000009 1014.1450000000001 5.7650000000000006 142.48000000000002 155.84000000000003 82.870000000000019 4.2579245790438511 4.8658697395546353 6.3650000000000011 171.25500000000002 1013.6050000000001 13.445000000000002 32.855000000000011 6.8092728575293124 2.1389261305577638 7.4045096841560332 6.3350000000000009 220.69500000000002 5.7840718889794207 4.5000000000000009 82.340000000000018
decision_type=2 2 2 2 2 2 2 2 2 2 2 2 2 2 2 2 2 2 2 2 2 2 2 2 2 2 2 2 2 2
left_child=2 3 5 6 8 -1 -2 14 10 -10 -5 12 -11 -12 15 -3 -17 -18 -16 -20 -6 22 -7 -24 26 -26 28 -28 -25 -30
right_child=1 7 -4 4 20 21 -8 -9 9 11 13 -13 -14 -15 18 16 17 -19 19 -21 -22 -23 23 24 25 -27 27 -29 29 -31
leaf_value=-0.10969259847700596 -0.066864940230593542 0.073302061408758168 -0.039865070214439739 -0.019774699130923386 -0.01729548769594913 0.083584754492925573 0.017480096864731766 0.070979452703613791 0.13770395757063578 -0.0585442647256929 0.15651437537301155 0.10013424480067833 0.052742949846750979 0.01260904691049031 -0.0720603820190511 -0.15760254904627802 -0.044167191661413641 0.063728965229044351 0.0027461032210676761 0.10454352791938518 0.036656070951242709 0.0055000293254491321 0.065988539554404493 -0.10357198908459396 -0.023001022640811771 0.082082480460405352 -0.09689108448272403 0.048135763867979964 -0.11944858580051612 -0.0033570331807893056
leaf_weight=25 33 20 707 54 89 23 539 32 69 23 21 84 88 21 22 20 155 24 54 36 316 516 33 108 95 25 22 42 24 78
leaf_count=25 33 20 707 54 89 23 539 32 69 23 21 84 88 21 22 20 155 24 54 36 316 516 33 108 95 25 22 42 24 78
internal_value=3.41024e-11 0.0226742 -0.0227009 0.0306288 0.0440987 -0.0104557 0.012614 -0.00662413 0.0658096 0.0803322 0.0258725 0.0600315 0.0296834 0.0845617 -0.0141266 -0.0319746 -0.0425551 -0.0297007 0.0207726 0.0434651 0.0248 -0.00788741 -0.0232383 -0.0289923 -0.0369475 -0.00110863 -0.0526434 -0.00171722 -0.0681638 -0.0306727
internal_weight=3398 1700 1698 1337 765 991 572 363 360 264 96 195 111 42 331 219 199 179 112 90 405 966 450 427 394 120 274 64 210 102
internal_count=3398 1700 1698 1337 765 991 572 363 360 264 96 195 111 42 331 219 199 179 112 90 405 966 450 427 394 120 274 64 210 102
is_linear=0
shrinkage=0.05


Tree=77
num_leaves=31
num_cat=0
split_feature=26 12 12 23 10 15 5 9 5 9 5 29 21 3 4 17 4 28 22 16 14 5 11 15 22 5 23 21 4 3
split_gain=632.565 157.822 140.801 134.211 109.916 107.184 88.4366 95.7285 87.8967 85.6389 96.7893 154.179 81.1075 78.4643 83.2168 136.321 139.083 83.0653 115.306 88.2929 81.9816 79.9444 75.9331 74.3031 100.691 94.2119 80.9642 79.2006 105.081 74.4893
threshold=70.784166666666678 2.5000000000000004 5.5000000000000009 33.715000000000011 22.650000000000002 0.91597561503675351 222.48500000000004 5.5050000000000008 234.41500000000005 3.3650000000000007 194.27000000000001 8.641970819725314 23.065000000000001 10.080000000000002 4.0650000000000004 1.551525298049832 3.7350000000000008 75.761041666666685 69.110000000000014 6.5281212736475522 0.78656609248549325 200.29500000000004 13.500000000000002 0.1294095225512602 61.570000000000007 148.07000000000002 55.990000000000002 50.07500000000001 6.2550000000000008 28.380000000000006
decision_type=2 2 2 2 2 2 2 2 2 2 2 2 2 2 2 2 2 2 2 2 2 2 2 2 2 2 2 2 2 2
left_child=1 23 3 8 -5 13 7 -7 9 -3 11 -11 -4 -2 15 20 -17 -16 21 -20 -15 -19 -12 24 25 -1 27 29 -29 -25
right_child=5 2 12 4 -6 6 -8 -9 -10 10 22 -13 -14 14 17 16 -18 18 19 -21 -22 -23 -24 26 -26 -27 -28 28 -30 -31
leaf_value=-0.087340560276061296 -0.016644923205746977 0.014853515348544247 -0.059247819410467695 -0.1077975916122464 -0.01951336114532819 -0.018033265645462503 -0.08654050301631977 0.084476112469565129 -0.14223306589992718 -0.20557069297020256 -0.075886579270058485 -0.065629612156592396 0.013885036537365947 0.078039250305261126 0.12207434031367302 -0.017737050047860695 0.13027250163611911 -0.099164808895771533 0.032072724725171996 0.13907365024089813 0.1700970608560789 0.021417766229973902 0.01306918013878927 -0.03814544725493331 0.12107680062098164 0.014200773120971736 -0.08942391567609527 -0.0016055976605618045 0.09667043304618668 0.041820215729667862
leaf_weight=24 61 38 44 37 748 79 29 32 32 26 47 81 274 110 25 65 21 28 535 20 31 27 49 203 21 474 33 136 34 34
leaf_count=24 61 38 44 37 748 79 29 32 32 26 47 81 274 110 25 65 21 28 535 20 31 27 49 203 21 474 33 136 34 34
internal_value=-9.18686e-11 -0.0145557 -0.0254077 -0.0341764 -0.0236745 0.0319733 -0.00879334 0.011519 -0.0643741 -0.054036 -0.0669316 -0.099634 0.00376603 0.0381568 0.0420349 0.0680182 0.0184048 0.0327463 0.0290853 0.0359286 0.0982789 -0.0399697 -0.0304821 0.00101503 0.0138297 0.00930721 -0.0141004 -0.00799313 0.0180496 -0.0266736
internal_weight=3398 2335 1376 1058 785 1063 140 111 273 241 203 107 318 923 862 227 86 635 610 555 141 55 96 959 519 498 440 407 170 237
internal_count=3398 2335 1376 1058 785 1063 140 111 273 241 203 107 318 923 862 227 86 635 610 555 141 55 96 959 519 498 440 407 170 237
is_linear=0
shrinkage=0.05


Tree=78
num_leaves=31
num_cat=0
split_feature=28 15 7 22 25 23 9 22 27 27 29 27 25 4 4 8 29 2 12 2 25 2 25 22 29 5 6 29 19 19
split_gain=578.12 136.193 121.974 103.913 114.822 88.397 81.1066 87.6156 78.5145 104.927 87.1299 78.201 75.3437 106.885 91.961 91.645 83.0953 101.184 82.2418 77.1166 75.513 72.6026 71.7469 79.8157 117.651 75.0652 86.2542 94.1468 101.762 89.548
threshold=48.200833333333343 0.78656609248549303 67.645000000000024 72.455000000000027 4.9687907428901825 20.680000000000003 3.1750000000000003 99.105000000000004 3.1641597994210247 4.5875043972488969 7.8782216453317035 3.422384475067882 2.3578378245221736 4.1450000000000005 5.7650000000000006 1014.1450000000001 7.7657195682474445 162.42500000000004 1.5000000000000002 155.84000000000003 4.4311021948899159 191.85500000000005 1.8529009817445268 32.855000000000011 6.8092728575293124 243.89000000000001 25.895000000000003 9.3791388880129016 33.155000000000008 43.750000000000007
decision_type=2 2 2 2 2 2 2 2 2 2 2 2 2 2 2 2 2 2 2 2 2 2 2 2 2 2 2 2 2 2
left_child=2 3 5 11 12 -1 -3 -8 -4 10 -10 -2 15 16 18 -5 -14 -18 -15 -17 -20 -6 -7 24 -24 26 27 28 -25 -28
right_child=1 6 8 4 21 22 7 -9 9 -11 -12 -13 13 14 -16 19 17 -19 20 -21 -22 -23 23 25 -26 -27 29 -29 -30 -31
leaf_value=-0.10214306310191751 -0.062850900942629032 -0.086756987644937542 0.04877339933389941 -0.020431185641360504 0.015788131900659454 0.043818257095722055 -0.008623322059309442 0.072970028221607211 -0.16073991160454423 -0.031855133909465108 -0.056761172382076355 0.016439918301833691 0.041184727315391814 0.089062025398015984 0.093599654379483713 0.14579815935520898 0.093428711353668148 0.2318222562074661 -0.037292311987224616 0.010295079116310392 0.07672987632453443 0.096622733473777769 0.086269785887138406 0.13419585560197728 -0.032470338279034748 0.080045742765069011 -0.063877944876387552 -0.015312322075209342 0.024486155980637511 0.0055722439143153814
leaf_weight=25 33 29 26 54 375 65 297 37 29 586 66 539 21 33 84 21 28 25 53 21 20 30 22 26 403 30 89 121 113 97
leaf_count=25 33 29 26 54 375 65 297 37 29 586 66 539 21 33 84 21 28 25 53 21 20 30 22 26 403 30 89 121 113 97
internal_value=-6.70056e-11 0.0206116 -0.0206359 0.0279857 0.040039 -0.00931687 -0.00654873 0.000415462 -0.0365017 -0.0397574 -0.0885021 0.0118654 0.0605851 0.0743786 0.0545238 0.0226529 0.125357 0.158709 0.023558 0.0780466 -0.00605336 0.0217759 -0.00691454 -0.0105745 -0.0263238 0.00348735 -0.00166232 0.0169355 0.0450074 -0.0276593
internal_weight=3398 1700 1698 1337 765 991 363 334 707 681 95 572 360 264 190 96 74 53 106 42 73 405 966 901 425 476 446 260 139 186
internal_count=3398 1700 1698 1337 765 991 363 334 707 681 95 572 360 264 190 96 74 53 106 42 73 405 966 901 425 476 446 260 139 186
is_linear=0
shrinkage=0.05


Tree=79
num_leaves=31
num_cat=0
split_feature=28 15 7 22 19 5 22 25 3 6 25 5 5 6 10 5 12 21 9 21 2 9 20 21 8 5 27 8 23 17
split_gain=521.753 122.914 110.646 137.475 134.095 101.867 93.7816 103.664 93.1831 96.3547 88.6964 86.6779 102.971 152.898 86.2272 110.834 86.1277 81.9955 77.8299 94.8326 75.0847 73.1987 81.6815 72.832 112.932 72.7447 70.5764 70.8887 76.0624 79.3203
threshold=48.200833333333343 0.78656609248549303 62.420000000000009 32.855000000000011 29.045000000000005 225.50500000000002 72.455000000000027 5.0765144696903866 31.745000000000005 18.945000000000004 5.4732134092451856 242.83500000000004 212.01000000000002 24.945000000000004 254.51500000000001 189.48500000000004 5.5000000000000009 47.440000000000005 4.6550000000000011 38.300000000000004 191.85500000000005 3.1750000000000003 85.945000000000007 90.570000000000007 1012.5350000000001 222.18500000000003 3.422384475067882 1008.9450000000002 49.370000000000012 -3.3280522074921022
decision_type=2 2 2 2 2 2 2 2 2 2 2 2 2 2 2 2 2 2 2 2 2 2 2 2 2 2 2 2 2 2
left_child=2 6 3 5 -5 14 26 -8 9 -4 -9 12 -6 -14 16 -16 17 -1 19 -7 -12 -3 -23 -24 -25 -15 -2 -28 -29 -30
right_child=1 21 8 4 11 18 7 10 -10 -11 20 -13 13 25 15 -17 -18 -19 -20 -21 -22 22 23 24 -26 -27 27 28 29 -31
leaf_value=-0.091090753571955022 -0.059708356687968422 -0.082419137287371116 0.058245630466168929 0.13438148679940595 0.021537962865093116 0.1393518659731616 0.056905784527833597 -0.052509235830879533 -0.12264587600474004 -0.031446007957308668 0.021665316138303643 0.10769802977641424 0.024429512265222997 -0.17454782539889926 0.053622257551178332 -0.051138015558906638 0.0062104124737822498 -0.015273571865899222 -0.028744571856581247 -0.0027266190697749458 0.11326306437452634 -0.014736609670636339 -0.017117060507264206 -0.0042768792547285559 0.13755388953723013 -0.048315667910501361 0.080543668625446471 0.058490564200607414 -0.046068986768701248 0.012113805054777762
leaf_weight=131 33 29 31 23 214 23 373 38 27 879 330 21 44 21 50 51 46 49 39 24 24 243 34 25 32 25 39 71 70 359
leaf_count=131 33 29 31 23 214 23 373 38 27 879 330 21 44 21 50 51 46 49 39 24 24 243 34 25 32 25 39 71 70 359
internal_value=-1.48617e-10 0.019581 -0.0196041 -0.00544135 0.0177099 -0.024949 0.0265864 0.0380371 -0.0311066 -0.0283906 0.020083 0.00945319 0.00266653 -0.0422055 -0.0376836 0.000723506 -0.0548479 -0.0704516 0.0234723 0.0668012 0.0278753 -0.00622129 0.000394689 0.0408002 0.0753474 -0.105943 0.0112722 0.0156179 0.0105537 0.00262011
internal_weight=3398 1700 1698 761 348 413 1337 765 937 910 392 325 304 90 327 101 226 180 86 47 354 363 334 91 57 46 572 539 500 429
internal_count=3398 1700 1698 761 348 413 1337 765 937 910 392 325 304 90 327 101 226 180 86 47 354 363 334 91 57 46 572 539 500 429
is_linear=0
shrinkage=0.05


Tree=80
num_leaves=31
num_cat=0
split_feature=26 12 0 25 27 3 15 4 17 23 21 17 9 6 14 10 12 22 27 22 25 25 18 7 23 3 8 5 5 5
split_gain=474.504 128.358 109.268 86.1671 87.7286 99.1168 84.7697 82.2874 84.3211 81.2262 148.274 101.686 96.0419 78.536 152.675 102.085 90.5055 127.647 106.927 88.1101 81.9391 108.973 154.297 162.37 153.515 98.8916 81.4853 78.1468 89.6083 105.296
threshold=70.784166666666678 1.5000000000000002 16.023800000000005 9.9085231574738355 7.2134448047765067 28.025000000000002 0.91597561503675351 3.1050000000000004 0.046894061970798824 52.445000000000007 65.725000000000009 5.6422699515849448 8.4500000000000011 22.965000000000003 -0.78656609248549303 334.59500000000008 5.5000000000000009 40.560000000000009 5.7840718889794207 37.475000000000001 8.3072157228158918 6.2589762191187956 38.855000000000011 62.125000000000007 37.350000000000009 22.790000000000003 1013.0550000000001 222.48500000000004 173.215 196.11500000000004
decision_type=2 2 2 2 2 2 2 2 2 2 2 2 2 2 2 2 2 2 2 2 2 2 2 2 2 2 2 2 2 2
left_child=1 9 13 4 5 7 -2 8 -4 11 -11 12 -1 20 -15 16 17 19 -19 -16 21 22 23 25 -25 -3 -23 28 -8 -30
right_child=6 2 3 -5 -6 -7 27 -9 -10 10 -12 -13 -14 14 15 -17 -18 18 -20 -21 -22 26 -24 24 -26 -27 -28 -29 29 -31
leaf_value=-0.0025760897151436281 0.033191091934686182 0.003670341745018959 -0.13925718188933706 0.046103020614364013 -0.033508482439418799 0.056179133916030757 -0.06163658359118046 -0.001065293497621043 -0.002336481095037677 0.06579419340683941 -0.079408649497088937 0.091944620185704151 -0.10527154713618075 -0.008182232134345482 -0.10180189926667434 0.038967138134120477 -0.012762563206100218 -0.11628571840770104 -0.0065628266544081274 -0.21109393537044527 0.029600412582512947 -0.1273860250785947 -0.070912779248245655 -0.073518017329731775 0.08547045561400328 0.14457188131231252 -0.026461963206529618 -0.081646650014766342 0.10191407284429362 -0.013389694301242178
leaf_weight=443 923 20 23 69 302 69 31 407 22 108 21 27 24 170 114 21 48 34 64 22 80 40 63 49 22 33 40 29 36 44
leaf_count=443 923 20 23 69 302 69 31 407 22 108 21 27 24 170 114 21 48 34 64 22 80 40 63 49 22 33 40 29 36 44
internal_value=8.92459e-11 -0.0126067 -0.0196785 -0.00756725 -0.0120669 0.000361743 0.0276921 -0.00815905 -0.0723182 0.0068266 0.0421565 -0.00239923 -0.0078538 -0.0328532 -0.0461067 -0.0673845 -0.0753043 -0.0881334 -0.04463 -0.119481 -0.0147872 -0.0280868 -0.0071939 0.0251794 -0.024254 0.0914015 -0.076924 -0.00856233 0.0105318 0.038497
internal_weight=3398 2335 1712 892 823 521 1063 452 45 623 129 494 467 820 473 303 282 234 98 136 347 267 187 124 71 53 80 140 111 80
internal_count=3398 2335 1712 892 823 521 1063 452 45 623 129 494 467 820 473 303 282 234 98 136 347 267 187 124 71 53 80 140 111 80
is_linear=0
shrinkage=0.05


Tree=81
num_leaves=31
num_cat=0
split_feature=26 12 12 23 10 6 9 5 9 5 29 6 9 8 10 21 3 3 27 3 17 17 6 25 6 7 7 18 11 24
split_gain=428.24 120.561 120.194 99.2556 96.8837 79.4629 99.1636 77.7457 76.4743 85.5977 135.328 70.4846 105.746 75.194 71.9487 69.5379 69.353 119.84 90.4375 93.4252 90.634 129.221 119.079 75.6156 83.9933 124.638 72.7366 83.9605 68.2678 67.8281
threshold=70.784166666666678 2.5000000000000004 5.5000000000000009 33.715000000000011 18.390000000000004 31.865000000000006 5.7650000000000006 234.41500000000005 3.3650000000000007 194.27000000000001 8.641970819725314 38.555000000000007 3.6750000000000003 1010.5350000000001 149.82500000000002 23.065000000000001 20.845000000000002 20.110000000000003 4.7377252389614641 14.435 -1.3796513466973559 0.99004359261952402 30.315000000000001 8.19565625747728 20.000000000000004 61.375000000000007 72.095000000000013 32.915000000000006 14.500000000000002 81.305000000000021
decision_type=2 2 2 2 2 2 2 2 2 2 2 2 2 2 2 2 2 2 2 2 2 2 2 2 2 2 2 2 2 2
left_child=1 -1 3 7 -5 -2 11 8 -3 10 -10 13 -13 14 -7 -4 17 18 19 -6 -20 22 -22 24 -18 -26 -27 -28 -11 -15
right_child=5 2 15 4 16 6 -8 -9 9 28 -12 12 -14 29 -16 -17 23 -19 20 -21 21 -23 -24 -25 25 26 27 -29 -30 -31
leaf_value=0.0016327246221906979 0.043288993462558135 0.0192900310907709 -0.052853413489223879 -0.10438332505749935 -0.018545981786317296 0.10079455904422269 0.04847055772716085 -0.12875718646682799 -0.18799820783046575 -0.062502966319712305 -0.056891057663309721 0.14529980508654955 -1.6101575907199612e-05 -0.042629270628851849 0.0013445222157646309 0.01486280961930888 -0.069831561821478386 -0.1404487934797847 0.023545646520946689 -0.13326775705175739 -0.18318659705497947 -0.0068759530455724379 -0.023978128446185073 0.041909252983541825 0.041244421628059691 -0.058269157575873233 -0.067957680370836035 0.056047913393913178 0.022119469995695085 0.0034396888210674083
leaf_weight=959 418 38 44 33 36 31 167 32 26 52 81 21 31 123 44 274 54 24 109 35 24 115 23 78 103 91 21 39 44 228
leaf_count=959 418 38 44 33 36 31 167 32 26 52 81 21 31 123 44 274 54 24 109 35 24 115 23 78 103 91 21 39 44 228
internal_value=4.60085e-11 -0.0119764 -0.0214612 -0.0295628 -0.0205315 0.0263074 0.0153024 -0.055532 -0.0458092 -0.0579952 -0.0887489 0.0037143 0.0586692 -0.0029938 0.0424505 0.00549327 -0.0168518 -0.0324454 -0.0248663 -0.075099 -0.0117057 -0.0354241 -0.105276 -0.00206617 -0.0132028 -0.00116362 -0.030091 0.012646 -0.0237177 -0.0127041
internal_weight=3398 2335 1376 1058 785 1063 645 273 241 203 107 478 52 426 75 318 752 366 342 71 271 162 47 386 308 254 151 60 96 351
internal_count=3398 2335 1376 1058 785 1063 645 273 241 203 107 478 52 426 75 318 752 366 342 71 271 162 47 386 308 254 151 60 96 351
is_linear=0
shrinkage=0.05


Tree=82
num_leaves=31
num_cat=0
split_feature=28 15 7 22 19 5 16 3 6 5 5 6 22 12 25 8 4 5 4 8 29 4 29 9 7 4 18 7 29 8
split_gain=390.984 97.2808 92.6566 116.854 115.882 89.2659 106.718 81.7522 83.2418 77.9869 92.4621 136.327 75.5071 75.5378 85.8279 83.8587 81.2628 78.0184 87.7897 112.411 106.256 97.0937 88.5654 80.9879 92.21 114.01 87.5303 130.455 96.9732 84.4178
threshold=48.200833333333343 0.78656609248549303 62.420000000000009 32.855000000000011 29.045000000000005 220.69500000000002 0.35561563539065039 31.745000000000005 18.945000000000004 242.83500000000004 212.01000000000002 24.945000000000004 49.370000000000012 1.5000000000000002 11.903882042884645 1011.0250000000001 5.7150000000000007 146.53500000000003 4.1450000000000005 1014.1450000000001 10.428457055452911 3.6850000000000005 9.6839880382192565 5.2750000000000012 74.310000000000016 5.1850000000000014 88.750000000000014 54.390000000000008 9.5017970602658028 1015.5250000000001
decision_type=2 2 2 2 2 2 2 2 2 2 2 2 2 2 2 2 2 2 2 2 2 2 2 2 2 2 2 2 2 2
left_child=2 12 3 5 -5 6 -1 8 -4 10 -6 -12 -2 16 15 -15 -14 -17 19 21 23 22 -19 24 25 -20 27 -25 -29 -27
right_child=1 -3 7 4 9 -7 -8 -9 -10 -11 11 -13 13 14 -16 17 -18 18 20 -21 -22 -23 -24 26 -26 29 -28 28 -30 -31
leaf_value=-0.062294099354212887 -0.01075457104941039 -0.0060042045569206406 0.055573110474694168 0.12579345706870537 0.021103892475584193 0.018860635449095529 -0.0036357452666076519 -0.113237458522673 -0.027792371461163697 0.10284812194960458 0.023621228752149781 -0.099484334975157102 0.063400905350004963 0.044119614442951947 0.11879764860939412 -0.0900683718174696 0.01351712477964259 -0.074913824457102096 -0.069985056140770524 0.094062008806282571 -0.069810549889691181 0.076052076811196689 0.054500027541071173 0.17110791666941211 0.073541055805981165 -0.020335689745255455 -0.031235154689056799 -0.0056376963123386985 0.11995401412079282 0.061040416185526136
leaf_weight=168 146 363 31 23 214 101 144 27 879 21 44 46 239 204 21 20 124 39 75 63 50 33 20 22 30 99 32 51 22 47
leaf_count=168 146 363 31 23 214 101 144 27 879 21 44 46 239 204 21 20 124 39 75 63 50 33 20 22 30 99 32 51 22 47
internal_value=-2.29439e-11 0.0169505 -0.0169704 -0.0040101 0.0173343 -0.0219952 -0.035221 -0.0274964 -0.0249524 0.00965876 0.00322134 -0.0392994 0.0231828 0.027343 0.0190055 0.0164087 0.0463607 0.00703387 0.010365 0.0426064 -0.0013112 0.00737043 -0.0310447 0.00774956 -0.00871307 -0.0198788 0.0402859 0.0643773 0.0322119 0.00586073
internal_weight=3398 1700 1698 761 348 413 312 937 910 325 304 90 1337 1191 828 807 363 603 583 155 428 92 59 378 251 221 127 95 73 146
internal_count=3398 1700 1698 761 348 413 312 937 910 325 304 90 1337 1191 828 807 363 603 583 155 428 92 59 378 251 221 127 95 73 146
is_linear=0
shrinkage=0.05


Tree=83
num_leaves=31
num_cat=0
split_feature=21 12 23 17 15 9 2 12 14 3 7 3 17 21 10 9 8 20 9 19 25 19 6 3 25 3 3 21 8 22
split_gain=356.959 111.143 91.7621 92.304 89.4911 85.7987 77.4477 77.6154 90.1753 127.374 137.27 103.957 98.1665 125.119 97.7531 102.166 77.386 76.6594 76.0176 174.15 91.7415 90.3274 76.7773 83.9775 76.5341 100.104 74.3081 73.2055 70.6698 85.806
threshold=61.00500000000001 1.5000000000000002 52.225000000000001 5.6422699515849448 0.91597561503675351 8.4500000000000011 17.315000000000001 5.5000000000000009 0.25881904510252091 15.885000000000003 52.210000000000008 31.745000000000005 3.3852263720489009 48.515000000000008 220.03500000000005 6.7150000000000007 1019.4550000000002 82.870000000000019 4.955000000000001 42.740000000000002 8.1323751132775168 53.820000000000007 25.835000000000004 21.615000000000006 6.6938491323249609 28.905000000000005 24.605000000000004 50.490000000000002 1015.1850000000001 35.010000000000012
decision_type=2 2 2 2 2 2 2 2 2 2 2 2 2 2 2 2 2 2 2 2 2 2 2 2 2 2 2 2 2 2
left_child=1 2 3 5 16 -1 -3 8 9 10 -8 12 18 -14 15 27 -2 -6 20 -20 22 -21 23 -10 25 -25 -22 -12 -9 -30
right_child=4 6 -4 -5 17 -7 7 28 11 -11 14 -13 13 -15 -16 -17 -18 -19 19 21 26 -23 -24 24 -26 -27 -28 -29 29 -31
leaf_value=-0.0026053422313874453 0.023927215393734394 -0.10487014897740805 0.052150465126439775 0.087224884952108062 -0.047366693719144329 -0.099944696167949598 -0.097980672222646809 -0.0091076022706828418 -0.091407167627697905 -0.057844650704062639 -0.055562430238216255 -0.094426416560555948 0.01396985125080075 0.15195462003350257 0.029940028890810346 0.075503245753828774 0.11121378687855143 0.0210076455509773 -0.097629113174561008 0.079052361349264785 0.11679987554196958 -0.048276419479113361 -0.06451032954480565 0.01195949522203746 -0.04853123534056876 0.12833478531759721 0.00416903353179805 0.023636736146904327 -0.011467876175747198 0.095962729350459297
leaf_weight=399 1087 26 93 27 83 24 44 215 21 329 138 33 92 20 129 22 26 81 72 30 27 26 57 94 36 23 32 37 34 41
leaf_count=399 1087 26 93 27 83 24 44 215 21 329 138 33 92 20 129 22 26 81 72 30 27 26 57 94 36 23 32 37 34 41
internal_value=1.73432e-10 -0.0125746 0.00693713 -0.00240696 0.0208854 -0.00812814 -0.0192886 -0.0178549 -0.023215 -0.03521 -0.0150834 -0.00832243 -0.00296124 0.03861 -0.00389485 -0.0260507 0.0259663 -0.0135964 -0.0140999 -0.0461946 6.59812e-05 0.0199354 -0.0141466 0.00235183 0.0152207 0.0348367 0.055712 -0.0388175 0.00547045 0.0472609
internal_weight=3398 2121 543 450 1277 423 1578 1552 1262 699 370 563 530 112 326 197 1113 164 418 128 290 56 231 174 153 117 59 175 290 75
internal_count=3398 2121 543 450 1277 423 1578 1552 1262 699 370 563 530 112 326 197 1113 164 418 128 290 56 231 174 153 117 59 175 290 75
is_linear=0
shrinkage=0.05


Tree=84
num_leaves=31
num_cat=0
split_feature=26 12 12 10 16 9 9 25 7 17 23 25 9 21 25 19 17 2 17 23 4 10 3 15 3 4 17 4 28 22
split_gain=326.309 92.3134 101.191 81.1776 185.169 116.684 119.297 96.3742 86.4741 84.9675 83.3488 93.4561 134.405 91.8969 90.2973 80.1754 80.1629 90.0529 73.2036 71.4468 101.593 70.7017 102.923 70.3383 76.9137 84.9623 128.263 162.013 74.6759 92.6694
threshold=70.784166666666678 2.5000000000000004 5.5000000000000009 187.77500000000001 -1.2780560631396336 5.0450000000000008 6.0950000000000006 8.3072157228158918 62.925000000000004 -3.4933575691640968 32.615000000000002 4.0958677199831932 4.3350000000000009 42.900000000000006 4.674032174616249 51.635000000000012 -0.51081043100686219 77.615000000000009 5.3466084587762674 28.715000000000003 4.0850000000000009 263.54500000000007 23.770000000000007 0.91597561503675351 10.080000000000002 4.0650000000000004 1.9262432504968623 3.5750000000000006 75.761041666666685 69.110000000000014
decision_type=2 2 2 2 2 2 2 2 2 2 2 2 2 2 2 2 2 2 2 2 2 2 2 2 2 2 2 2 2 2
left_child=1 -1 3 4 10 8 19 -6 15 -10 -3 12 -12 -14 -13 16 -5 -18 23 -7 -21 22 -8 24 -2 26 -26 -28 -27 -30
right_child=18 2 -4 5 7 6 21 -9 9 -11 11 14 13 -15 -16 -17 17 -19 -20 20 -22 -23 -24 -25 25 28 27 -29 29 -31
leaf_value=0.0014542207091470609 -0.032525917674330149 -0.06546101909206839 0.0059781393005495093 0.10501785190232721 -0.12302269923993769 -0.16767409853637219 -0.023227120470255616 -0.011344787031412125 0.069604226735420535 -0.029729513376350367 -0.117500138324168 0.1058873408101499 -0.058838524830838047 0.072427099943161016 -0.0052296414565810925 -0.03545399658381939 0.06223723525420214 -0.068258882043883209 0.070248896069824693 0.034823078550398352 -0.098139743448472497 -0.046175952481904203 0.11726036380807109 -0.014065806926502026 0.080097546403933517 0.10710508624982576 -0.072987884888425475 0.096897493092262227 -0.047087818873977227 0.021805586366133681
leaf_weight=959 55 98 318 48 85 20 32 25 25 155 45 20 30 24 213 30 39 20 76 20 51 56 22 136 152 23 36 23 54 508
leaf_count=959 55 98 318 48 85 20 32 25 25 155 45 20 30 24 213 30 39 20 76 20 51 56 22 136 152 23 36 23 54 508
internal_value=-6.71418e-11 -0.0104543 -0.018754 -0.0261876 -0.0397524 -0.0120467 -0.0418485 -0.0976414 0.00684966 -0.0159332 -0.0249436 -0.0129837 -0.0536809 -0.000498247 0.0043083 0.0367833 0.0570367 0.0180013 0.0229641 -0.0841994 -0.0606854 -0.00681267 0.0340085 0.0193231 0.0246591 0.0286103 0.05581 -0.00676138 0.0187999 0.0151859
internal_weight=3398 2335 1376 1058 540 518 201 110 317 180 430 332 99 54 233 137 107 59 1063 91 71 110 54 987 851 796 211 59 585 562
internal_count=3398 2335 1376 1058 540 518 201 110 317 180 430 332 99 54 233 137 107 59 1063 91 71 110 54 987 851 796 211 59 585 562
is_linear=0
shrinkage=0.05


Tree=85
num_leaves=31
num_cat=0
split_feature=22 15 19 7 25 17 8 9 4 19 18 8 26 12 17 27 12 23 22 28 29 16 15 3 10 29 8 22 9 17
split_gain=294.628 89.659 87.2059 83.4912 78.2053 174.075 79.5409 98.8266 86.6182 76.1122 75.6249 88.2074 86.9878 87.8262 73.2791 90.4119 78.0033 73.2352 72.9988 75.5859 75.5342 92.6714 81.1013 85.8007 102.463 101.663 97.8072 110.216 91.1484 72.0818
threshold=66.260000000000005 0.78656609248549303 25.175000000000004 65.575000000000017 3.0998521197241788 -1.2289709347506077 1013.9250000000001 5.0250000000000012 5.0550000000000006 26.735000000000003 27.060000000000002 1012.5750000000002 38.621666666666677 1.0000000180025095e-35 -2.4002692253945077 9.1074059440828332 5.5000000000000009 72.815000000000012 97.930000000000021 95.283333333333346 9.5017970602658028 2.9213587882725234 1.0000000180025095e-35 25.015000000000004 307.17000000000002 8.3862161475449248 1012.1450000000001 85.715000000000018 5.7350000000000012 4.5901527250574423
decision_type=2 2 2 2 2 2 2 2 2 2 2 2 2 2 2 2 2 2 2 2 2 2 2 2 2 2 2 2 2 2
left_child=1 2 -1 17 5 -3 -6 8 -8 -4 11 -11 13 -12 15 16 -15 -2 19 20 22 -22 23 24 26 -25 -19 28 -28 -16
right_child=3 4 9 -5 6 -7 7 -9 -10 10 12 -13 -14 14 29 -17 -18 18 -20 -21 21 -23 -24 25 -26 -27 27 -29 -30 -31
leaf_value=-0.039087402470538331 0.11828476257622243 -0.15473194514980187 0.056525369454175238 0.0076487343683845702 -0.03855306368162658 -0.0075841026491781875 -0.013954316270315931 -0.047947292964905505 0.083008766703891998 -0.015438277337972713 0.04775527086522844 0.08223068192952647 0.000734069816435894 -0.078989539191345964 -0.01006423200927839 -0.16067367094484242 0.033650164814157918 0.0015033483904387272 0.096518521592355314 -0.065134964747862387 -0.022025008522905412 0.072222687468370975 -0.041288462442417559 0.048963214547345139 -0.052238257282546587 0.18421000341574353 0.01601037753116287 0.14655083090459045 0.12121051226196618 -0.085325406632713374
leaf_weight=174 25 37 54 594 235 44 42 50 51 41 36 53 1077 51 227 22 22 70 39 22 112 34 26 33 28 24 71 38 29 37
leaf_count=174 25 37 54 594 235 44 42 50 51 41 36 53 1077 51 227 22 22 70 39 22 112 34 26 33 28 24 71 38 29 37
internal_value=-1.82094e-10 -0.0104959 -0.00545061 0.0206525 -0.0302151 -0.0747998 -0.0206613 0.00874127 0.039219 -0.00183777 -0.0038503 0.0396304 -0.00662692 -0.0266973 -0.0341632 -0.0718209 -0.0450433 0.0346712 0.0306971 0.025426 0.0297106 -7.69149e-05 0.0433438 0.0508538 0.0375565 0.105909 0.0496443 0.0740636 0.0465184 -0.0206122
internal_weight=3398 2253 1794 1145 459 81 378 143 93 1620 1566 94 1472 395 359 95 73 551 526 487 465 146 319 293 236 57 208 138 100 264
internal_count=3398 2253 1794 1145 459 81 378 143 93 1620 1566 94 1472 395 359 95 73 551 526 487 465 146 319 293 236 57 208 138 100 264
is_linear=0
shrinkage=0.05


Tree=86
num_leaves=31
num_cat=0
split_feature=28 20 6 2 5 28 29 3 26 7 15 5 16 11 3 5 27 6 27 19 19 20 29 7 8 9 14 8 16 14
split_gain=271.159 75.208 84.6595 123.442 115.784 147.327 84.869 86.3078 118.187 73.2158 102.754 120.008 101.889 85.9099 132.411 80.8802 84.0382 77.3995 84.5804 75.0691 109.374 74.413 71.018 82.5137 106.567 71.0584 70.6045 98.5204 90.7013 103.574
threshold=48.200833333333343 91.640000000000015 27.975000000000005 190.02000000000001 180.08000000000001 88.546875000000014 10.619894747119005 17.695000000000004 99.697500000000005 62.420000000000009 -0.5 222.95500000000001 4.7445734605935117 13.500000000000002 16.465000000000003 206.49500000000003 7.5795831772965423 27.295000000000005 5.7620240699877732 25.620000000000001 30.195000000000004 37.705000000000005 10.790938202798126 52.210000000000008 1013.7650000000001 4.3350000000000009 0.60355339059327384 1012.5350000000001 5.6300303315281122 -0.98296291314453399
decision_type=2 2 2 2 2 2 2 2 2 2 2 2 2 2 2 2 2 2 2 2 2 2 2 2 2 2 2 2 2 2
left_child=9 26 -3 4 5 -4 7 8 -6 10 11 13 19 14 -1 22 -17 18 -15 -12 -21 -13 23 -16 25 -25 28 -28 29 -2
right_child=1 2 3 -5 6 -7 -8 -9 -10 -11 12 21 -14 17 15 16 -18 -19 -20 20 -22 -23 -24 24 -26 -27 27 -29 -30 -31
leaf_value=0.11533022955060007 0.061724601054595686 -0.047311371764434236 0.089876280741199202 0.13805528682085774 0.0022075732474896447 -0.059670253356533323 -0.033143573487177495 0.10777573943240187 0.14071126863360406 -0.023489504206362564 -0.061074019675808291 0.10558680311705058 0.12189014982804657 -0.14793640368364075 -0.02346966860281742 -0.0046657106905643436 -0.1224364506024303 -0.013906289823353291 -0.049647570272835978 0.13117563575506211 0.010949499571213016 0.0096732330232203664 -0.080358459442853927 -0.047631847805210521 0.12795143922170002 0.075765080209821478 0.052507838775057603 0.005134968391381378 0.072923793118180966 -0.0068481693005969548
leaf_weight=20 59 28 23 31 67 58 24 73 20 937 28 26 25 33 85 28 33 70 65 22 135 91 25 28 27 20 191 258 42 826
leaf_count=20 59 28 23 31 67 58 24 73 20 937 28 26 25 33 85 28 33 70 65 22 135 91 25 28 27 20 191 258 42 826
internal_value=1.23404e-11 0.0141161 0.0357889 0.0436497 0.032606 -0.0172064 0.0545343 0.067686 0.0340475 -0.0141327 -0.00261197 -0.0139545 0.0271487 -0.0260702 -0.00839106 -0.0184497 -0.0683778 -0.0540621 -0.0827448 0.0143458 0.0277965 0.0309874 -0.00198694 0.0102586 0.048484 0.00378354 0.00901292 0.0252869 0.00113049 -0.00227665
internal_weight=3398 1700 324 296 265 81 184 160 87 1698 761 551 210 434 266 246 61 168 98 185 157 117 185 160 75 48 1376 449 927 885
internal_count=3398 1700 324 296 265 81 184 160 87 1698 761 551 210 434 266 246 61 168 98 185 157 117 185 160 75 48 1376 449 927 885
is_linear=0
shrinkage=0.05


Tree=87
num_leaves=31
num_cat=0
split_feature=21 7 22 27 5 29 9 11 26 4 29 28 24 17 17 7 27 25 22 5 11 9 9 6 19 21 24 6 4 24
split_gain=247.044 77.2732 96.6743 107.878 94.1698 96.1534 77.0893 68.6354 85.6027 87.7561 120.357 90.8192 72.1902 66.3643 108.171 66.1056 64.3467 78.9988 90.449 77.3792 67.0166 66.357 60.5481 59.9484 122.723 121.784 107.379 92.0128 83.2452 78.5209
threshold=55.635000000000012 62.420000000000009 32.855000000000011 4.6978349618809512 225.50500000000002 9.8185474235338699 5.205000000000001 6.5000000000000009 41.974166666666669 4.5450000000000008 9.1018696672493018 54.21979166666668 54.759999999999998 -2.4002692253945077 0.40701960137271426 60.395000000000003 2.4764841163683795 3.94730582869362 97.930000000000021 142.07000000000002 2.5000000000000004 6.0750000000000011 7.0600000000000014 30.665000000000003 43.175000000000004 46.725000000000001 35.966666666666676 29.975000000000005 6.7150000000000007 52.078333333333326
decision_type=2 2 2 2 2 2 2 2 2 2 2 2 2 2 2 2 2 2 2 2 2 2 2 2 2 2 2 2 2 2
left_child=1 2 4 -4 5 -1 -6 -5 15 10 -10 -11 -12 -7 -15 -9 -2 18 21 -19 -21 -18 -23 27 25 26 -25 29 -26 -3
right_child=16 23 3 7 6 13 -8 8 9 11 12 -13 -14 14 -16 -17 17 19 -20 20 -22 22 -24 24 28 -27 -28 -29 -30 -31
leaf_value=-0.0096043186866878218 -0.062451870338274887 -0.02543211198016683 0.081744801642856121 -0.070539489923114027 0.067766893854364754 -0.11948375442065298 -0.031616562278941274 0.028956616939246362 -0.10222488170696629 -0.0052221236237466849 0.084214879907667642 0.081160109567387811 -0.04703757229938426 0.056555637717247011 -0.077180942075533998 0.12451931277120656 0.015716640482405349 -0.085940547411640492 0.09564757271195358 -0.023088291487097741 0.016145790253728275 0.11601713836193084 0.02875019752884881 0.076967420190986666 -0.014083531924895943 0.13197927979959384 -0.035368316614319786 -0.091423077068219963 -0.11955668651922183 0.070386036333961371
leaf_weight=191 26 760 54 27 50 40 32 102 45 118 20 41 22 21 54 22 315 21 53 125 842 35 46 36 125 27 52 52 22 22
leaf_count=191 26 760 54 27 50 40 32 102 45 118 20 41 22 21 54 22 315 21 53 125 842 35 46 36 125 27 52 52 22 22
internal_value=1.34527e-10 -0.0117227 -0.000302628 0.0154398 -0.0186012 -0.0313525 0.0289831 0.006421 0.012037 -0.00503778 -0.0454098 0.0170525 0.0154636 -0.0674735 -0.0397347 0.0459113 0.0155047 0.0169152 0.0343055 0.00901211 0.0110742 0.0260956 0.0664581 -0.0204649 0.000398575 0.039088 0.0105872 -0.0270191 -0.0298686 -0.0227365
internal_weight=3398 1935 839 451 388 306 82 397 370 246 87 159 42 115 75 124 1463 1437 449 988 967 396 81 1096 262 115 88 834 147 782
internal_count=3398 1935 839 451 388 306 82 397 370 246 87 159 42 115 75 124 1463 1437 449 988 967 396 81 1096 262 115 88 834 147 782
is_linear=0
shrinkage=0.05


Tree=88
num_leaves=31
num_cat=0
split_feature=26 12 12 23 5 27 3 7 3 8 27 3 27 25 17 2 27 20 10 4 22 21 10 24 5 9 28 18 21 5
split_gain=225.341 79.2026 72.9053 91.6203 69.5522 81.62 68.4537 102.859 100.191 97.9421 87.329 86.1851 85.2476 77.3488 75.2943 74.4484 80.5274 73.0609 70.713 68.3532 87.3411 99.0798 78.0104 75.461 97.9573 85.423 71.957 67.3948 92.1919 81.9764
threshold=70.784166666666678 1.5000000000000002 5.5000000000000009 33.715000000000011 234.41500000000005 4.6765052639027287 20.845000000000002 52.210000000000008 15.885000000000003 1016.0750000000002 5.1212369724475684 31.745000000000005 5.8347312100103972 4.0168996412789744 -5.1736746501633508 68.595000000000013 6.7042186938238322 50.335000000000008 203.53500000000003 5.7550000000000008 55.795000000000009 51.970000000000006 239.88500000000002 41.321666666666665 231.50500000000002 4.3350000000000009 76.185208333333335 55.005000000000003 43.435000000000009 206.67000000000004
decision_type=2 2 2 2 2 2 2 2 2 2 2 2 2 2 2 2 2 2 2 2 2 2 2 2 2 2 2 2 2 2
left_child=1 -1 3 4 5 -3 7 9 10 13 -9 14 -12 -5 -8 -15 -17 -14 -19 20 23 -22 -21 24 -16 -25 -23 28 -10 -30
right_child=-2 2 -4 6 -6 -7 11 8 27 -11 12 -13 17 15 19 16 -18 18 -20 22 21 26 -24 25 -26 -27 -28 -29 29 -31
leaf_value=0.0065776300407568364 0.019083358300778612 -0.10202641154711063 0.0073603811760948462 -0.15999486547495639 -0.11209131050290484 -0.023776156826180662 -0.081462045091514793 -0.033676603740280114 -0.011122556364333088 0.022659283906493025 0.095258844994446812 -0.085115783688213154 -0.012617413016095383 0.016687197610735893 -0.028434462645861108 -0.02727841764688492 -0.16746586516854312 0.13240230135619641 -0.00055725928395986555 0.066234943500955365 -0.12015846746042372 0.040748487785458566 -0.010072862279583823 -0.0046068211312077067 0.088141172742914595 0.083750527996127894 -0.078364708274602901 0.036244365927718937 -0.05366800309055382 -0.1603713987519344
leaf_weight=623 1063 39 318 28 33 229 24 103 55 24 34 28 114 21 127 20 21 20 20 91 30 32 53 51 21 59 21 21 45 30
leaf_count=623 1063 39 318 28 33 229 24 103 55 24 34 28 114 21 127 20 21 20 20 91 30 32 53 51 21 59 21 21 45 30
internal_value=-3.64061e-11 -0.00868763 -0.0142427 -0.0191708 -0.0435973 -0.0351633 -0.012444 -0.0247413 -0.0138194 -0.0670873 0.00332861 0.000288356 0.0236027 -0.0910197 0.00498642 -0.0598697 -0.0990817 0.00778257 0.0659225 0.00926428 -0.00293355 -0.0475477 0.0381494 0.0114191 -0.0118933 0.0427848 -0.00644731 -0.0468663 -0.0602919 -0.0963494
internal_weight=3398 2335 1712 1394 301 268 1093 556 442 114 291 537 188 90 509 62 41 154 40 485 341 83 144 258 148 110 53 151 130 75
internal_count=3398 2335 1712 1394 301 268 1093 556 442 114 291 537 188 90 509 62 41 154 40 485 341 83 144 258 148 110 53 151 130 75
is_linear=0
shrinkage=0.05


Tree=89
num_leaves=31
num_cat=0
split_feature=28 18 20 11 21 22 3 27 24 3 14 29 20 28 9 9 10 29 26 25 5 29 4 8 9 29 11 21 22 22
split_gain=204.463 65.3313 81.7524 62.0375 77.36 66.5753 76.3794 98.7067 75.3561 74.9194 82.1386 68.5332 66.4734 75.6652 64.4 81.0164 62.7532 65.8662 70.0438 62.3837 94.5416 96.01 71.2048 70.3959 64.699 62.5137 62.4642 60.4893 97.98 63.8871
threshold=48.200833333333343 101.25500000000001 102.43500000000002 4.5000000000000009 30.195000000000004 49.860000000000007 21.795000000000005 5.9200359444820227 35.681666666666665 15.165000000000001 -0.37940952255126059 9.4322407188187931 49.860000000000007 43.655625000000008 7.3050000000000006 5.0450000000000008 220.03500000000005 9.6535739858684284 40.422500000000007 8.3072157228158918 231.50500000000002 10.324222358128353 4.8150000000000004 1012.8450000000001 3.9750000000000005 9.9559216896958542 7.5000000000000009 32.915000000000006 36.025000000000013 42.120000000000012
decision_type=2 2 2 2 2 2 2 2 2 2 2 2 2 2 2 2 2 2 2 2 2 2 2 2 2 2 2 2 2 2
left_child=3 -2 -3 4 -1 6 9 11 -7 10 12 -8 14 -14 15 16 17 18 -5 20 21 22 23 -9 -24 -21 -26 -6 -29 -30
right_child=1 2 -4 5 27 8 7 19 -10 -11 -12 -13 13 -15 -16 -17 -18 -19 -20 25 -22 -23 24 -25 26 -27 -28 28 29 -31
leaf_value=-0.072387239499948922 0.0098863686703274251 0.077013920884378056 -0.036920086126774547 -0.011799085328821094 0.046809579498949462 0.049095374896106402 0.079738293613258793 -0.018886708690514488 -0.050305864228085466 -0.029906790811697326 0.083079023505079341 -0.015542485296726229 0.10118467431386997 -0.02523134365677834 0.049621803354885842 -0.067395312134438834 0.032083825146158533 0.017203202290579166 -0.10941061771967833 0.0045530187883056133 0.074803178883330143 -0.080760661279782653 -0.086312344454761061 0.085292233811581852 -0.067224286196076052 0.087436271075691505 0.039165351957686854 -0.1050378667738508 0.025439833824722365 -0.033132622969879524
leaf_weight=85 1606 74 20 40 32 22 77 31 143 347 29 25 29 20 36 71 72 51 34 65 27 56 35 34 22 35 37 34 70 139
leaf_count=85 1606 74 20 40 32 22 77 31 143 347 29 25 29 20 36 71 72 51 34 65 27 56 35 34 22 35 37 34 70 139
internal_value=9.35262e-11 0.0122577 0.0527726 -0.0122722 -0.0306971 -0.00731479 -0.00313176 0.0132169 -0.0370524 -0.0130889 0.00218799 0.0563852 -0.00445745 0.0495863 -0.0131684 -0.021603 -0.00509912 -0.0265165 -0.0566476 0.000342117 -0.0133852 -0.02446 -0.00463082 0.0356069 -0.0324548 0.0335622 -0.000505361 -0.017811 -0.0263207 -0.0135151
internal_weight=3398 1700 94 1698 360 1338 1173 444 165 729 382 102 353 49 304 268 197 125 74 342 242 215 159 65 94 100 59 275 243 209
internal_count=3398 1700 94 1698 360 1338 1173 444 165 729 382 102 353 49 304 268 197 125 74 342 242 215 159 65 94 100 59 275 243 209
is_linear=0
shrinkage=0.05


Tree=90
num_leaves=31
num_cat=0
split_feature=22 15 23 25 6 25 17 10 9 19 23 7 25 25 3 8 22 7 26 7 5 5 8 8 25 25 17 4 4 21
split_gain=189.667 67.4106 84.256 76.6368 74.328 75.559 132.665 78.905 72.6742 68.2883 87.798 64.1319 83.6771 79.5056 75.8308 67.9981 95.6259 78.5389 77.4391 76.0084 81.1375 72.9665 76.3433 62.2276 85.3365 95.7157 88.1521 84.4856 93.2726 81.7186
threshold=71.940000000000012 0.60355339059327384 51.030000000000008 1.8529009817445268 34.250000000000007 3.0998521197241788 -1.2289709347506077 14.240000000000002 4.7950000000000008 23.440000000000005 25.835000000000004 65.575000000000017 5.0765144696903866 5.5866149557181517 11.775 1014.9550000000002 80.315000000000012 69.985000000000014 74.000000000000014 67.225000000000009 232.04500000000004 180.44000000000003 1016.7900000000001 1008.2300000000001 9.6883953932716071 9.3425277038021033 -3.2231846737758514 5.7150000000000007 4.4750000000000005 44.95000000000001
decision_type=2 2 2 2 2 2 2 2 2 2 2 2 2 2 2 2 2 2 2 2 2 2 2 2 2 2 2 2 2 2
left_child=1 3 4 -1 5 6 -3 -7 -4 10 -5 12 -2 -14 -15 16 -13 -17 -18 -20 -21 -19 -23 27 25 26 -25 28 -11 -26
right_child=11 2 8 9 -6 7 -8 -9 -10 23 -12 15 13 14 -16 17 18 21 19 20 -22 22 -24 24 29 -27 -28 -29 -30 -31
leaf_value=0.037510556819116969 0.053151476494158093 -0.12254348468116445 -0.13928672845164936 0.031398214068677689 0.053553315983541933 0.085348116040695463 -0.01047454662921448 -0.016148142388814856 -0.018338550044142681 0.069619093634188181 -0.0743277516707571 0.050899812507514776 -0.06651559732854366 -0.056874463789992863 0.032617174652114049 -0.031890917919350392 -0.085776853603976119 -0.0075208413763903081 -0.10117471300065517 0.010087061150848991 -0.072464224257889925 0.12793738838019117 0.028711075082214346 -0.032902633942692001 0.0051433835746618091 -0.1122975024987351 -0.00041418497793029155 0.11467640096178422 -0.069900066113990286 0.086912828501637868
leaf_weight=112 230 46 27 27 36 20 62 450 23 25 72 65 29 27 192 33 35 32 20 239 34 42 36 263 91 22 1013 26 23 46
leaf_count=112 230 46 27 27 36 20 62 450 23 25 72 65 29 27 192 33 35 32 20 239 34 42 36 263 91 22 1013 26 23 46
internal_value=-4.49191e-12 -0.00770407 -0.021236 -0.0024801 -0.0161534 -0.020495 -0.0582076 -0.0118292 -0.0836506 -0.00526552 -0.0454934 0.0181129 0.0314284 0.011282 0.021584 0.0062383 -0.00450426 0.0357616 -0.0154837 -0.00708693 -0.000194051 0.0560573 0.0821406 -0.00262631 -0.00493203 -0.0088933 -0.00711047 0.042086 0.00276616 0.0325988
internal_weight=3398 2384 664 1720 614 578 108 470 50 1608 99 1014 478 248 219 536 393 143 328 293 273 110 78 1509 1435 1298 1276 74 48 137
internal_count=3398 2384 664 1720 614 578 108 470 50 1608 99 1014 478 248 219 536 393 143 328 293 273 110 78 1509 1435 1298 1276 74 48 137
is_linear=0
shrinkage=0.05


Tree=91
num_leaves=31
num_cat=0
split_feature=21 7 22 27 5 29 19 11 3 8 9 4 29 9 23 0 8 6 16 16 27 14 12 3 5 3 6 17 27 9
split_gain=172.781 59.9944 79.3315 97.9735 80.6035 84.4608 72.2028 81.5106 82.8085 100.724 90.5643 83.5243 80.6737 66.9116 66.6654 82.2257 58.4971 57.313 103.576 88.74 100.24 84.003 80.4511 91.5357 104.082 95.4245 76.9564 72.3131 71.4734 127.751
threshold=55.635000000000012 62.420000000000009 32.855000000000011 4.423332262774391 225.50500000000002 9.8185474235338699 29.045000000000005 6.5000000000000009 23.155000000000005 1015.9050000000001 5.4150000000000009 4.5950000000000006 8.3700585873498472 5.2350000000000012 48.515000000000008 16.023800000000005 1019.4550000000002 31.865000000000006 5.6300303315281122 3.4556497532165995 8.9471047023014574 0.60355339059327384 1.5000000000000002 15.015000000000002 228.81500000000003 17.905000000000005 26.515000000000004 -2.9994855216909753 7.1476840071782304 3.7950000000000004
decision_type=2 2 2 2 2 2 2 2 2 2 2 2 2 2 2 2 2 2 2 2 2 2 2 2 2 2 2 2 2 2
left_child=1 2 4 -4 5 -1 -5 -8 10 -10 12 -12 -9 -6 15 -14 17 19 -19 20 22 -21 27 -24 25 -25 -22 -2 -29 -30
right_child=16 -3 3 6 13 -7 7 8 9 -11 11 -13 14 -15 -16 -17 -18 18 -20 21 26 -23 23 24 -26 -27 -28 28 29 -31
leaf_value=-0.0077313573420272064 0.013507738473211848 -0.017506663993637869 0.09364367384049628 0.10034015621058644 0.061116178568951213 -0.061967975895284959 -0.082603824109985291 -0.057461182524760568 0.017401251861244249 0.12194857244138364 -0.14551824284273954 -0.021835243119261202 0.010143893957138063 -0.033353127205166325 -0.0053447252474725249 0.15006365917977835 0.082066488340497012 -0.0017596633601127767 0.090151172177866112 -0.055232912776275324 -0.099333553630858662 0.026459369078644962 -0.063584650551470431 0.148179944943298 -0.036612093222460583 0.037932638635674677 0.0082894748532954532 0.059513596324643619 0.049995952418872287 0.21886246042946975
leaf_weight=191 41 1096 36 20 53 115 26 33 157 27 21 39 21 29 50 21 30 728 32 65 20 61 26 22 42 182 98 71 21 24
leaf_count=191 41 1096 36 20 53 115 26 33 157 27 21 39 21 29 50 21 30 728 32 65 20 61 26 22 42 182 98 71 21 24
internal_value=-3.29752e-13 -0.00980365 0.000258927 0.0145196 -0.0163172 -0.0281144 0.0076558 0.00296292 0.00899202 0.0327424 -0.01463 -0.0651243 0.00960723 0.0277063 0.0336644 0.0801038 0.0129666 0.0115199 0.00211027 0.022146 0.0308599 -0.0156835 0.0420855 0.0256353 0.035065 0.0498221 -0.00995172 0.0705853 0.0907593 0.140058
internal_weight=3398 1935 839 451 388 306 415 395 369 184 185 60 125 82 92 42 1463 1433 760 673 547 126 429 272 246 204 118 157 116 45
internal_count=3398 1935 839 451 388 306 415 395 369 184 185 60 125 82 92 42 1463 1433 760 673 547 126 429 272 246 204 118 157 116 45
is_linear=0
shrinkage=0.05


Tree=92
num_leaves=31
num_cat=0
split_feature=26 26 12 3 27 3 17 6 25 27 0 10 9 2 29 5 10 18 16 15 19 27 17 26 3 9 7 18 25 8
split_gain=161.615 89.8857 64.6871 63.2032 119.573 134.843 80.2872 62.3814 74.8794 94.0166 102.543 72.7369 66.365 97.3528 78.7777 94.0715 72.0403 69.3119 99.5555 103.359 110.714 99.4213 81.8587 77.5873 76.0652 80.0741 69.975 66.8811 66.2995 65.4831
threshold=76.308333333333351 77.596666666666678 1.5000000000000002 28.025000000000002 6.1398763559753418 31.535000000000004 3.0955126576520309 34.305000000000007 9.6883953932716071 10.893674311002473 16.023800000000005 337.13500000000005 8.0500000000000025 57.580000000000005 10.30094366105342 231.50500000000002 245.13500000000002 26.245000000000001 -1.9287242468185923 0.25881904510252057 40.610000000000007 4.6196965737646787 -1.9708874282402549 40.881666666666675 20.785000000000004 3.9050000000000007 82.475000000000009 20.655000000000005 7.9121116921203729 1012.9850000000001
decision_type=2 2 2 2 2 2 2 2 2 2 2 2 2 2 2 2 2 2 2 2 2 2 2 2 2 2 2 2 2 2
left_child=2 -2 -1 7 -5 6 -6 8 11 10 -10 12 14 -14 17 16 -16 21 -19 -20 23 -4 -22 24 25 -21 27 -23 -9 -15
right_child=1 -3 3 4 5 -7 -8 28 9 -11 -12 -13 13 29 15 -17 -18 18 19 20 22 26 -24 -25 -26 -27 -28 -29 -30 -31
leaf_value=0.0069644979205336355 0.090906177540309732 0.014317088883172797 -0.10286439530551435 0.059963720218442818 -0.01119124886802941 -0.098604534504314278 0.082517933299144114 0.046928070337083697 -0.040096927572016577 0.10400309526920321 0.051014246038196369 0.024830208454705491 -0.05729328767706951 0.11488425584137441 -0.032687879382019752 0.086462114631597489 0.045780539732330885 -0.017048044894040243 -0.034899719271888438 0.050956243313848973 -0.20099191936509064 -0.01435931930066766 -0.093160305014162351 0.039493491855405627 -0.11932885814935734 -0.081041992238412297 -0.061943646283312281 0.072906588473253778 -0.047251536592841148 0.0095479008793416947
leaf_weight=635 40 906 20 85 96 36 30 74 74 25 53 79 30 25 117 28 39 319 316 20 24 37 66 21 39 27 22 54 25 36
leaf_count=635 40 906 20 85 96 36 30 74 74 25 53 79 30 25 117 28 39 319 316 20 24 37 66 21 39 27 22 54 25 36
internal_value=1.38615e-10 0.0175555 -0.00677305 -0.011574 0.0119366 -0.0132629 0.0111205 -0.0152728 -0.0178584 0.0153728 -0.00207415 -0.0216879 -0.0246516 0.0164509 -0.0279069 0.00207553 -0.0130708 -0.0336237 -0.0389814 -0.0526202 -0.081045 -0.000108174 -0.121915 -0.046668 -0.0677074 -0.0248725 0.0180788 0.0374248 0.0231453 0.0527185
internal_weight=3398 946 2452 1817 247 162 126 1570 1471 152 127 1319 1240 91 1149 184 156 965 832 513 197 133 90 107 86 47 113 91 99 61
internal_count=3398 946 2452 1817 247 162 126 1570 1471 152 127 1319 1240 91 1149 184 156 965 832 513 197 133 90 107 86 47 113 91 99 61
is_linear=0
shrinkage=0.05


Tree=93
num_leaves=31
num_cat=0
split_feature=21 25 3 0 4 17 25 25 23 10 2 5 23 20 9 17 18 5 5 21 12 25 7 5 20 29 9 22 27 12
split_gain=148.3 65.1506 83.11 61.5719 79.3797 78.6052 76.3228 158.593 119.941 110.518 85.022 71.2004 80.6661 91.9485 112.761 81.0882 97.2992 80.4251 93.7222 124.326 102.125 83.6385 81.1989 72.3042 71.1441 68.0921 67.3576 64.3475 78.1209 61.432
threshold=50.335000000000008 1.8529009817445268 20.785000000000004 16.023800000000005 6.7150000000000007 0.16083148704736575 3.6211849669739098 3.7980691786434018 55.425000000000004 212.15000000000003 17.315000000000001 155.44500000000002 33.155000000000008 31.700000000000003 4.3550000000000013 -0.68738939777533759 24.385000000000002 232.73000000000005 200.03500000000003 32.915000000000006 3.5000000000000004 8.3072157228158918 52.490000000000002 194.27000000000001 33.385000000000012 9.1705123261704298 5.6650000000000009 38.100000000000009 8.1349829841887651 2.5000000000000004
decision_type=2 2 2 2 2 2 2 2 2 2 2 2 2 2 2 2 2 2 2 2 2 2 2 2 2 2 2 2 2 2
left_child=1 2 -1 6 -5 -6 9 -8 10 -3 -9 -12 13 14 15 -13 -17 18 20 -20 22 -22 -14 -16 -24 -7 -11 28 -15 -2
right_child=29 3 -4 4 5 25 7 8 -10 26 11 12 17 27 23 16 -18 -19 19 -21 21 -23 24 -25 -26 -27 -28 -29 -30 -31
leaf_value=-0.023661100404693727 0.01936329774381396 -0.079793346720910832 0.064195399518523905 0.006999258391698006 -0.00020102025009691716 -0.16063615409657361 0.12518049813807011 -0.11298364166702544 -0.12745578948330757 -0.029651514504803345 0.044840863201204902 -0.024513758276589217 -0.032632980975680626 -0.0081409985532185855 -0.091859295510727426 0.0085740674625743515 0.16095229227095842 0.060010170115500083 0.01486820410937071 -0.080602464127012441 -0.086404339330536983 0.033337145552039149 -0.0042742932680994274 -0.0041357577118712168 0.097584359468892212 -0.033163576234470714 0.0754715257510543 -0.11356629800903513 -0.11933865672485396 0.00041482050155001857
leaf_weight=47 899 117 63 513 48 20 20 21 24 64 53 32 26 56 46 22 20 49 60 79 35 25 24 48 60 22 20 47 22 816
leaf_count=47 899 117 63 513 48 20 20 21 24 64 53 32 26 56 46 22 20 49 60 79 35 25 24 48 60 22 20 47 22 816
internal_value=6.36002e-11 -0.0105443 0.0266567 -0.0131458 -0.000599256 -0.0439108 -0.0209453 -0.0137749 -0.0174853 -0.0483785 -0.0138449 -0.0108877 -0.0154247 -0.0348798 -0.0107191 0.0354491 0.0811351 0.000498027 -0.00893917 -0.0393921 0.0159606 -0.0365121 0.044582 -0.0470643 0.0684819 -0.0938648 -0.00462222 -0.0673517 -0.0395044 0.0103476
internal_weight=3398 1683 110 1573 603 90 970 769 749 201 725 704 651 293 168 74 42 358 309 139 170 60 110 94 84 42 84 125 78 1715
internal_count=3398 1683 110 1573 603 90 970 769 749 201 725 704 651 293 168 74 42 358 309 139 170 60 110 94 84 42 84 125 78 1715
is_linear=0
shrinkage=0.05


Tree=94
num_leaves=31
num_cat=0
split_feature=22 16 12 7 16 29 21 4 6 12 28 10 2 28 25 9 28 23 2 29 25 20 23 21 25 25 18 3 27 3
split_gain=137.729 58.8955 61.402 83.3827 80.6259 87.2398 78.5254 79.1798 79.5443 78.3269 96.5721 70.3517 74.7093 64.4988 75.4362 63.1521 61.6973 82.2945 69.6786 61.422 98.7124 79.4654 70.416 54.3568 53.3085 102.755 81.1975 116.907 52.987 51.9628
threshold=71.940000000000012 6.9434610932343555 2.5000000000000004 47.245000000000012 3.5592218177924191 8.3862161475449248 84.690000000000012 3.9050000000000007 28.115000000000006 5.5000000000000009 75.908333333333346 282.00500000000005 153.18500000000003 77.425208333333345 4.5469623555493817 8.1750000000000025 94.411458333333329 91.980000000000004 186.59000000000003 9.5017970602658028 10.416240381006295 79.035000000000011 96.735000000000014 74.235000000000014 5.9794759254610694 7.2752341823175861 81.705000000000013 21.615000000000006 6.8008696674601063 11.185
decision_type=2 2 2 2 2 2 2 2 2 2 2 2 2 2 2 2 2 2 2 2 2 2 2 2 2 2 2 2 2 2
left_child=29 2 3 -2 6 -6 7 -5 -9 10 23 15 -13 -11 -15 19 18 -18 -8 22 21 -21 24 -4 26 -26 27 -12 -7 -1
right_child=1 -3 9 4 5 28 16 8 -10 13 11 12 -14 14 -16 -17 17 -19 -20 20 -22 -23 -24 -25 25 -27 -28 -29 -30 -31
leaf_value=0.017186033718642735 0.11956725023362949 0.094532860232436136 0.12356679024640471 0.14518736969106472 -0.091210881322622298 -0.029788262418542918 0.021200138282051868 -0.038359155559114053 0.078313420511161302 -0.01403355626926686 0.10136904984479772 -0.010513452274481888 0.095523690804839134 0.012553865167622767 0.11232053315499797 0.050388656292731565 0.047340863060068204 -0.063075508524974191 0.11037426722049713 -0.04036311658197328 0.032854330949485304 -0.14195997490523718 0.069394589428390774 0.0069940678961575038 -0.14698027411232825 -0.018004617570562566 -0.063573561038356277 -0.052447933668182012 0.076996018879470385 -0.0088592924620174793
leaf_weight=210 23 23 20 26 30 26 177 21 48 39 30 46 26 36 40 24 27 45 25 38 20 39 21 20 23 47 32 21 21 2174
leaf_count=210 23 23 20 26 30 26 177 21 48 39 30 46 26 36 40 24 27 45 25 38 20 39 21 20 23 47 32 21 21 2174
internal_value=1.36766e-11 0.0154349 0.0135992 0.0267294 0.0219418 -0.0245962 0.031653 0.070825 0.0428044 0.00180206 -0.0084933 -0.016534 0.0277777 0.0382387 0.0650626 -0.0273491 0.0180715 -0.0216694 0.0322365 -0.0342336 -0.066115 -0.0918213 -0.0164607 0.0652804 -0.0282448 -0.0603823 -0.00114083 0.0380326 0.0179239 -0.00656503
internal_weight=3398 1014 991 469 446 77 369 95 69 522 407 367 72 115 76 295 274 72 202 271 97 77 174 40 153 70 83 51 47 2384
internal_count=3398 1014 991 469 446 77 369 95 69 522 407 367 72 115 76 295 274 72 202 271 97 77 174 40 153 70 83 51 47 2384
is_linear=0
shrinkage=0.05


Tree=95
num_leaves=31
num_cat=0
split_feature=26 26 24 9 25 21 20 8 12 12 23 3 3 10 10 25 25 2 23 25 18 9 9 9 16 16 4 21 10 5
split_gain=125.891 80.3323 56.0289 69.6116 69.5899 62.8687 58.1144 73.8331 55.9822 56.8055 70.2237 66.1639 88.2684 112.075 74.0587 79.2406 129.883 91.8431 83.346 108.526 90.6185 81.9226 86.9251 71.4744 65.8495 97.9046 78.3948 75.0795 64.0723 61.9677
threshold=76.308333333333351 77.596666666666678 81.043333333333337 5.7650000000000006 10.416240381006295 92.730000000000018 105.25500000000001 1018.5200000000001 1.5000000000000002 5.5000000000000009 33.715000000000011 31.745000000000005 28.285000000000004 238.58500000000001 334.59500000000008 4.1782928489390114 4.5469623555493817 49.205000000000005 49.115000000000009 9.4734453428253698 43.135000000000012 6.6350000000000007 5.2550000000000008 4.3050000000000006 4.6420929247817044 2.5762712795492191 5.3350000000000009 23.065000000000001 154.73000000000002 234.41500000000005
decision_type=2 2 2 2 2 2 2 2 2 2 2 2 2 2 2 2 2 2 2 2 2 2 2 2 2 2 2 2 2 2
left_child=8 -2 3 -3 6 -6 7 -4 -1 10 29 12 14 -14 15 17 -17 -12 -18 20 23 22 -19 -20 25 27 -27 -11 -24 -10
right_child=1 2 4 -5 5 -7 -8 -9 9 24 11 -13 13 -15 -16 16 18 21 19 -21 -22 -23 28 -25 -26 26 -28 -29 -30 -31
leaf_value=0.0068020316420166985 0.084837435386143634 -0.032750543243148265 0.014250596677606673 0.036484668181076943 0.13401678401666384 0.018334577718506689 -0.061919356789439918 0.10953660160303116 -0.028332392840799109 -0.06410147072299599 -0.13268427356429721 -0.082496712043260534 0.065996860646243605 -0.029778080130927267 0.039291740429516026 0.080364896556953114 0.0071894920821030314 -0.025160306733744055 -0.059055355936288835 0.035042603908536522 -0.060383645214471982 0.038525305936733888 -0.045890917658805847 0.06218143562155385 0.071706491517316964 -0.0080850072852943263 -0.1119767219821612 0.025923823504620847 -0.16288740079511296 -0.10094490580712304
leaf_weight=635 40 126 637 51 24 23 24 21 268 26 23 30 84 48 65 41 293 202 20 52 191 39 25 31 36 46 30 212 22 33
leaf_count=635 40 126 637 51 24 23 24 21 268 26 23 30 84 48 65 41 293 202 20 52 191 39 25 31 36 46 30 212 22 33
internal_value=-3.15011e-11 0.0154943 0.0124328 -0.0128014 0.0185596 0.0774063 0.0145042 0.0172916 -0.00597781 -0.0104441 -0.0147623 -0.00920415 -0.00726861 0.0311696 -0.0123222 -0.0158951 -0.00567366 -0.0365351 -0.0116832 -0.0304916 -0.0445734 -0.0288566 -0.0394104 0.0146376 0.00765553 0.000312103 -0.0490949 0.0160891 -0.100655 -0.0362932
internal_weight=3398 946 906 177 729 47 682 658 2452 1817 1467 1166 1136 132 1004 939 628 311 587 294 242 288 249 51 350 314 76 238 47 301
internal_count=3398 946 906 177 729 47 682 658 2452 1817 1467 1166 1136 132 1004 939 628 311 587 294 242 288 249 51 350 314 76 238 47 301
is_linear=0
shrinkage=0.05


Tree=96
num_leaves=31
num_cat=0
split_feature=28 27 12 25 9 12 8 3 17 18 2 5 18 27 26 25 27 27 9 14 9 17 18 19 27 22 7 16 6 18
split_gain=117.435 53.6093 60.9017 79.5188 85.0207 69.7411 86.9399 79.1687 71.2571 61.9712 79.4139 116.022 79.5256 77.3879 72.4932 61.0744 64.215 95.9646 76.5989 118.866 77.22 72.9866 91.8734 81.4061 76.6079 97.8327 71.1162 68.3994 73.5676 67.9781
threshold=48.200833333333343 2.4764841163683795 2.5000000000000004 11.662389522564295 8.0500000000000025 5.5000000000000009 1011.0250000000001 12.995000000000003 1.1741427237956521 89.645000000000024 148.12000000000003 228.81500000000003 79.855000000000018 6.7253006078785988 81.160000000000011 11.172284019319015 7.1272631592718918 7.2946514510020446 5.0450000000000008 0.60355339059327384 7.9350000000000014 -4.6042415499447387 52.715000000000011 55.925000000000004 6.1891621466653008 103.31000000000002 74.905000000000015 3.0085788217873981 32.535000000000004 84.105000000000004
decision_type=2 2 2 2 2 2 2 2 2 2 2 2 2 2 2 2 2 2 2 2 2 2 2 2 2 2 2 2 2 2
left_child=-1 -2 15 4 5 6 8 -7 -4 10 12 13 -8 -12 -14 16 21 -18 19 -19 29 -3 23 -23 25 27 -26 -24 -29 -20
right_child=1 2 3 -5 -6 7 9 -9 -10 -11 11 -13 14 -15 -16 -17 17 18 20 -21 -22 22 24 -25 26 -27 -28 28 -30 -31
leaf_value=-0.009300651098053038 -0.060602967779117604 -0.049990029074251652 0.047589979713989629 0.099189552112948165 0.054995285658562765 0.11807607859373093 -0.019748178177823011 0.01015199697947344 -0.025489057973027231 -0.08357299554161729 -0.0078960128594189882 -0.065659649626562192 -0.15629528376739474 0.089082200708799075 -0.039812489292200881 -0.044882945993116929 0.14107301265678623 -0.014400873330235481 0.14214537294847626 0.069387783427373506 -0.020074395183473828 -0.0017026179366641575 0.062352956337172818 -0.11978971229866148 -0.036675480284898636 -0.059241495378639389 0.066210301051085649 -0.044252723496821189 0.062756102011892301 0.049678944116053378
leaf_weight=1698 27 44 90 20 61 20 254 113 53 40 36 31 22 48 34 35 22 125 35 64 20 54 205 20 71 23 22 36 29 46
leaf_count=1698 27 44 90 20 61 20 254 113 53 40 36 31 22 48 34 35 22 125 35 64 20 54 205 20 71 23 22 36 29 46
internal_value=2.87612e-11 0.00928971 0.0104177 0.00071112 -0.0017447 -0.0064156 -0.0135899 0.0263812 0.0205047 -0.0240749 -0.0184751 0.0170108 -0.0316392 0.0475201 -0.0855736 0.0197935 0.0225676 0.0403947 0.032757 0.013972 0.0679092 0.0115317 0.0174164 -0.033618 0.0272003 0.0397496 -0.0123369 0.0481822 0.00348968 0.0896336
internal_weight=3398 1700 1673 822 802 741 608 133 143 465 425 115 310 84 56 851 816 312 290 189 101 504 460 74 386 293 93 270 65 81
internal_count=3398 1700 1673 822 802 741 608 133 143 465 425 115 310 84 56 851 816 312 290 189 101 504 460 74 386 293 93 270 65 81
is_linear=0
shrinkage=0.05


Tree=97
num_leaves=31
num_cat=0
split_feature=0 12 12 10 20 21 9 9 25 25 5 9 24 10 6 5 21 21 3 8 2 10 21 21 9 5 7 7 7 4
split_gain=109.126 61.1199 97.8147 67.5373 98.9882 92.6423 90.5396 116.855 114.235 133.116 107.822 85.0125 79.5395 73.7494 149.406 94.3318 80.5694 65.2108 77.6639 85.3037 63.0676 59.4341 59.4277 74.0208 111.431 113.897 78.2545 74.7244 68.3759 65.294
threshold=16.023800000000005 2.5000000000000004 5.5000000000000009 187.77500000000001 39.725000000000001 99.160000000000011 7.7750000000000012 5.0450000000000008 8.409611557154177 6.1684708840305396 187.26000000000002 6.0150000000000006 59.728333333333332 215.50500000000002 29.045000000000005 213.48500000000004 52.865000000000009 53.355000000000011 18.315000000000001 1013.9250000000001 172.29500000000004 14.240000000000002 50.07500000000001 38.900000000000006 8.0500000000000025 204.22500000000002 53.445000000000007 72.63000000000001 76.475000000000009 6.1150000000000011
decision_type=2 2 2 2 2 2 2 2 2 2 2 2 2 2 2 2 2 2 2 2 2 2 2 2 2 2 2 2 2 2
left_child=22 3 21 4 -2 13 7 8 9 17 11 -9 -11 14 -5 16 -15 -6 -19 -20 -7 -3 23 -1 25 26 -25 -28 -29 -27
right_child=1 2 -4 5 6 20 -8 10 -10 12 -12 -13 -14 15 -16 -17 -18 18 19 -21 -22 -23 -24 24 -26 29 27 28 -30 -31
leaf_value=-0.0073674870210026604 0.13455790511908985 -0.064976352419365543 0.02445920991762885 0.042940455892433727 -0.057102290583823469 0.0083511831164360048 -0.044736103684673179 -0.054651320002113403 -0.060105604921346124 0.15048835486746753 0.09916521021105508 0.068874636182251078 0.044358876455913895 0.080339984069375897 -0.11486023696139457 -0.035898294858634473 0.0061081428290083173 -0.020599182948524902 0.0013048564110483443 0.11425386983682984 0.11957595451520041 -0.0055535158490244291 0.022780397282391091 -0.089160097787777587 0.060754860889304568 -0.062985405369558572 0.035789817841588592 -0.11326631719157809 -0.00030619586641724046 -0.15400963602587581
leaf_weight=707 21 44 298 24 38 25 44 26 46 26 94 30 55 46 40 106 178 68 35 32 26 964 107 30 27 110 69 21 37 24
leaf_count=707 21 44 298 24 38 25 44 26 46 26 94 30 55 46 40 106 178 68 35 32 26 964 107 30 27 110 69 21 37 24
internal_value=3.83656e-11 0.00633309 -0.000707277 0.0159109 0.0282386 0.00164401 0.023719 0.0304124 0.0123958 0.025526 0.0664456 0.0115233 0.0784251 -0.00656388 -0.055685 0.00296263 0.0213522 0.000758164 0.0170448 0.0552507 0.065054 -0.00814737 -0.0126774 -0.0163788 -0.0364134 -0.045429 -0.0165301 0.000626579 -0.0412056 -0.0792883
internal_weight=3398 2266 1306 960 515 445 494 450 300 254 150 56 81 394 64 330 224 173 135 67 51 1008 1132 1025 318 291 157 127 58 134
internal_count=3398 2266 1306 960 515 445 494 450 300 254 150 56 81 394 64 330 224 173 135 67 51 1008 1132 1025 318 291 157 127 58 134
is_linear=0
shrinkage=0.05


Tree=98
num_leaves=31
num_cat=0
split_feature=22 3 15 28 28 6 22 25 8 6 25 19 21 29 10 27 4 18 23 4 11 15 23 25 9 6 25 17 10 9
split_gain=99.5987 57.7146 64.43 74.265 96.8342 63.2275 61.1346 68.4204 77.9236 66.7249 56.188 85.3363 73.6513 58.2528 74.6609 72.1835 60.0755 59.7034 54.9921 52.5944 52.0909 48.1546 75.2895 63.8808 60.7006 59.5435 63.7251 120.579 63.492 59.1863
threshold=71.940000000000012 10.585000000000003 0.25881904510252057 94.911458333333357 92.423958333333346 30.605000000000004 80.040000000000006 2.8084987321284194 1014.4350000000001 38.365000000000002 4.7226932916816358 73.925000000000026 74.760000000000005 8.3700585873498472 189.68500000000003 7.0176902592952635 4.8750000000000009 75.595000000000013 95.345000000000013 4.4150000000000009 17.500000000000004 0.60355339059327384 51.030000000000008 1.8529009817445268 3.7550000000000003 34.250000000000007 3.0998521197241788 -2.3755511965319096 14.240000000000002 4.7950000000000008
decision_type=2 2 2 2 2 2 2 2 2 2 2 2 2 2 2 2 2 2 2 2 2 2 2 2 2 2 2 2 2 2
left_child=21 20 3 4 -3 -5 19 8 -8 10 11 -9 -12 14 -14 -15 17 -17 -6 -4 -2 23 25 24 -1 26 27 -23 -28 -24
right_child=1 2 6 5 18 -7 7 9 -10 -11 12 -13 13 15 -16 16 -18 -19 -20 -21 -22 22 29 -25 -26 -27 28 -29 -30 -31
leaf_value=-0.024156725574885646 -0.090166646211097642 0.024854852983130601 0.10997377722100779 0.03116318242890494 0.13563138580683506 -0.08763617506871621 -0.0029036392414465897 0.020956666564399547 0.10427798623485225 0.051130111405954637 -0.10102344006299974 -0.09721319209085777 0.018218983767124323 0.066062909102409473 -0.098465295071745743 0.094411698654294024 -0.052497181983753333 -0.026296535276231315 0.048435759614221752 0.016303052717542395 5.0882609017814198e-05 -0.12703430844204766 -0.12622851007790478 -0.0037105942181188765 0.058115302343611369 0.050174755727251379 0.079028099831193688 -0.014152947871958558 -0.012017104805291941 -0.017079454628021819
leaf_weight=31 24 371 22 21 33 24 43 22 28 34 20 50 26 49 29 20 42 21 40 47 48 35 27 1608 81 36 20 73 450 23
leaf_count=31 24 371 22 21 33 24 43 22 28 34 20 50 26 49 29 20 42 21 40 47 48 35 27 1608 81 36 20 73 450 23
internal_value=-6.45869e-11 0.0131256 0.0164235 0.0290094 0.0352126 -0.0321965 0.0028374 -0.00494876 0.0393652 -0.0150008 -0.0230598 -0.0611057 -0.00982638 -7.26863e-05 -0.0433055 0.017941 -0.0104684 0.0325855 0.087853 0.0461691 -0.0300216 -0.00558279 -0.0170199 -0.00116753 0.0353436 -0.0122153 -0.0161012 -0.0507349 -0.00814284 -0.0760199
internal_weight=3398 1014 942 489 444 45 453 384 71 313 279 72 207 187 55 132 83 41 73 69 72 2384 664 1720 112 614 578 108 470 50
internal_count=3398 1014 942 489 444 45 453 384 71 313 279 72 207 187 55 132 83 41 73 69 72 2384 664 1720 112 614 578 108 470 50
is_linear=0
shrinkage=0.05


Tree=99
num_leaves=31
num_cat=0
split_feature=0 6 3 8 25 3 14 9 28 11 18 16 7 19 4 10 26 6 17 18 27 22 9 25 25 3 7 7 29 3
split_gain=94.1644 56.4121 71.1081 118.805 88.5936 95.0704 81.0606 90.7214 88.5362 107.506 92.0318 75.3704 85.8542 68.2509 68.1589 86.6373 66.3895 64.9685 63.106 62.2694 71.3832 62.0085 71.2924 61.5717 69.0799 84.3028 55.7852 68.6654 76.3471 72.8147
threshold=16.023800000000005 20.990000000000006 17.345000000000002 1013.0750000000002 6.3412663521439558 23.505000000000006 -0.37940952255126059 7.3050000000000006 38.380625000000009 15.500000000000002 31.935000000000006 3.1139143581393518 73.320000000000007 45.035000000000004 4.4150000000000009 133.39000000000001 40.881666666666675 29.455000000000002 -1.3324721080534372 37.865000000000002 7.7824676709533751 41.645000000000003 3.6550000000000007 8.8330702890185346 4.1320253303907926 26.675000000000004 65.155000000000015 68.215000000000018 10.12453698840074 10.080000000000002
decision_type=2 2 2 2 2 2 2 2 2 2 2 2 2 2 2 2 2 2 2 2 2 2 2 2 2 2 2 2 2 2
left_child=1 18 6 4 5 14 7 8 10 -10 17 13 -13 19 -4 -16 -8 -3 23 20 -5 22 -20 24 -1 -26 -2 28 29 -28
right_child=26 2 3 11 -6 -7 16 -9 9 -11 -12 12 -14 -15 15 -17 -18 -19 21 -21 -22 -23 -24 -25 25 -27 27 -29 -30 -31
leaf_value=0.019427811056375505 0.013577184650514808 -0.035360603793183475 -0.0098112095918121006 -0.056236390036249917 -0.1018816337956092 0.019165717713534834 0.086896319705992944 0.050286662132324036 -0.083351591365555158 0.030106047844900837 -0.086223304878512874 0.12173538375592961 -0.019604303151191702 -0.097805756628513346 -0.029451391641050581 -0.16787165133998946 -0.015733867482497142 0.061404705623334103 0.10936894416809083 0.071221330442598887 0.029836334412296613 -0.017917995867853771 0.022785163511905602 0.04789233805883366 -0.030958550935611132 -0.15721966776996854 -0.099491192258539654 0.0032587987113067794 -0.094643746578210119 0.0016240256106178474
leaf_weight=30 1155 82 29 63 79 50 40 48 26 106 80 22 21 25 20 26 26 22 31 21 39 61 102 24 39 20 21 936 37 117
leaf_count=30 1155 82 29 63 79 50 40 48 26 106 80 22 21 25 20 26 26 22 31 21 39 61 102 24 39 20 21 936 37 117
internal_value=-3.597e-11 -0.0117763 -0.0185852 -0.0339009 -0.0604342 -0.0342394 -0.00451604 -0.0137601 -0.0234887 0.00775833 -0.0459051 -0.00556169 0.052709 -0.0224917 -0.0698429 -0.107689 0.0464662 -0.014891 0.00652117 -0.00718396 -0.0233262 0.0238223 0.0429663 -0.0231816 -0.0423477 -0.0737589 0.00588295 -0.00211601 -0.0308636 -0.0137631
internal_weight=3398 1132 825 395 204 125 430 364 316 132 184 191 43 148 75 46 66 104 307 123 102 194 133 113 89 59 2266 1111 175 138
internal_count=3398 1132 825 395 204 125 430 364 316 132 184 191 43 148 75 46 66 104 307 123 102 194 133 113 89 59 2266 1111 175 138
is_linear=0
shrinkage=0.05


Tree=100
num_leaves=31
num_cat=0
split_feature=26 26 21 18 24 9 19 16 16 16 21 21 28 18 25 9 5 22 9 4 16 27 18 4 8 18 28 14 4 9
split_gain=86.75 73.0405 52.5486 69.5227 52.3983 115.985 73.0238 58.3749 99.512 69.0428 106.393 65.2278 62.6453 78.8552 59.1292 134.482 114.4 105.589 70.1959 59.7136 69.5911 58.2102 54.0234 53.4093 64.2715 52.8372 85.9104 59.4576 58.7058 52.4727
threshold=76.308333333333351 77.596666666666678 73.155000000000015 92.085000000000008 81.940000000000012 5.7650000000000006 79.215000000000018 -3.0049386546237726 -2.8175916537426922 -3.3720445703855622 82.010000000000005 86.270000000000024 94.911458333333357 104.06500000000001 3.8813055789618303 4.705000000000001 173.215 84.950000000000003 4.3550000000000013 5.7650000000000006 1.3824204037486385 5.5669886542050557 87.66500000000002 4.5050000000000008 1012.1250000000001 81.135000000000005 80.940625000000011 -0.70710678118654735 3.9050000000000007 5.2350000000000012
decision_type=2 2 2 2 2 2 2 2 2 2 2 2 2 2 2 2 2 2 2 2 2 2 2 2 2 2 2 2 2 2
left_child=-1 -2 3 -3 5 25 -6 9 -9 10 -8 -12 13 14 16 19 -10 18 -18 23 -21 -13 -19 24 -16 27 -27 -4 -29 -17
right_child=1 2 4 -5 6 -7 7 8 12 -11 11 21 -14 -15 15 29 17 22 -20 20 -22 -23 -24 -25 -26 26 -28 28 -30 -31
leaf_value=-0.0049622474253967867 0.07898314202204347 0.092041792502490491 0.039757216003753489 -0.021666284296661616 0.10310694876719605 0.049038384244868567 -0.08255453705787659 -0.10462442569079854 -0.054384698608793837 0.11930434026501396 0.1198184428302656 0.066120072793481616 -0.04729751525446773 0.094069434017209075 -0.021171131895648111 -0.12387034639038824 -0.058441909309476618 0.043274835419530672 0.065206304143860264 0.017226745498677098 0.13763502328423782 -0.015295500705099625 0.1401203986645366 -0.038338203873485327 0.087925725192245507 -0.14841988710686566 -0.014636448646585146 0.025279956985087622 -0.07561266313752403 -0.034705271778467717
leaf_weight=2452 40 41 31 20 22 51 20 21 29 22 22 42 48 28 27 22 24 24 22 30 20 46 36 50 27 24 24 21 46 66
leaf_count=2452 40 41 31 20 22 51 20 21 29 22 22 42 48 28 27 22 24 24 22 30 20 46 36 50 27 24 24 21 46 66
internal_value=1.76844e-10 0.012862 0.00994272 0.0547605 0.00670736 -0.0158742 0.0135724 0.0104259 0.0017796 0.0373886 0.0235259 0.0428132 0.00671223 0.0131134 0.00710074 -0.00768896 0.0336126 0.0576874 0.000694193 0.0204868 0.0653901 0.0235619 0.101382 -0.00110131 0.0333773 -0.0385492 -0.0815282 -0.0174983 -0.0439896 -0.0569965
internal_weight=3398 946 906 61 845 197 648 626 474 152 130 110 453 405 377 242 135 106 46 154 50 88 60 104 54 146 48 98 67 88
internal_count=3398 946 906 61 845 197 648 626 474 152 130 110 453 405 377 242 135 106 46 154 50 88 60 104 54 146 48 98 67 88
is_linear=0
shrinkage=0.05


Tree=101
num_leaves=31
num_cat=0
split_feature=12 12 4 25 27 10 16 28 27 5 9 3 16 14 3 3 9 21 6 27 25 29 8 7 25 16 17 6 10 22
split_gain=84.2349 98.0656 73.0859 99.4509 67.0995 65.7966 137.743 77.2737 74.6649 68.9751 131.449 73.3402 96.541 63.9568 135.907 95.0356 92.5758 94.5649 87.3716 89.3222 80.0056 96.4086 82.7896 78.6965 68.3207 67.7656 65.8802 104.875 70.8611 62.597
threshold=2.5000000000000004 5.5000000000000009 4.5650000000000004 4.8403907995721704 9.134300261692049 184.83500000000004 -1.093134237900147 83.574375000000018 7.407575963627469 186.13500000000002 3.5950000000000002 11.535000000000002 -3.8723465292523613 1.0000000180025095e-35 15.815000000000003 15.375000000000002 7.8250000000000011 98.560000000000016 36.355000000000011 8.4551657267047613 8.409611557154177 10.557280109544925 1015.8150000000002 56.065000000000005 10.170576284545373 3.5592218177924191 3.6880556814086884 24.675000000000004 27.455000000000002 41.645000000000003
decision_type=2 2 2 2 2 2 2 2 2 2 2 2 2 2 2 2 2 2 2 2 2 2 2 2 2 2 2 2 2 2
left_child=13 5 3 -3 -4 6 9 8 -8 10 -2 12 -11 14 15 20 17 26 19 23 22 24 25 -16 -22 -1 28 -28 -15 -10
right_child=1 2 4 -5 -6 -7 7 -9 29 11 -12 -13 -14 16 18 -17 -18 -19 -20 -21 21 -23 -24 -25 -26 -27 27 -29 -30 -31
leaf_value=0.039330659782019807 0.034774549981579188 0.078188285453333742 -0.010886367255072129 0.0036918785820792745 0.075171783346682786 -0.0020045097685127346 -0.051953286715391761 0.017430287328633397 -0.078347868472337726 0.14048464067280295 -0.0577031778871816 -0.0089799129057617239 -0.0033463953262461085 0.078030335721446242 -0.0047525294097279444 0.092533770455299202 -0.042019503157851953 0.12933493221089953 0.043826787929154107 0.051847806417693702 -0.054609652236104013 -0.12405450255002665 -0.03405292209421025 -0.069929576548437275 0.070517583191394811 -0.036992650637120914 -0.010853967180146891 0.098417219555666374 0.0096863316774659092 -0.19511184489185163
leaf_weight=245 50 84 241 96 25 728 69 22 24 20 166 383 28 41 67 37 56 21 36 24 24 23 61 150 20 33 34 62 506 22
leaf_count=245 50 84 241 96 25 728 69 22 24 20 166 383 28 41 67 37 56 21 36 24 24 23 61 150 20 33 34 62 506 22
internal_value=-4.76637e-11 -0.00675117 0.0138518 0.0384569 -0.0027982 -0.0128285 -0.0228794 -0.0684242 -0.0848486 -0.0132354 -0.0362963 -0.00167822 0.0565832 0.00917972 -0.00135764 0.01582 0.0197171 0.0249238 -0.0288294 -0.0396826 0.0088288 -0.0410975 0.0186962 -0.0498058 0.00226636 0.0302707 0.0215138 0.059717 0.014809 -0.134192
internal_weight=3398 1958 446 180 266 1512 784 137 115 647 216 431 48 1440 720 443 720 664 277 241 406 67 339 217 44 278 643 96 547 46
internal_count=3398 1958 446 180 266 1512 784 137 115 647 216 431 48 1440 720 443 720 664 277 241 406 67 339 217 44 278 643 96 547 46
is_linear=0
shrinkage=0.05


Tree=102
num_leaves=31
num_cat=0
split_feature=28 25 27 27 8 2 9 4 25 11 10 27 25 3 8 6 8 26 20 24 22 4 7 18 8 8 10 4 14 15
split_gain=79.3498 50.7538 47.0142 72.3727 78.7331 70.0799 63.3529 77.8588 89.1921 94.8001 58.1417 53.8553 50.6361 69.0962 60.4459 90.1572 79.436 80.325 71.5992 105.78 87.2934 158.693 70.4327 74.3722 67.7367 67.6887 57.0703 63.2348 55.1671 68.8211
threshold=48.200833333333343 12.621035251602725 10.792590017687344 8.6512238044947996 1016.2650000000001 34.620000000000012 6.5750000000000011 4.4450000000000012 4.7433286473729241 7.5000000000000009 134.74000000000004 9.9575272178169012 1.8529009817445268 23.435000000000006 1017.6300000000001 25.095000000000002 1013.0750000000002 21.245833333333337 41.910000000000004 41.590000000000003 45.035000000000004 5.6750000000000007 61.475000000000001 33.365000000000009 1018.2150000000001 1012.9450000000002 123.66000000000001 5.5950000000000006 -0.70710678118654735 -0.98296291314453399
decision_type=2 2 2 2 2 2 2 2 2 2 2 2 2 2 2 2 2 2 2 2 2 2 2 2 2 2 2 2 2 2
left_child=2 -2 3 12 5 -5 7 11 -9 -10 -4 -7 13 -1 16 -16 25 -18 20 -20 22 -22 26 -24 -17 28 -19 -28 -14 -30
right_child=1 -3 10 4 -6 6 -8 8 9 -11 -12 -13 14 -15 15 24 17 18 19 -21 21 -23 23 -25 -26 -27 27 -29 29 -31
leaf_value=-0.0021566219420896637 0.0065807094013165526 0.078352097719907768 0.071223474457496549 -0.12781613293019209 0.044453722768431084 0.043263122291925055 -0.09483440431455771 -0.12870919712715678 0.064673861878162084 -0.057820571662991177 -0.0048123435045664131 -0.046754832006990911 0.011058324172984843 0.084678051496545476 0.019450319106831697 -0.14410685643267174 -0.073738511099859516 -0.005992240985405857 -0.085177743112718751 0.0094720453403456372 0.019041971653336431 0.17695119015585919 0.023406861696173162 -0.050412898229663827 -0.036196178694566088 -0.10699238520115616 0.03994175486214873 0.14911708732446036 0.059558723789329332 -0.027518548294588427
leaf_weight=63 1675 25 41 22 29 54 36 27 22 56 65 24 166 36 33 26 27 29 37 146 41 26 85 57 33 20 36 21 24 416
leaf_count=63 1675 25 41 22 29 54 36 27 22 56 65 24 166 36 33 26 27 29 37 146 41 26 85 57 33 20 36 21 24 416
internal_value=4.59101e-11 0.00763617 -0.00764517 -0.00979199 -0.0333815 -0.0427476 -0.0342019 -0.0222742 -0.0503836 -0.0232709 0.0245977 0.0155653 -0.00497415 0.0294196 -0.00775828 -0.0467325 -0.00458796 0.0101653 0.0149047 -0.0096648 0.0301461 0.0803202 0.0154019 -0.00622501 -0.08375 -0.0164896 0.0511115 0.0801642 -0.0135027 -0.0227689
internal_weight=3398 1700 1698 1592 270 241 219 183 105 78 106 78 1322 99 1223 92 1131 505 478 183 295 67 228 142 59 626 86 57 606 440
internal_count=3398 1700 1698 1592 270 241 219 183 105 78 106 78 1322 99 1223 92 1131 505 478 183 295 67 228 142 59 626 86 57 606 440
is_linear=0
shrinkage=0.05


Tree=103
num_leaves=31
num_cat=0
split_feature=12 12 4 27 10 17 15 17 7 10 17 6 25 18 27 6 19 18 27 16 16 14 27 25 4 4 7 22 22 29
split_gain=73.7065 88.4841 65.7959 96.8296 63.8836 67.6526 71.5649 102.928 83.3805 79.2734 79.0891 95.5609 71.1825 89.7773 74.6361 93.0606 87.0984 85.0986 62.176 61.2727 80.7133 61.0299 58.246 57.4369 57.1645 111.18 136.538 89.8666 129.23 89.4498
threshold=2.5000000000000004 5.5000000000000009 4.5650000000000004 7.5989961992760131 354.16000000000003 -4.5474235560890675 0.60355339059327384 -3.8213151956316236 71.945000000000007 290.82500000000005 -3.4267691036294319 32.385000000000005 5.1094095860557305 28.250000000000004 7.407575963627469 34.515000000000008 41.100000000000001 31.700000000000003 9.134300261692049 4.6420929247817044 2.457682928810212 0.60355339059327384 7.4807312334628842 5.306163007265984 4.0850000000000009 4.995000000000001 71.610000000000014 31.645000000000003 81.960000000000022 11.039004910699308
decision_type=2 2 2 2 2 2 2 2 2 2 2 2 2 2 2 2 2 2 2 2 2 2 2 2 2 2 2 2 2 2
left_child=-1 4 3 23 5 -2 9 -8 -9 24 -11 22 13 -10 17 16 -16 -14 19 20 21 -4 -12 -3 -7 26 27 -26 -29 -27
right_child=1 2 18 -5 -6 6 7 8 12 10 11 -13 14 -15 15 -17 -18 -19 -20 -21 -22 -23 -24 -25 25 29 -28 28 -30 -31
leaf_value=0.0085868979509945761 -0.051021302629027279 0.082691991782942148 0.015914918037085998 -0.02508886751342327 0.064132188784855382 0.01331462499533975 0.074201435992575213 -0.096288981048079827 -0.1211486777342442 -0.024098699180365998 0.11843071248620114 -0.033436449921943924 0.10311252555021873 -0.028691208270287202 -0.020575553566521531 0.05735800450756437 -0.12990205500531812 -0.0039182463689492299 0.072512530818581583 0.062170098979885763 -0.069498728825871298 -0.059768203930819747 0.02397017139196396 0.013954585925378699 -0.12315770808769309 0.0049395547220952652 0.066351823735496279 -0.017276647208057636 -0.14847943679146144 -0.071838461430299858
leaf_weight=1440 111 86 123 47 27 215 23 48 36 43 47 22 26 97 49 21 29 65 25 26 58 34 25 47 46 392 23 102 23 42
leaf_count=1440 111 86 123 47 27 215 23 48 36 43 47 22 26 97 49 21 29 65 25 26 58 34 25 47 46 392 23 102 23 42
internal_value=2.89719e-11 -0.00631519 0.0132554 0.0366011 -0.012088 -0.0134738 -0.0104405 -0.0284372 -0.0348002 -0.00320512 0.0320705 0.0577648 -0.0256625 -0.0537173 -0.00602423 -0.0360691 -0.0612226 0.026662 -0.00254239 -0.0103282 -0.0190954 -0.000475057 0.0856319 0.0584013 -0.00893793 -0.0165562 -0.0480227 -0.0634064 -0.041418 -0.00249058
internal_weight=3398 1958 446 180 1512 1485 1374 394 371 980 137 94 323 133 190 99 78 91 266 241 215 157 72 133 843 628 194 171 125 434
internal_count=3398 1958 446 180 1512 1485 1374 394 371 980 137 94 323 133 190 99 78 91 266 241 215 157 72 133 843 628 194 171 125 434
is_linear=0
shrinkage=0.05


Tree=104
num_leaves=31
num_cat=0
split_feature=0 21 21 9 5 22 17 16 5 16 25 3 8 29 25 27 8 28 19 5 6 27 28 25 8 6 21 19 16 22
split_gain=71.3408 49.905 66.5505 95.5508 95.3708 102.443 93.2106 59.0746 58.5336 93.1863 177.234 85.1866 81.9105 80.3384 81.0623 74.6657 72.1656 69.5591 67.3728 86.4367 63.1021 62.4954 59.7519 55.8457 53.1689 52.1711 74.9125 50.7524 50.4977 49.6474
threshold=16.023800000000005 50.07500000000001 38.900000000000006 6.8150000000000004 203.57500000000002 26.375000000000004 1.8219180185720971 -3.1219011475977134 215.97500000000002 1.7469058242858659 4.8137889845648951 14.875000000000002 1016.0350000000001 8.6031313371576434 3.7129546644553231 6.1398763559753418 1014.5750000000002 42.381041666666675 27.825000000000003 180.08000000000001 24.675000000000004 6.2865131233207849 40.737708333333337 7.4294828976789749 1011.5650000000002 20.615000000000006 25.635000000000002 46.550000000000004 2.7884329692785519 41.645000000000003
decision_type=2 2 2 2 2 2 2 2 2 2 2 2 2 2 2 2 2 2 2 2 2 2 2 2 2 2 2 2 2 2
left_child=1 2 8 4 5 -4 29 -3 9 12 16 -10 13 14 -1 -16 24 18 19 -15 28 -14 25 -6 -11 -12 -27 -9 -13 -7
right_child=-2 7 3 -5 23 6 -8 27 11 10 22 20 21 17 15 -17 -18 -19 -20 -21 -22 -23 -24 -25 -26 26 -28 -29 -30 -31
leaf_value=-0.14054391124164281 0.0051205977712123311 -0.046846785070374611 -0.11222493923876597 0.031578283384442331 -0.09621446007133827 0.077848753348613783 -0.059908828865259126 0.06788975012263862 0.08865991395499026 0.090074111142062721 0.047577896716150765 0.042306209972864668 -0.021805513538420203 0.10181974396109582 0.022033189493231478 -0.089769518535052037 0.15767429172992709 0.077761304130156847 -0.038707884945267557 -0.017129224228362241 -0.045495615752103431 -0.1366944544916523 -0.10006982895235222 -0.023475888261030354 -0.015172522586016431 -0.09975379930436612 0.011689943447709085 -0.017332570642232894 -0.032127293896290564 -0.0021696238224172873
leaf_weight=23 2266 24 23 49 92 36 39 58 35 28 30 86 20 24 32 28 20 24 102 42 48 29 21 37 21 25 38 25 31 42
leaf_count=23 2266 24 23 49 92 36 39 58 35 28 30 86 20 24 32 28 20 24 102 42 48 29 21 37 21 25 38 25 31 42
internal_value=-1.32175e-11 -0.0102502 -0.0136422 -0.032639 -0.0443365 -0.0157585 0.00320501 0.0222427 -0.00509767 -0.0141336 0.014389 0.0178085 -0.0302436 -0.0196316 -0.0607349 -0.0301414 0.0776368 -0.00186295 -0.0132378 0.0261249 0.00277938 -0.089801 -0.0238926 -0.0753515 0.0449684 -0.00669129 -0.0325338 0.0422204 0.0225845 0.0347619
internal_weight=3398 1132 1025 318 269 140 117 107 707 507 183 200 324 275 83 60 69 192 168 66 165 49 114 129 49 93 63 83 117 78
internal_count=3398 1132 1025 318 269 140 117 107 707 507 183 200 324 275 83 60 69 192 168 66 165 49 114 129 49 93 63 83 117 78
is_linear=0
shrinkage=0.05


Tree=105
num_leaves=31
num_cat=0
split_feature=22 16 3 15 22 22 28 28 25 8 16 7 25 25 12 7 9 25 21 27 27 7 7 22 21 9 29 10 8 25
split_gain=67.7088 52.5913 44.674 58.9907 69.0661 67.4084 117.736 73.8852 63.9363 70.3236 63.6665 66.6742 84.5195 76.2923 80.9206 65.8834 72.8639 63.3834 65.1653 56.6718 55.8949 79.6993 48.0955 47.3725 46.9983 46.0421 45.4993 68.2282 55.3158 69.7126
threshold=71.940000000000012 6.9434610932343555 10.285000000000002 0.25881904510252057 80.040000000000006 99.660000000000011 94.911458333333357 92.423958333333346 2.8084987321284194 1014.4350000000001 4.8266708195084354 51.525000000000013 5.0765144696903866 2.7702872122773594 2.5000000000000004 54.125000000000007 3.3950000000000005 4.7226932916816358 74.760000000000005 6.4867459511649788 8.8379097260073518 55.785000000000004 70.355000000000018 84.950000000000003 83.375000000000014 3.7950000000000004 8.3700585873498472 233.92500000000004 1012.5750000000002 9.02065777200451
decision_type=2 2 2 2 2 2 2 2 2 2 2 2 2 2 2 2 2 2 2 2 2 2 2 2 2 2 2 2 2 2
left_child=-1 2 22 5 -5 6 7 10 9 -6 11 13 15 -4 -15 -13 -17 19 -19 -10 21 -14 -2 -22 -23 -9 27 -20 29 -28
right_child=1 -3 3 4 8 -7 -8 25 17 -11 -12 12 20 14 -16 16 -18 18 26 -21 23 24 -24 -25 -26 -27 28 -29 -30 -31
leaf_value=-0.0046030613528713028 -0.064783900436013939 0.085566952468260474 -0.10256134817376733 0.045100808527101494 -0.0074434824620506594 0.097860187060874085 -0.071712665982318652 0.019410374760627749 -0.084274738121843135 0.094854229741862847 -0.068956646753213141 0.14844789788243359 0.10875187592270474 0.091561046671122318 -0.035187233699595227 0.12712926173015782 0.025710834652282202 -0.088034094802357937 0.0049095470935870446 0.011809867797862916 0.017363741733133792 0.039999697327094026 0.025956018192126701 -0.087853822176871099 -0.037435611151158808 0.1098728929574673 0.017207548746522121 -0.10687597911982311 0.045521882367320361 -0.094247325370088231
leaf_weight=2384 40 23 20 68 42 29 33 22 57 28 20 20 24 20 34 23 77 22 39 21 20 43 23 23 36 39 47 21 80 20
leaf_count=2384 40 23 20 68 42 29 33 22 57 28 20 20 24 20 34 23 77 22 39 21 20 43 23 23 36 39 47 21 80 20
internal_value=-9.19289e-11 0.0108222 0.00908745 0.0118535 -0.00128005 0.0239537 0.0192328 0.0263616 -0.00964582 0.0334756 0.0177393 0.0228391 0.0345175 -0.0191402 0.0117566 0.0656055 0.0490371 -0.0194781 -0.00621884 -0.0584058 0.00896566 0.0289549 -0.0316566 -0.0389154 0.00471272 0.0772471 0.0024765 -0.0342154 0.0174528 -0.0160626
internal_weight=3398 1014 991 928 445 483 454 421 377 70 360 340 266 74 54 120 100 307 229 78 146 103 63 43 79 61 207 60 147 67
internal_count=3398 1014 991 928 445 483 454 421 377 70 360 340 266 74 54 120 100 307 229 78 146 103 63 43 79 61 207 60 147 67
is_linear=0
shrinkage=0.05


Tree=106
num_leaves=31
num_cat=0
split_feature=12 12 4 27 11 25 10 15 3 17 3 9 3 17 27 10 15 22 9 7 28 25 11 25 17 16 19 5 4 5
split_gain=64.3029 80.15 59.4154 86.7733 56.84 82.1149 56.2443 63.2237 64.4068 91.2722 115.875 67.6919 65.7111 58.7512 66.0208 66.9238 98.0019 88.4444 84.1257 76.8396 82.2163 76.6492 68.1724 66.685 92.608 58.9578 58.2697 57.0351 56.8524 56.8009
threshold=2.5000000000000004 5.5000000000000009 4.5650000000000004 7.5989961992760131 6.5000000000000009 4.5469623555493817 354.16000000000003 0.78656609248549303 18.495000000000001 -1.1113234995046586 16.615000000000006 3.4950000000000006 23.770000000000007 -3.3280522074921022 9.687579230721747 304.25500000000005 -0.60355339059327384 21.360000000000003 6.6050000000000013 75.635000000000005 47.689166666666679 2.8391041345590167 4.5000000000000009 5.7001468809926132 2.5330639041915446 5.066374301091142 36.365000000000002 182.23500000000004 5.245000000000001 189.22500000000002
decision_type=2 2 2 2 2 2 2 2 2 2 2 2 2 2 2 2 2 2 2 2 2 2 2 2 2 2 2 2 2 2
left_child=-1 6 3 -3 -4 -6 7 13 9 -9 -11 28 27 -2 15 17 -17 -15 19 22 -21 -20 -19 24 -23 -24 -16 -13 -10 -25
right_child=1 2 4 -5 5 -7 -8 8 11 10 -12 12 -14 14 26 16 -18 18 21 20 -22 23 25 29 -26 -27 -28 -29 -30 -31
leaf_value=0.0080204467842041709 -0.031681603587159629 0.055549600899853668 -0.038495830425920037 -0.023486329424888531 -0.030019611036273798 0.038032521963340504 0.060125083338331303 0.057349813020810853 -0.15266349942982196 -0.11605685005585353 0.024591451697051528 -0.10444104301018849 0.020133869217838662 -0.070542287774253309 -0.011278418173315005 0.13465344861149789 -0.0014803737401962282 -0.078938692197632263 0.1155023627999154 -0.014171946123242379 0.10730554441419932 -0.11354166932404042 -0.010524255801111233 -0.010674637785324684 0.029568794885507 -0.092401187737350884 0.066125973934427859 -0.028200880684829378 -0.047061298429392856 0.085234318144227328
leaf_weight=1440 206 133 77 47 71 118 27 41 25 27 32 36 43 57 40 20 39 44 22 30 26 20 499 26 26 23 62 77 26 38
leaf_count=1440 206 133 77 47 71 118 27 41 25 27 32 36 43 57 40 20 39 44 22 30 26 20 499 26 26 23 62 77 26 38
internal_value=1.06108e-10 -0.00589859 0.0127276 0.0349124 -0.00228471 0.012468 -0.0113928 -0.0126931 -0.0329024 4.73384e-05 -0.039773 -0.0488201 -0.0324717 -0.00742639 -0.00228588 -0.00674776 0.0446667 -0.0104881 -0.00594825 -0.013642 0.0422283 0.0303058 -0.0191698 0.0132665 -0.0326531 -0.0141319 0.0357713 -0.0524898 -0.0988271 0.0462713
internal_weight=3398 1958 446 180 266 189 1512 1485 307 100 59 207 156 1178 972 870 59 811 754 622 56 132 566 110 46 522 102 113 51 64
internal_count=3398 1958 446 180 266 189 1512 1485 307 100 59 207 156 1178 972 870 59 811 754 622 56 132 566 110 46 522 102 113 51 64
is_linear=0
shrinkage=0.05


Tree=107
num_leaves=31
num_cat=0
split_feature=22 16 3 15 22 22 28 28 8 16 25 12 16 7 25 25 12 7 9 5 4 27 7 5 28 10 20 7 18 21
split_gain=59.5474 47.2084 40.5374 50.3158 62.5448 60.905 106.153 66.8066 58.5276 78.5221 72.6478 63.5832 57.2325 60.4599 74.918 68.8109 73.3521 59.8315 65.5998 53.1507 52.5874 50.7979 71.7049 46.7051 62.8138 43.761 54.3212 43.1847 42.4738 45.52
threshold=71.940000000000012 6.9434610932343555 10.285000000000002 0.25881904510252057 80.315000000000012 99.660000000000011 94.911458333333357 92.423958333333346 1014.4350000000001 -2.9321554905582743 2.911743272460821 5.5000000000000009 4.8266708195084354 51.525000000000013 5.0765144696903866 2.7702872122773594 2.5000000000000004 54.125000000000007 3.3950000000000005 232.04500000000004 4.1250000000000009 8.8379097260073518 55.785000000000004 180.44000000000003 88.317708333333343 96.815000000000012 82.530000000000015 70.355000000000018 80.385000000000019 85.110000000000014
decision_type=2 2 2 2 2 2 2 2 2 2 2 2 2 2 2 2 2 2 2 2 2 2 2 2 2 2 2 2 2 2
left_child=-1 2 27 5 20 6 7 12 9 -6 -10 19 13 15 17 -4 -17 -15 -19 -11 -5 22 -16 -12 -25 -20 -27 -2 -24 -30
right_child=1 -3 3 4 8 -7 -8 -9 10 11 23 -13 -14 14 21 16 -18 18 25 -21 -22 -23 28 24 -26 26 -28 -29 29 -31
leaf_value=-0.00431673715802756 -0.061696969987824563 0.080965339165666839 -0.097967002140358098 0.11057791457511486 -0.072441669489394442 0.092566399764398052 -0.068528054383668033 0.072983692012360837 0.089792004972696307 -0.0070258014892827575 -0.058961746032134846 0.072704182812859383 -0.065800348939374087 0.14056922923773527 0.10304281944020961 0.086581972055137166 -0.03409345246413175 0.11993157394311352 -0.03993297555949539 -0.092099758556910938 0.015175303534208349 -0.037348144770015121 -0.051140484477703779 -0.024694801283043785 0.070968661512597467 0.10125231488049032 0.0028858247678726912 0.024285729298287113 0.067141365162387959 -0.025076179530309595
leaf_weight=2384 40 23 20 20 61 29 33 61 28 146 26 22 20 20 24 20 34 23 20 21 52 43 24 37 32 25 32 23 32 23
leaf_count=2384 40 23 20 20 61 29 33 61 28 146 26 22 20 20 24 20 34 23 20 21 52 43 24 37 32 25 32 23 32 23
internal_value=-2.33229e-11 0.010149 0.00850545 0.0111403 -0.000989163 0.0223155 0.0178281 0.0245971 -0.0092248 -0.0231172 0.0190119 -0.00719772 0.0163983 0.0212335 0.0323544 -0.0187416 0.0106011 0.0616234 0.0458342 -0.0177237 0.041676 0.00829765 0.0273537 -0.00184964 0.0196709 0.0237012 0.046029 -0.0303065 0.00435949 0.0285777
internal_weight=3398 1014 991 928 445 483 454 421 373 250 123 189 360 340 266 74 54 120 100 167 72 146 103 95 69 77 57 63 79 55
internal_count=3398 1014 991 928 445 483 454 421 373 250 123 189 360 340 266 74 54 120 100 167 72 146 103 95 69 77 57 63 79 55
is_linear=0
shrinkage=0.05


Tree=108
num_leaves=31
num_cat=0
split_feature=12 29 8 19 9 20 7 15 3 23 25 9 21 7 7 27 11 29 7 22 7 10 24 24 16 23 27 3 7 23
split_gain=57.4899 66.25 73.2277 75.3377 81.7377 63.9152 69.1354 92.2583 81.4113 65.8088 59.9397 62.4535 74.2424 60.6248 143.274 133.585 119.125 79.9235 71.2161 81.8472 106.175 80.0716 78.324 64.8572 88.6709 71.0365 60.2406 57.6512 56.6367 55.9869
threshold=1.5000000000000002 9.8185474235338699 1008.1400000000001 44.530000000000008 4.0050000000000008 43.175000000000004 53.245000000000012 -0.37940952255126015 15.645000000000001 35.82500000000001 11.903882042884645 3.7350000000000008 38.300000000000004 52.210000000000008 53.245000000000012 7.0317547566469054 14.500000000000002 7.0936864214475799 62.420000000000009 23.645000000000003 59.32500000000001 257.3300000000001 34.814999999999991 30.35166666666667 5.066374301091142 41.755000000000003 5.5447363654731907 27.765000000000004 57.455000000000005 101.33500000000002
decision_type=2 2 2 2 2 2 2 2 2 2 2 2 2 2 2 2 2 2 2 2 2 2 2 2 2 2 2 2 2 2
left_child=1 2 -1 4 -4 9 8 -8 -7 -3 13 -12 -13 16 15 -15 17 -2 19 22 23 -22 28 -21 25 -25 -18 -27 -16 -19
right_child=10 5 3 -5 -6 6 7 -9 -10 -11 11 12 -14 14 18 -17 26 29 -20 20 21 -23 -24 24 -26 27 -28 -29 -30 -31
leaf_value=-0.048902446642104129 0.077616209407215531 -0.0037274247268214824 -0.046662735143926604 0.035823085127981852 0.025939262634062252 0.10253174117077953 -0.096285642175511887 -0.014477626961778921 -0.012679254765743796 0.10860951677049427 -0.036610395535826686 -0.00083017768338322639 0.11474666585299104 0.15072619781411928 0.057205628082156179 0.0090252527776054844 -0.16118802315555514 -0.013306879158115993 -0.010687896361437632 0.080656247265869757 0.031195354342504634 0.11478039752691985 -0.11974564343690873 -0.067626498179743075 -0.09701425631841025 0.0018323128163622686 -0.051828383626279367 0.068250821413178203 -0.061786686014384029 -0.0978028602105388
leaf_weight=36 23 32 67 415 92 23 44 159 46 22 20 24 33 29 20 39 20 295 1347 24 127 37 22 32 24 233 34 38 20 21
leaf_count=36 23 32 67 415 92 23 44 159 46 22 20 24 33 29 20 39 20 295 1347 24 127 37 22 32 24 233 34 38 20 21
internal_value=-1.34172e-10 0.0105478 0.0202723 0.0246108 -0.00465403 -0.00764845 -0.017513 -0.0322094 0.0257244 0.0420395 -0.00401004 0.0394092 0.0660827 -0.00541183 -0.00187102 0.0694565 -0.0233591 -0.0123723 -0.00439195 0.0103059 0.0168398 0.050053 -0.0439682 0.00132142 -0.00450131 0.00282644 -0.092332 0.0111456 -0.00229053 -0.0189221
internal_weight=3398 936 610 574 159 326 272 203 69 54 2462 77 57 2385 1992 68 393 339 1924 577 515 164 62 351 327 303 54 271 40 316
internal_count=3398 936 610 574 159 326 272 203 69 54 2462 77 57 2385 1992 68 393 339 1924 577 515 164 62 351 327 303 54 271 40 316
is_linear=0
shrinkage=0.05


Tree=109
num_leaves=31
num_cat=0
split_feature=0 27 27 10 9 17 5 8 28 4 2 25 16 16 18 28 7 29 9 12 25 19 6 2 6 10 12 6 16 2
split_gain=55.1786 45.1531 75.8946 47.187 58.2528 136.64 68.2501 57.9514 72.2866 73.4764 114.258 68.8527 64.219 60.2227 68.6047 106.205 70.8188 65.4305 57.6894 57.4241 54.9608 54.7414 49.6185 81.0433 79.1584 55.0152 48.648 59.456 60.331 63.7663
threshold=16.023800000000005 10.67837448285457 9.9575272178169012 52.855000000000011 3.7050000000000005 -4.2539309788731599 193.33500000000004 1013.0750000000002 26.450000000000006 4.1850000000000014 49.70000000000001 6.4157479605549979 4.9832683121450154 5.1513322423949299 32.240000000000002 34.804375000000007 68.800000000000026 9.6196818792845438 4.955000000000001 5.5000000000000009 8.5694746794029086 25.175000000000004 28.115000000000006 49.70000000000001 21.135000000000002 109.18000000000002 4.5000000000000009 27.055000000000003 2.4339057671864262 87.14500000000001
decision_type=2 2 2 2 2 2 2 2 2 2 2 2 2 2 2 2 2 2 2 2 2 2 2 2 2 2 2 2 2 2
left_child=1 2 3 4 -1 6 -6 8 11 10 -10 -5 21 14 15 19 26 -18 -12 20 -9 -11 23 -23 -25 -26 27 28 29 -16
right_child=-2 -3 -4 7 5 -7 -8 13 9 12 18 -13 -14 -15 16 -17 17 -19 -20 -21 -22 22 -24 24 25 -27 -28 -29 -30 -31
leaf_value=0.0086894755778105359 0.0045033609628411147 0.027197414203546946 -0.078456998916297427 0.060173415466595229 -0.068172999400468101 -0.12725164018026211 0.05409726256132126 -0.032173599034257525 -0.093218779262332685 -0.091337118922349289 0.070538057195022708 -0.044033685472348462 -0.11957356699985332 0.06593432679954099 -0.053474176058481482 0.10692296337449191 -0.096780866885646466 0.011311804893470946 -0.018105564573940275 0.064787583914585417 0.057436622374437078 0.036529020941065207 0.019504561868514153 -0.007463009389383453 -0.01547181514047441 -0.10970862130239858 -0.067216644639318632 0.084370498910235861 0.051324833039608268 0.050060057286173111
leaf_weight=46 2266 80 41 51 21 41 25 77 21 34 50 23 23 41 58 33 42 21 29 32 22 31 52 56 21 59 22 24 36 20
leaf_count=46 2266 80 41 51 21 41 25 77 21 34 50 23 23 41 58 33 42 21 29 32 22 31 52 56 21 59 22 24 36 20
internal_value=1.86802e-12 -0.00901468 -0.0117684 -0.00906397 -0.0368181 -0.0608795 -0.00172177 -0.00485976 -0.0173874 -0.0262777 0.0104425 0.0277847 -0.0395821 0.00831186 0.00220716 0.0267555 -0.0158463 -0.06075 0.037998 0.00656062 -0.0122602 -0.0323102 -0.0231462 -0.0364266 -0.0530562 -0.0849715 0.00183449 0.0128426 -0.00221585 -0.0269269
internal_weight=3398 1132 1052 1011 133 87 46 878 450 376 100 74 276 428 387 164 223 63 79 131 99 253 219 167 136 80 160 138 114 78
internal_count=3398 1132 1052 1011 133 87 46 878 450 376 100 74 276 428 387 164 223 63 79 131 99 253 219 167 136 80 160 138 114 78
is_linear=0
shrinkage=0.05


Tree=110
num_leaves=31
num_cat=0
split_feature=11 11 29 17 21 7 27 4 16 17 3 17 27 2 25 17 6 3 10 11 18 22 23 3 27 6 22 5 10 29
split_gain=53.8331 99.7949 99.8045 139.554 99.4556 109.413 105.22 90.25 84.275 90.2931 72.9662 82.4046 77.832 72.7326 70.2257 102.319 68.5812 99.4042 109.344 76.0435 74.5385 76.4462 73.9588 96.6245 89.0582 79.123 79.4807 62.6939 71.8198 62.6204
threshold=6.5000000000000009 12.500000000000002 9.5416991249017453 -3.4267691036294319 90.27500000000002 51.675000000000004 7.5989961992760131 6.1950000000000012 6.3901476314229315 3.4367347388421599 11.185 6.144440332107231 5.5138189967940976 21.680000000000003 6.0607989013578285 -2.6743093395640081 30.665000000000003 15.815000000000003 335.85000000000008 13.500000000000002 50.605000000000011 42.760000000000012 95.90000000000002 17.415000000000003 4.8300917773666443 31.865000000000006 46.345000000000006 214.96000000000001 42.140000000000008 8.6826264483296285
decision_type=2 2 2 2 2 2 2 2 2 2 2 2 2 2 2 2 2 2 2 2 2 2 2 2 2 2 2 2 2 2
left_child=13 2 4 -4 5 -2 14 -8 9 16 -11 12 -12 -1 15 -7 17 19 20 -3 21 29 23 25 -25 26 -18 28 -27 -19
right_child=1 8 3 -5 -6 6 7 -9 -10 10 11 -13 -14 -15 -16 -17 22 18 -20 -21 -22 -23 -24 24 -26 27 -28 -29 -30 -31
leaf_value=-0.082734526784131027 -0.0089429100465888232 0.083638717289324163 -0.072964093806222083 0.011725249924925282 0.12465656149304577 -0.025538535811232801 -0.0014578225594517348 0.08887780115884894 0.063197932439937224 0.017826098550496432 -0.10077274389978913 0.01530847651037303 -0.031689454856863683 -0.0072501840777161215 0.11929777783213878 0.078725219536118399 -0.001818419961879651 -0.11698084830334693 0.065542055737404598 -0.0041175433754688127 -0.11322352799276512 0.020907211601734161 -0.04087846149188968 -0.02802611898320417 0.080633699502372605 -0.07586085434071721 0.10361491046272792 0.026015412615809044 -0.0044063472187408975 -0.030433281720207452
leaf_weight=33 154 27 60 257 27 33 148 34 46 58 72 44 94 968 51 82 33 33 21 288 42 40 65 24 88 40 39 149 291 57
leaf_count=33 154 27 60 257 27 33 148 34 46 58 72 44 94 968 51 82 33 33 21 288 42 40 65 24 88 40 39 149 291 57
internal_value=-9.07067e-11 0.00406692 0.0178807 -0.00430428 0.0311748 0.0261469 0.0416752 0.0154181 -0.00346784 -0.00550546 -0.031817 -0.045528 -0.0616533 -0.00973868 0.0704632 0.0488061 0.000195019 -0.0139082 -0.0421647 0.00340442 -0.0553149 -0.036606 0.0100228 0.0150056 0.0573495 0.00641411 0.0552913 -0.000917468 -0.0130413 -0.0621674
internal_weight=3398 2397 846 317 529 502 348 182 1551 1505 268 210 166 1001 166 115 1237 508 193 315 172 130 729 664 112 552 72 480 331 90
internal_count=3398 2397 846 317 529 502 348 182 1551 1505 268 210 166 1001 166 115 1237 508 193 315 172 130 729 664 112 552 72 480 331 90
is_linear=0
shrinkage=0.05


Tree=111
num_leaves=31
num_cat=0
split_feature=12 12 4 27 27 16 16 14 10 16 23 5 9 3 16 7 22 2 16 17 4 29 29 5 27 8 17 25 8 25
split_gain=51.3135 69.0911 52.2543 75.5303 51.9808 52.4741 72.6544 55.34 51.6575 112.473 70.2584 59.5057 110.379 56.755 83.6326 57.4391 80.2918 59.7518 62.8629 68.7665 56.5119 67.1769 54.7267 65.6444 61.352 65.3098 50.2635 76.6525 60.9147 67.8315
threshold=2.5000000000000004 5.5000000000000009 4.5650000000000004 7.5989961992760131 9.134300261692049 4.6420929247817044 2.457682928810212 0.60355339059327384 184.83500000000004 -1.1809333706392744 86.825000000000003 186.13500000000002 3.5950000000000002 11.535000000000002 -3.8723465292523613 59.685000000000009 74.450000000000017 153.98000000000005 -2.4165699752956433 -2.7921187044116005 4.0250000000000012 9.134486822162506 9.9891935058453409 196.34000000000003 7.1272631592718918 1012.9450000000002 1.5988906202308841 6.6572439264640266 1011.4950000000001 4.6081323022391141
decision_type=2 2 2 2 2 2 2 2 2 2 2 2 2 2 2 2 2 2 2 2 2 2 2 2 2 2 2 2 2 2
left_child=-1 8 3 -3 5 6 7 -4 9 11 -11 12 -2 14 -13 16 20 18 19 -17 -15 -22 23 -21 25 -25 27 -14 -28 -30
right_child=1 2 4 -5 -6 -7 -8 -9 -10 10 -12 13 26 15 -16 17 -18 -19 -20 22 21 -23 -24 24 -26 -27 28 -29 29 -31
leaf_value=0.0071647181590459592 0.034137529209351203 0.052083130145823602 0.015986983284990236 -0.021655003777506981 0.066571755468845376 0.057918153531276266 -0.065107447984788958 -0.056081819884917318 -0.00077961437333155185 -0.076058495177640628 0.012113577792687076 0.12988499491941183 -0.11332779194143686 0.055421494195858637 -0.0050143830460944666 0.08765613766387105 0.10436360690054364 -0.10183424419235616 -0.066512826775115996 0.035925943943528604 -0.078179052625332146 0.013275018550063434 0.03322456280621601 0.038100271631518134 -0.11642478224476455 -0.081054177317444409 -0.093353684956119176 -0.018673799793635096 0.074590424566783692 -0.039459849987179045
leaf_weight=1440 49 133 123 47 25 26 58 34 728 117 28 20 55 36 27 20 23 21 44 26 31 57 47 23 27 23 21 35 22 32
leaf_count=1440 49 133 123 47 25 26 58 34 728 117 28 20 55 36 27 20 23 21 44 26 31 57 47 23 27 23 21 35 22 32
internal_value=1.12842e-10 -0.00526925 0.0120243 0.0328293 -0.00205432 -0.00917321 -0.0172866 0.000379727 -0.0103704 -0.0192761 -0.0590322 -0.0102548 -0.0317571 0.000572313 0.0523896 -0.00587058 0.0185623 -0.0214188 -0.0133772 0.000706884 0.00264757 -0.0189418 -0.011204 -0.0322963 -0.0565946 -0.021477 -0.0513258 -0.0765179 -0.0210954 0.00700508
internal_weight=3398 1958 446 180 266 241 215 157 1512 784 145 639 214 425 47 378 147 231 210 166 124 88 146 99 73 46 165 90 75 54
internal_count=3398 1958 446 180 266 241 215 157 1512 784 145 639 214 425 47 378 147 231 210 166 124 88 146 99 73 46 165 90 75 54
is_linear=0
shrinkage=0.05


Tree=112
num_leaves=31
num_cat=0
split_feature=28 8 16 12 14 18 6 17 14 19 22 28 9 29 20 24 26 10 26 20 3 4 10 3 23 3 8 28 5 12
split_gain=49.4579 48.798 47.148 43.8353 60.8986 90.4791 80.1975 70.0014 104.881 102.31 117.98 94.6197 85.365 119.835 84.8125 75.7743 77.9493 95.0518 83.1212 71.2888 68.05 77.8922 92.7799 131.961 82.8368 75.3639 100.772 67.4979 92.3669 66.3832
threshold=83.171250000000001 1018.1450000000001 6.3901476314229315 5.5000000000000009 0.25881904510252091 82.030000000000015 32.595000000000006 3.4747440850461619 0.91597561503675362 43.750000000000007 84.480000000000004 35.233750000000008 4.745000000000001 8.592125459616982 33.690000000000005 44.411666666666669 43.652500000000011 226.48500000000004 45.800000000000004 34.695000000000007 15.885000000000003 7.495000000000001 290.82500000000005 16.535000000000004 44.895000000000003 16.905000000000005 1013.2450000000001 47.689166666666679 218.47000000000003 1.5000000000000002
decision_type=2 2 2 2 2 2 2 2 2 2 2 2 2 2 2 2 2 2 2 2 2 2 2 2 2 2 2 2 2 2
left_child=3 2 -2 4 5 20 -7 9 11 12 15 -9 13 14 -6 -11 17 -17 -18 -14 -1 22 23 24 -22 -24 -27 -20 29 -29
right_child=1 -3 -4 -5 7 6 -8 8 -10 10 -12 -13 19 -15 -16 16 18 -19 27 -21 21 -23 25 -25 -26 26 -28 28 -30 -31
leaf_value=0.00076196829543513211 0.0068666662366427423 0.07823961712419987 0.079820244726927392 0.011423051420752834 -0.0047663338583063437 0.004375487991741726 -0.11796043942606933 -0.020031444002585164 -0.018670099993537675 0.093956323636367051 -0.085441927225501452 0.083411346672363176 -0.077884946775599886 0.018083660064171482 -0.11256397999823094 -0.12693554788827896 0.10490411653600891 0.027216846533119676 -0.04236956094613388 0.0013872072464082301 -0.057618920204158014 0.069977397166869862 0.090734577745199219 -0.02708905380490665 -0.19296911162207836 -0.068168117445057783 0.037724151434201117 0.09272725156453604 -0.031091933129713513 0.023909784883393775
leaf_weight=696 597 27 23 446 37 21 37 29 68 34 27 93 92 179 36 20 29 20 42 41 26 22 25 404 20 39 53 51 52 112
leaf_count=696 597 27 23 446 37 21 37 29 68 34 27 93 92 179 36 20 29 20 42 41 26 22 25 404 20 39 53 51 52 112
internal_value=2.21855e-11 0.0124385 0.00957301 -0.00292539 -0.0057017 -0.0125801 -0.0736664 0.0039009 0.0310883 -0.0027903 0.0153646 0.0588225 -0.0210395 -0.00393525 -0.0579268 0.0229251 0.015517 -0.0498594 0.0246605 -0.0534477 -0.0098229 -0.0223307 -0.0259123 -0.0362254 -0.116467 0.0137537 -0.00716496 0.0156058 0.0269312 0.0454416
internal_weight=3398 647 620 2751 2305 1343 58 962 190 772 387 122 385 252 73 360 326 40 286 133 1285 589 567 450 46 117 92 257 215 163
internal_count=3398 647 620 2751 2305 1343 58 962 190 772 387 122 385 252 73 360 326 40 286 133 1285 589 567 450 46 117 92 257 215 163
is_linear=0
shrinkage=0.05


Tree=113
num_leaves=31
num_cat=0
split_feature=22 5 20 5 15 28 20 6 29 2 25 25 29 4 7 7 7 3 25 27 21 2 7 7 19 9 25 25 9 17
split_gain=46.6156 75.2972 73.4909 64.8142 50.8478 59.5698 64.3612 69.0503 61.3625 63.8019 58.7544 55.7561 54.5276 52.2151 52.9398 134.116 90.3235 93.2209 82.2706 76.8088 78.9044 60.4592 65.4279 56.1126 50.1814 49.7116 78.9766 71.7685 67.7083 46.6809
threshold=97.930000000000021 186.63500000000002 90.800000000000011 200.86000000000004 0.78656609248549303 95.283333333333346 88.445000000000007 27.655000000000005 10.619894747119005 190.02000000000001 11.903882042884645 12.937503486610238 11.797983484712011 1.5750000000000004 52.210000000000008 52.490000000000002 50.605000000000011 22.675000000000004 7.5535706243304626 5.6000735650587341 44.475000000000001 73.035000000000011 48.335000000000008 45.995000000000005 87.960000000000022 5.4350000000000014 6.9424359154102744 3.6211849669739098 6.9350000000000014 -6.6205427973885351
decision_type=2 2 2 2 2 2 2 2 2 2 2 2 2 2 2 2 2 2 2 2 2 2 2 2 2 2 2 2 2 2
left_child=4 2 -2 -3 5 6 10 -8 9 -9 12 -12 13 -1 16 -16 17 21 19 -18 -21 22 -15 -19 -6 26 27 -23 -27 -17
right_child=1 3 -4 -5 24 -7 7 8 -10 -11 11 -13 -14 14 15 29 18 23 -20 20 -22 25 -24 -25 -26 28 -28 -29 -30 -31
leaf_value=-0.080719768255949023 0.047497616636312828 0.11681218470579811 -0.072816482583681744 0.027332341385214301 -0.010525406653140104 -0.074906960964202893 -0.0539684117436409 0.034267945423722267 -0.029392387044122992 0.12793096530018375 0.083677046755328777 -0.004870667960494757 -0.050283992480087497 0.079727267756544318 0.12434193025464597 -0.054360239707997873 -0.094371422548447881 -0.023458314957943829 -0.12414766629065932 -0.056600232219154195 0.049081789412976883 0.0207287204626482 -0.033197787161106655 0.069687385405184793 -0.07470668556634337 -0.1366568404695262 0.055963298951586082 -0.074098570701086303 -0.020876936907214778 0.0039965271367407521
leaf_weight=20 22 28 30 73 631 25 25 200 34 20 40 32 56 29 23 35 31 22 29 33 38 32 23 61 32 23 30 53 28 1640
leaf_count=20 22 28 30 73 631 25 25 200 34 20 40 32 56 29 23 35 31 22 29 33 38 32 23 61 32 23 30 53 28 1640
internal_value=-4.01013e-12 0.0269703 -0.0219144 0.0521386 -0.00127163 0.00189996 0.00265091 0.0253178 0.0331215 0.0427828 -0.000125238 0.0443225 -0.00157594 -0.00030726 0.000447787 0.00442377 -0.01518 -9.72709e-05 -0.0498358 -0.028708 -3.80235e-05 -0.0172666 0.0297796 0.0449982 -0.0136231 -0.032004 -0.0137827 -0.0383989 -0.0730914 0.00277713
internal_weight=3398 153 52 101 3245 2582 2557 279 254 220 2278 72 2206 2150 2130 1698 432 301 131 102 71 218 52 83 663 166 115 85 51 1675
internal_count=3398 153 52 101 3245 2582 2557 279 254 220 2278 72 2206 2150 2130 1698 432 301 131 102 71 218 52 83 663 166 115 85 51 1675
is_linear=0
shrinkage=0.05


Tree=114
num_leaves=31
num_cat=0
split_feature=12 7 6 16 9 20 6 23 16 22 22 24 5 18 20 2 10 6 7 26 19 17 5 28 25 9 21 7 7 27
split_gain=45.9672 55.3035 74.9294 73.4058 73.8073 62.4138 55.2253 103.451 82.7849 61.7475 53.7 92.9981 103.166 101.995 66.0146 109.966 112.339 84.3569 61.4844 54.1046 53.3799 52.9661 48.0605 82.3084 48.0189 53.4154 63.0641 49.7305 111.29 114.607
threshold=1.5000000000000002 55.245000000000012 30.035000000000004 5.6300303315281122 8.3200000000000021 102.43500000000002 27.295000000000005 50.770000000000003 1.4767608157330367 28.315000000000001 77.410000000000011 58.199999999999996 181.99000000000004 51.685000000000009 43.175000000000004 89.780000000000015 134.74000000000004 27.410000000000004 61.755000000000003 48.416666666666679 55.660000000000004 -0.34622384001030521 181.22500000000002 87.691458333333344 11.903882042884645 3.7350000000000008 38.300000000000004 52.210000000000008 53.245000000000012 7.0317547566469054
decision_type=2 2 2 2 2 2 2 2 2 2 2 2 2 2 2 2 2 2 2 2 2 2 2 2 2 2 2 2 2 2
left_child=1 2 6 4 5 10 7 9 -8 -1 11 13 -13 14 17 19 -17 -3 -14 -16 -15 -4 23 -12 27 -26 -27 -2 29 -29
right_child=24 3 21 -5 -6 -7 8 -9 -10 -11 22 12 18 20 15 16 -18 -19 -20 -21 -22 -23 -24 -25 25 26 -28 28 -30 -31
leaf_value=0.067733825257290978 -0.021095355837659216 -0.0079967050828923612 0.14606142286211252 0.077547150519826732 -0.074063686676549195 -0.082125335559248933 0.021708624112990599 0.090296209588026019 -0.10876861375756562 -0.028622256028465926 0.062034096179360704 0.029142617327826366 -0.1698792381025851 0.081837576082242403 -0.047335590760816226 0.11014431360222043 -0.04170447135793752 0.076824957165771576 -0.04738382652756714 -0.14167712398228191 -0.01163853667676449 0.044577644786073102 0.043281068613949869 -0.063598590443143629 -0.035027239229530098 -0.0017252918080581975 0.10479587092572316 0.1365060366690159 -0.0038552738302908268 0.0052562760893637558
leaf_weight=23 393 118 20 31 33 21 31 48 20 60 22 21 20 56 55 21 29 39 21 21 21 36 137 32 20 24 33 29 1924 39
leaf_count=23 393 118 20 31 33 21 31 48 20 60 22 21 20 56 55 21 29 39 21 21 21 36 137 32 20 24 33 29 1924 39
internal_value=-3.60081e-11 0.00943167 0.0302453 0.00233476 -0.00116087 0.00263375 0.0146833 0.0318684 -0.0294589 -0.00192117 0.00553741 -0.00441865 -0.0609782 0.00532217 -0.00856012 -0.0355165 0.022072 0.0130736 -0.107138 -0.0734036 0.0563441 0.0808219 0.0275346 -0.0124149 -0.00358572 0.0352768 0.0599449 -0.0048404 -0.00163347 0.0612304
internal_weight=3398 936 238 698 667 634 182 131 51 83 613 422 62 360 283 126 50 157 41 76 77 56 191 54 2462 77 57 2385 1992 68
internal_count=3398 936 238 698 667 634 182 131 51 83 613 422 62 360 283 126 50 157 41 76 77 56 191 54 2462 77 57 2385 1992 68
is_linear=0
shrinkage=0.05


Tree=115
num_leaves=31
num_cat=0
split_feature=11 11 27 22 25 16 27 6 16 29 17 25 25 9 4 29 3 3 4 25 17 27 2 6 3 23 3 10 5 3
split_gain=45.0458 81.1338 88.6362 99.9777 78.4021 77.6295 75.062 108.879 91.8411 73.8165 105.311 103.212 131.985 136.988 68.9449 89.2082 76.4645 79.8355 68.8656 69.5683 67.6361 66.348 77.9255 65.6547 85.9152 81.5761 115.4 80.3503 94.4494 79.5074
threshold=6.5000000000000009 12.500000000000002 7.5795831772965423 93.890000000000015 8.19565625747728 -6.2990561574621244 5.1212369724475684 26.755000000000006 6.5281212736475522 10.446004323897339 -2.2062087607791003 5.0765144696903866 4.0690641067910338 3.7650000000000001 5.2950000000000008 9.5148712827355144 22.985000000000003 19.105000000000004 4.4750000000000005 10.352983454200247 4.1928803350905239 5.4152508390729617 84.66500000000002 35.805000000000007 17.415000000000003 44.065000000000005 19.780000000000005 89.910000000000011 211.61000000000004 13.375000000000002
decision_type=2 2 2 2 2 2 2 2 2 2 2 2 2 2 2 2 2 2 2 2 2 2 2 2 2 2 2 2 2 2
left_child=-1 2 4 9 5 -2 7 -3 20 11 -11 12 13 -4 16 -16 17 -7 -13 -20 21 22 -8 25 -25 -23 27 -27 -29 -30
right_child=1 6 3 -5 -6 14 8 -9 -10 10 -12 18 -14 -15 15 -17 -18 -19 19 -21 -22 23 -24 24 -26 26 -28 28 29 -31
leaf_value=-0.0089084576231778251 -0.062180573865771298 -0.086246698329018226 -0.095344250970943414 0.10372135963128962 0.12404011279020621 0.091256079130939083 0.10840879563016421 -0.010970941321207104 0.093742929877979428 -0.12205733773137989 -0.006623605726617238 -0.047299140689539769 0.12467568794114364 0.055828996050231006 0.02799097708262065 -0.074217109347659127 0.083849959156595835 -0.0099700933532631108 -0.0091049745309111831 0.066646850873262456 -0.034719978155875915 0.013645443971621693 0.011546730027267976 0.014683561638367957 0.11444490815584477 -0.053595472348936128 -0.10867152452907142 0.024261894855057684 -0.11017156877954092 -0.0037385614707748944
leaf_weight=1001 22 54 22 23 23 28 33 435 28 29 62 84 37 47 102 27 101 64 136 39 112 322 56 127 26 85 34 164 28 47
leaf_count=1001 22 54 22 23 23 28 33 435 28 29 62 84 37 47 102 27 101 64 136 39 112 322 56 127 26 85 34 164 28 47
internal_value=1.71428e-12 0.00372022 0.0161756 0.00200935 0.0346651 0.0286895 -0.00307364 -0.0192836 0.00439027 -0.00312086 -0.0434102 0.00692387 0.0484848 0.00762883 0.034898 0.00659859 0.0538131 0.0208379 -0.0100856 0.00777686 0.00197067 0.00642767 0.0474619 0.00204346 0.0316365 -0.00461497 -0.0210391 -0.0118432 0.003006 -0.0434736
internal_weight=3398 2397 846 479 367 344 1551 489 1062 456 91 365 106 69 322 129 193 92 259 175 1034 922 89 833 153 680 358 324 239 75
internal_count=3398 2397 846 479 367 344 1551 489 1062 456 91 365 106 69 322 129 193 92 259 175 1034 922 89 833 153 680 358 324 239 75
is_linear=0
shrinkage=0.05


Tree=116
num_leaves=31
num_cat=0
split_feature=12 12 4 25 28 11 25 5 5 18 4 19 10 17 25 15 17 7 25 17 10 7 27 3 3 3 27 20 24 16
split_gain=41.7624 56.617 47.3626 72.0691 50.4596 46.0123 68.6278 54.5296 54.3995 49.7354 63.4396 57.0821 45.7895 50.3366 48.3892 47.1877 84.9706 72.8572 60.7872 74.2505 60.4953 71.7292 53.9126 52.9085 92.2499 86.9352 51.1338 60.41 63.91 71.2684
threshold=2.5000000000000004 5.5000000000000009 4.5650000000000004 4.8403907995721704 29.026250000000001 6.5000000000000009 4.5469623555493817 194.00500000000002 186.13500000000002 77.560000000000016 5.6350000000000007 38.580000000000005 354.16000000000003 -4.5474235560890675 6.2807787241224808 0.60355339059327384 -3.8213151956316236 71.945000000000007 3.6783872769437171 -1.2289709347506077 278.09500000000008 51.675000000000004 7.2946514510020446 18.495000000000001 17.205000000000002 20.845000000000002 10.792590017687344 89.420000000000016 84.151666666666685 -3.8723465292523613
decision_type=2 2 2 2 2 2 2 2 2 2 2 2 2 2 2 2 2 2 2 2 2 2 2 2 2 2 2 2 2 2
left_child=-1 12 3 4 -3 8 7 -7 -4 10 -8 -12 13 14 -2 20 -17 -18 19 -19 26 22 -22 24 -20 -25 27 28 29 -15
right_child=1 2 5 -5 -6 6 9 -9 -10 -11 11 -13 -14 15 -16 16 17 18 23 -21 21 -23 -24 25 -26 -27 -28 -29 -30 -31
leaf_value=0.0064636228921072974 -0.018153368078277145 0.0014200248957976051 0.0097676378674805171 0.0011137928027892487 0.088326641709589579 0.018950048247070025 -0.0404794218717143 -0.06890494827377168 -0.074462887790144941 0.092339508282020699 0.11558987274765969 0.011231484070518299 0.055158145670537596 0.021728052805743317 -0.086915092840790756 0.070714799249949667 -0.085800907518326627 -0.14215351125225426 -0.012478664966383533 -0.028791076118627995 -0.091977080069482339 0.042434048136920303 0.024118392858654261 -0.076846487948840317 0.091836557149015854 0.0016986470669507982 0.045247025967191171 0.04750308225463544 -0.067033591553709415 -0.018389981092424318
leaf_weight=1440 71 23 36 96 61 33 32 38 41 28 20 38 27 140 40 23 48 20 67 52 20 133 20 55 31 98 43 42 53 529
leaf_count=1440 71 23 36 96 61 33 32 38 41 28 20 38 27 140 40 23 48 20 67 52 20 133 20 55 31 98 43 42 53 529
internal_value=-6.34289e-11 -0.00475363 0.0109011 0.0307084 0.0645308 -0.00250234 0.010771 -0.0280709 -0.0350824 0.034142 0.0160361 0.0472171 -0.00937137 -0.0105446 -0.0429324 -0.00792815 -0.0225417 -0.0283231 -0.0197815 -0.0602806 -0.0020529 0.0247778 -0.0339293 -0.00816425 0.020519 -0.0265365 -0.00780471 -0.0107906 -0.0141817 -0.00999458
internal_weight=3398 1958 446 180 84 266 189 71 77 118 90 58 1512 1485 111 1374 394 371 323 72 980 173 40 251 98 153 807 764 722 669
internal_count=3398 1958 446 180 84 266 189 71 77 118 90 58 1512 1485 111 1374 394 371 323 72 980 173 40 251 98 153 807 764 722 669
is_linear=0
shrinkage=0.05


Tree=117
num_leaves=31
num_cat=0
split_feature=22 5 20 5 28 20 16 26 6 8 3 18 19 5 2 29 14 19 24 12 10 4 17 7 6 7 26 9 3 29
split_gain=40.0715 64.147 64.7697 57.5313 44.1452 54.3959 60.3613 63.1825 83.5012 84.1143 65.129 56.3272 44.6292 45.5466 40.3801 38.3049 36.8165 61.2354 60.7627 56.2259 58.7102 56.4248 55.9846 69.3205 56.761 71.017 59.6128 55.217 65.0848 79.5431
threshold=97.930000000000021 186.63500000000002 90.800000000000011 200.86000000000004 95.283333333333346 89.420000000000016 -4.515590966997193 85.938333333333347 27.765000000000004 1010.0350000000001 11.980000000000002 102.43500000000002 91.640000000000015 198.18000000000004 164.80500000000004 8.8150502737852445 0.25881904510252091 44.530000000000008 44.411666666666669 5.5000000000000009 47.355000000000011 4.5650000000000004 3.8753794324994213 71.335000000000008 25.835000000000004 72.52500000000002 35.432500000000012 4.7250000000000005 26.735000000000003 8.641970819725314
decision_type=2 2 2 2 2 2 2 2 2 2 2 2 2 2 2 2 2 2 2 2 2 2 2 2 2 2 2 2 2 2
left_child=4 2 -2 -3 5 12 -7 -8 -9 -10 -11 14 16 -14 -12 -16 19 22 -19 20 -1 -21 24 -24 27 -26 -27 -18 29 -29
right_child=1 3 -4 -5 -6 6 7 8 9 10 11 -13 13 -15 15 -17 17 18 -20 21 -22 -23 23 -25 25 26 -28 28 -30 -31
leaf_value=-0.036385396491540108 0.045048759073357696 0.10916762634047442 -0.067901068286349384 0.024864781622404922 -0.064846200965068962 0.078566309864828862 0.073595371464533474 -0.096138526396825907 0.081479926386049825 -0.071879135932901808 -0.034516537607761848 0.076860165233777547 -0.011891086661332363 -0.10273836944675581 0.066801624771739759 -0.014513560972797374 0.0085370870002417325 0.076991300216238748 0.011740555993061232 0.047306564611414179 -0.0064804216385038887 -0.0036105488034497419 0.0005833008182300649 0.091234091824541494 -0.10040426522885498 -0.067754777100297717 0.024620998091995718 0.00082819266565914819 0.0061324275608058091 -0.10632478572254958
leaf_weight=190 22 28 30 73 27 38 35 20 35 29 57 26 37 22 28 30 269 38 584 89 1205 140 71 30 38 31 40 29 64 43
leaf_count=190 22 28 30 73 27 38 35 20 35 29 57 26 37 22 28 30 269 38 584 89 1205 140 71 30 38 31 40 29 64 43
internal_value=2.57048e-11 0.0250056 -0.0201146 0.0482359 -0.001179 -0.000644815 0.0197042 0.0111013 0.00137997 0.010894 -0.00363844 0.0103969 -0.00272153 -0.0457663 -0.0046296 0.024742 -0.00183385 0.00466506 0.0157269 -0.00678407 -0.0105535 0.0161782 -0.00652273 0.0275093 -0.01321 -0.0452378 -0.0157121 -0.00459011 -0.0305549 -0.0631659
internal_weight=3398 153 52 101 3245 3218 298 260 225 205 170 141 2920 59 115 58 2861 1237 622 1624 1395 229 615 101 514 109 71 405 136 72
internal_count=3398 153 52 101 3245 3218 298 260 225 205 170 141 2920 59 115 58 2861 1237 622 1624 1395 229 615 101 514 109 71 405 136 72
is_linear=0
shrinkage=0.05


Tree=118
num_leaves=31
num_cat=0
split_feature=6 7 7 25 11 16 10 9 4 18 29 11 29 7 26 17 18 7 27 19 9 16 18 22 3 17 19 17 20 29
split_gain=38.9271 37.4402 80.2668 83.5557 76.5835 102.259 63.9725 63.0015 59.2357 53.4854 53.857 79.0202 83.9564 71.1969 57.3777 52.057 55.9999 51.8563 82.9386 83.1019 81.3465 66.7785 59.9742 51.6087 75.8317 50.7535 50.21 84.1615 49.4737 46.057
threshold=39.50500000000001 62.645000000000003 60.395000000000003 5.4181372429088457 13.500000000000002 -4.2930451407789052 82.340000000000018 7.5150000000000006 3.0650000000000004 29.045000000000005 9.5148712827355144 6.5000000000000009 9.1241046545350653 55.030000000000008 98.402500000000018 -3.7038192417862432 95.815000000000012 51.675000000000004 7.5989961992760131 55.005000000000003 6.5750000000000011 -2.3396097682824357 46.740000000000002 44.865000000000009 23.715000000000003 0.89479779177952923 52.300000000000004 -1.9708874282402549 67.680000000000021 10.311161877283551
decision_type=2 2 2 2 2 2 2 2 2 2 2 2 2 2 2 2 2 2 2 2 2 2 2 2 2 2 2 2 2 2
left_child=1 2 4 -4 9 6 -6 8 -7 -1 11 -11 14 -14 17 -12 -17 22 20 -20 23 -21 -13 -19 -25 28 -24 -28 -5 -10
right_child=-2 -3 3 25 5 7 -8 -9 29 10 15 12 13 -15 -16 16 -18 18 19 21 -22 -23 26 24 -26 -27 27 -29 -30 -31
leaf_value=0.06853556361653515 0.059797345322591289 -0.0052197695600816963 0.067202453791705918 -0.093573274144104546 0.11625802509841465 -0.091195470446513771 0.0064477249178000635 0.047521268483251333 -0.03274460474336504 -0.078003485944299469 -0.056524532615226143 0.032988930848524584 0.03355041607031347 0.12281160331331194 0.086982672718232096 -0.0082814890763256693 0.066440158683274478 0.10838564243167639 -0.071228511369711645 0.098646241575479521 -0.038217323896519488 -0.01009823401303341 -0.097377782372327956 -0.02319052849824612 0.10455571661392848 0.038424168447298665 -0.094123377442359935 0.015910427291926585 0.014959894865751267 0.014800362201732776
leaf_weight=37 27 1863 100 21 21 36 36 28 266 21 49 43 74 32 23 240 28 46 37 20 21 48 26 26 21 42 25 57 21 63
leaf_count=37 27 1863 100 21 21 36 36 28 266 21 49 43 74 32 23 240 28 46 37 20 21 48 26 26 21 42 25 57 21 63
internal_value=-5.62434e-11 -0.000478946 0.00537792 0.0363216 0.00107759 -0.0156812 0.0469042 -0.0247585 -0.0303032 0.00970626 0.00710568 0.0170084 0.0210069 0.0604972 0.0103556 -0.0091386 -0.00047475 0.00559232 0.0211354 -0.0109261 0.0506657 0.0218854 -0.0169503 0.0707361 0.0338876 -0.000441261 -0.0368334 -0.0176365 -0.0393067 -0.0236402
internal_weight=3398 3371 1508 184 1324 450 57 393 365 874 837 520 499 106 393 317 268 370 219 105 114 68 151 93 47 84 108 82 42 329
internal_count=3398 3371 1508 184 1324 450 57 393 365 874 837 520 499 106 393 317 268 370 219 105 114 68 151 93 47 84 108 82 42 329
is_linear=0
shrinkage=0.05


Tree=119
num_leaves=31
num_cat=0
split_feature=12 25 25 4 4 21 3 29 22 4 20 7 21 3 18 17 9 7 9 2 29 3 8 23 22 3 21 4 8 25
split_gain=37.4932 48.944 75.5938 67.5517 68.6755 56.3576 55.0045 84.0004 71.3489 53.2402 61.0384 68.4998 81.8882 81.6497 76.124 54.7971 51.7703 51.1474 48.8953 48.1137 57.2698 71.7438 61.6884 59.3619 95.6062 115.668 48.0174 85.3664 42.7273 42.2153
threshold=1.5000000000000002 8.409611557154177 6.5101408012869335 4.5450000000000008 7.0150000000000006 47.305000000000007 15.295000000000002 10.494290079339324 92.195000000000007 3.0350000000000006 99.475000000000009 55.605000000000011 97.960000000000022 24.685000000000006 35.545000000000009 -2.3755511965319096 7.7750000000000012 52.855000000000011 4.5650000000000004 75.890000000000015 8.234374533963905 25.815000000000001 1010.5850000000002 39.005000000000003 65.870000000000019 15.815000000000003 38.300000000000004 5.5050000000000008 1011.2750000000001 3.5417150730255318
decision_type=2 2 2 2 2 2 2 2 2 2 2 2 2 2 2 2 2 2 2 2 2 2 2 2 2 2 2 2 2 2
left_child=1 2 9 18 5 -5 7 -3 26 15 11 13 14 17 -13 -1 19 28 -4 -16 21 -21 -22 -24 25 -25 -8 -28 -11 -26
right_child=-2 6 3 4 -6 -7 8 -9 -10 10 -12 12 -14 -15 16 -17 -18 -19 -20 20 22 -23 23 24 29 -27 27 -29 -30 -31
leaf_value=-0.0093985617484735415 -0.0032383841144064383 -0.00440967877705892 0.036992255114018921 0.024288034262456772 -0.019328899653628467 0.10772252827674263 0.034721622406505052 -0.13960530195385218 0.088085937127470981 0.051701062530279167 -0.071750595189431429 0.038175000373514428 0.087204767691648824 0.11926301093772054 -0.059592523566394488 0.089950784647039012 -0.096557996946979655 0.085729987209751501 -0.050089840342601145 0.091327385964064769 0.048659936472773557 -0.013707646365101273 0.033788531739264729 -0.024041846208274365 0.046857835682616998 -0.17329612302559394 0.0030734347756065077 -0.11513682746638854 -0.027596880621738065 -0.04370513775446002
leaf_weight=23 2462 27 40 29 20 67 32 20 20 25 28 62 22 24 53 35 22 21 27 29 25 37 24 25 22 27 42 24 53 31
leaf_count=23 2462 27 40 29 20 67 32 20 20 25 28 62 22 24 53 35 22 21 27 29 25 37 24 25 22 27 42 24 53 31
internal_value=-1.11516e-12 0.00851806 0.0138073 0.0418713 0.0649585 0.0825184 -0.0161973 -0.0619397 0.00202213 0.00507314 9.6035e-05 0.00410342 -0.00641852 0.0365247 -0.012188 0.0505536 -0.0227728 0.0164669 0.00189947 -0.0168267 -0.00652406 0.0324441 -0.0232247 -0.0371558 -0.0533717 -0.101539 -0.0155419 -0.0399121 -0.00218087 -0.00611296
internal_weight=3398 936 771 183 116 96 165 47 118 588 530 502 379 123 357 58 295 99 67 273 220 66 154 129 105 52 98 66 78 53
internal_count=3398 936 771 183 116 96 165 47 118 588 530 502 379 123 357 58 295 99 67 273 220 66 154 129 105 52 98 66 78 53
is_linear=0
shrinkage=0.05


Tree=120
num_leaves=31
num_cat=0
split_feature=21 28 28 25 16 3 16 22 22 27 27 25 17 6 4 17 20 22 3 14 6 17 3 27 4 4 6 22 5 4
split_gain=36.5998 53.4142 58.0784 44.5359 54.4885 67.7977 48.2656 42.8 72.1212 62.7517 41.1415 43.0108 60.1765 63.2642 77.0076 82.0029 77.1025 54.6617 51.8602 47.6148 63.2002 44.8749 44.7514 83.8216 49.4881 63.9785 42.1143 79.8586 61.3683 58.2727
threshold=50.335000000000008 39.868958333333339 41.670000000000009 1.8529009817445268 -3.2961098020177837 23.435000000000006 0.51534989600530523 35.010000000000012 40.160000000000004 6.8687755582520973 2.4764841163683795 3.94730582869362 5.3466084587762674 28.245000000000001 6.5750000000000011 3.5628024921845145 52.295000000000009 70.875000000000014 23.935000000000006 -0.78656609248549303 36.955000000000005 -2.1327299962623671 16.085000000000004 5.1089398568056597 3.6850000000000005 4.7950000000000008 28.435000000000006 45.175000000000004 146.53500000000003 3.8050000000000002
decision_type=2 2 2 2 2 2 2 2 2 2 2 2 2 2 2 2 2 2 2 2 2 2 2 2 2 2 2 2 2 2
left_child=3 -2 -3 4 -1 6 -6 9 -9 -4 -10 12 13 17 15 16 -15 -12 19 20 -18 -16 23 -21 -24 -26 29 -28 -29 -13
right_child=1 2 7 -5 5 -7 -8 8 10 -11 11 26 -14 14 21 -17 18 -19 -20 22 -22 -23 24 -25 25 -27 27 28 -30 -31
leaf_value=0.10016967726871372 0.063759906688018855 -0.062902060337364674 0.11094716082772482 -0.0073891393135678335 -0.086694700563592575 0.059695472503938765 0.011480141797613714 -0.065237939720218241 -0.055794150685822524 -0.0071702308614145635 0.0098607257677194408 0.072047373559325931 0.074009971585538653 -0.069854971072213209 0.13541657574474814 -0.071446530796863417 0.091903413384436417 -0.078311841806862514 0.072771720515162341 -0.11500800734474546 -0.0029059137275908144 0.042457208306704824 -0.047905943375080827 0.019299622682424692 0.10231192613450379 -0.00061880111073454218 -0.088697298671360378 -0.078450031690299515 0.001104001520849643 0.0074091204952093821
leaf_weight=20 38 32 23 1573 21 38 31 37 27 22 39 44 45 22 20 27 39 32 51 21 32 37 20 26 26 36 27 25 799 168
leaf_count=20 38 32 23 1573 21 38 31 37 27 22 39 44 45 22 20 27 39 32 51 21 32 37 20 26 26 36 27 25 799 168
internal_value=1.18094e-11 0.00514052 0.00381224 -0.00523826 0.0255192 0.00893026 -0.0281674 0.00511002 0.00375747 0.0532009 0.00539076 0.00646627 0.0190092 0.0132264 0.0217992 0.0116769 0.0198979 -0.029879 0.0277647 0.0162879 0.0491724 0.0750745 -0.00181135 -0.0407102 0.0204843 0.0425457 0.000885076 -0.00408223 -0.00130965 0.0208246
internal_weight=3398 1715 1677 1683 110 90 52 1645 1600 45 1563 1536 473 428 357 300 273 71 251 200 71 57 129 47 82 62 1063 851 824 212
internal_count=3398 1715 1677 1683 110 90 52 1645 1600 45 1563 1536 473 428 357 300 273 71 251 200 71 57 129 47 82 62 1063 851 824 212
is_linear=0
shrinkage=0.05


Tree=121
num_leaves=31
num_cat=0
split_feature=11 21 22 27 3 11 27 22 25 16 27 6 16 29 25 25 9 17 4 25 4 29 3 3 17 27 2 9 27 18
split_gain=35.8451 60.9582 70.9022 69.5135 61.2078 60.0636 74.2106 82.7263 73.3367 67.6512 64.975 95.6566 79.0463 62.9542 90.8156 117.078 111.348 89.3579 62.8227 62.4315 61.5536 73.9825 63.0421 68.4091 61.0673 57.48 72.069 57.3642 55.4378 73.7053
threshold=6.5000000000000009 30.195000000000004 39.335000000000008 3.0531693840246539 28.285000000000004 12.500000000000002 7.5795831772965423 93.890000000000015 8.19565625747728 -6.2990561574621244 5.1212369724475684 26.755000000000006 6.5281212736475522 10.446004323897339 5.0765144696903866 4.5114923066598678 3.8250000000000006 -2.3755511965319096 4.4750000000000005 10.352983454200247 5.2950000000000008 9.5148712827355144 22.985000000000003 19.105000000000004 4.1928803350905239 5.4152508390729617 84.66500000000002 3.0550000000000002 5.8745798400888161 46.125000000000007
decision_type=2 2 2 2 2 2 2 2 2 2 2 2 2 2 2 2 2 2 2 2 2 2 2 2 2 2 2 2 2 2
left_child=1 2 4 -3 -1 6 8 13 9 -2 11 -7 24 14 15 16 -8 -15 -16 -20 22 -22 23 -11 25 26 -12 -5 -26 -30
right_child=5 3 -4 27 -6 10 7 -9 -10 20 12 -13 -14 17 18 -17 -18 -19 19 -21 21 -23 -24 -25 28 -27 -28 -29 29 -31
leaf_value=-0.035889968892281993 -0.059655064479871234 0.083273367292207232 -0.090886661956130085 0.072963871288558718 0.047202748574059587 -0.080373869946709392 -0.056980826243037179 0.093594494332437939 0.11739312147154757 0.084085296333900522 0.10321329431396656 -0.0098168244827324634 0.087312738278082447 -0.1151209378881114 -0.045816029505138953 0.15038729297618073 0.061908771511581209 -0.0077695163469465953 -0.0092044080196715446 0.062556708752153786 0.023711848695415493 -0.069366196080766343 0.076115796737151575 -0.0096173349389573563 -0.090848889506111544 0.0023270247782505647 0.01006211836689285 -0.0071422886515050401 0.040864457316520449 -0.054397404127650796
leaf_weight=94 22 23 43 23 29 54 31 23 23 28 33 435 28 28 84 21 54 63 136 39 102 27 101 64 30 833 56 789 37 45
leaf_count=94 22 23 43 23 29 54 31 23 23 28 33 435 28 28 84 21 54 63 136 39 102 27 101 64 30 833 56 789 37 45
internal_value=1.22753e-10 -0.00794677 -0.0356199 -0.00244528 -0.016299 0.00331861 0.0140353 0.00107302 0.0309535 0.0251741 -0.00252688 -0.0176084 0.00441744 -0.00359364 0.00568265 0.0446679 0.018549 -0.0408007 -0.0102727 0.00678807 0.0309699 0.0042304 0.0488424 0.0189009 0.00217269 0.00640773 0.0446013 -0.00487327 -0.0326908 -0.0114134
internal_weight=3398 1001 166 835 123 2397 846 479 367 344 1551 489 1062 456 365 106 85 91 259 175 322 129 193 92 1034 922 89 812 112 82
internal_count=3398 1001 166 835 123 2397 846 479 367 344 1551 489 1062 456 365 106 85 91 259 175 322 129 193 92 1034 922 89 812 112 82
is_linear=0
shrinkage=0.05


Tree=122
num_leaves=31
num_cat=0
split_feature=6 26 19 14 8 5 5 11 21 20 3 29 29 17 23 11 8 20 21 15 11 8 16 25 25 27 9 25 25 17
split_gain=34.6435 31.5235 78.3003 33.9228 67.9877 90.3644 66.2339 57.4155 59.8318 64.5222 75.0387 57.3636 104.897 73.5193 47.6558 79.2234 49.7531 117.106 56.6077 50.372 49.5019 46.2544 45.867 56.6015 60.8138 44.313 83.6613 92.4336 71.5495 65.9633
threshold=39.50500000000001 99.697500000000005 105.25500000000001 0.25881904510252091 1018.5200000000001 194.27000000000001 269.72500000000008 6.5000000000000009 30.195000000000004 28.225000000000005 25.815000000000001 10.446004323897339 10.163421026707994 -2.4002692253945077 97.605000000000004 18.500000000000004 1017.6300000000001 41.675000000000004 22.135000000000002 0.1294095225512602 14.500000000000002 1018.2150000000001 5.6300303315281122 6.5871836692918873 4.0168996412789744 7.5795831772965423 4.0150000000000006 5.0765144696903866 3.4572546662070116 -3.3490231334733083
decision_type=2 2 2 2 2 2 2 2 2 2 2 2 2 2 2 2 2 2 2 2 2 2 2 2 2 2 2 2 2 2
left_child=1 3 -3 6 7 -6 14 8 9 10 -5 12 25 -13 16 -16 18 21 -1 20 -19 -18 -20 24 -24 28 -27 -28 -9 -30
right_child=-2 2 -4 4 5 -7 -8 11 -10 -11 -12 13 -14 -15 15 -17 17 19 22 -21 -22 -23 23 -25 -26 26 27 -29 29 -31
leaf_value=-0.078742644547120391 0.056411344026801757 0.075854961939621712 -0.045311461836099631 -0.070534523054957388 -0.016645917072892188 0.12357754541767969 -0.095964454803615817 -0.008257044708305919 -0.000180867961495415 -0.098117209291508939 0.017876634320709857 -0.081026967614889145 0.09983711805390684 0.0077964017218029175 -0.093396755836501311 0.026418096707625821 -0.15460142954474404 -0.023693500757217406 -0.0015663151363156198 -0.042919871694332846 0.080936940788076478 -0.048355074552819136 0.056437957369618943 0.096316509611076795 -0.055551145293495877 -0.031386591704814872 0.07903360545348663 0.0009661803587472864 -0.017410216894414691 0.069729723872591728
leaf_weight=23 27 40 20 40 20 27 20 74 559 33 60 34 38 74 37 22 21 20 1602 37 26 20 27 27 22 118 52 140 27 111
leaf_count=23 27 40 20 40 20 27 20 74 559 33 60 34 38 74 37 22 21 20 1602 37 26 20 27 27 22 118 52 140 27 111
internal_value=-4.33765e-11 -0.000451826 0.0354662 -0.00110271 0.00478468 0.063908 -0.00545332 0.00274145 -0.00735225 -0.0374936 -0.0174878 0.0131978 0.0196323 -0.0201665 -0.00449248 -0.04872 -0.00306266 -0.0336393 -0.00083367 0.000511508 0.0354454 -0.102774 0.000234212 0.0381874 0.00615714 0.0137937 0.00174644 0.0221094 0.0314099 0.0526806
internal_weight=3398 3371 60 3311 1407 47 1904 1360 692 133 100 668 560 108 1884 59 1825 124 1701 83 46 41 1678 76 49 522 310 192 212 138
internal_count=3398 3371 60 3311 1407 47 1904 1360 692 133 100 668 560 108 1884 59 1825 124 1701 83 46 41 1678 76 49 522 310 192 212 138
is_linear=0
shrinkage=0.05


Tree=123
num_leaves=31
num_cat=0
split_feature=22 25 29 8 3 28 28 4 2 23 21 2 15 18 28 4 4 25 9 2 7 8 18 7 26 9 28 25 7 10
split_gain=31.2996 58.2534 85.7947 67.2745 47.7822 41.7881 44.8326 65.5732 35.0156 42.8102 33.991 33.8752 30.983 90.9734 51.365 47.5802 74.5779 47.3458 73.4539 61.5731 90.7467 77.0192 78.5711 64.1518 58.2927 53.6952 52.584 49.579 47.6384 45.9283
threshold=97.930000000000021 4.0958677199831932 8.695400808620926 1012.3150000000002 15.165000000000001 95.283333333333346 92.05625000000002 6.5750000000000011 149.74000000000004 89.870000000000019 90.915000000000006 174.22000000000003 0.78656609248549303 78.820000000000007 80.940625000000011 7.5450000000000008 7.1250000000000009 3.256191003701526 3.5150000000000001 76.585000000000022 79.490000000000023 1014.1050000000001 21.220000000000002 77.13000000000001 41.095833333333339 4.5650000000000004 48.880625000000009 6.5515188890757683 83.980000000000004 195.55000000000004
decision_type=2 2 2 2 2 2 2 2 2 2 2 2 2 2 2 2 2 2 2 2 2 2 2 2 2 2 2 2 2 2
left_child=5 4 -3 -4 -2 6 12 8 -8 -10 -5 -11 -1 14 15 16 17 18 -14 21 25 23 -23 27 29 -21 -20 -19 -22 -24
right_child=1 2 3 10 -6 -7 7 -9 9 11 -12 -13 13 -15 -16 -17 -18 19 26 20 28 22 24 -25 -26 -27 -28 -29 -30 -31
leaf_value=0.00077530506538813892 0.004914380468073346 -0.090391710613455092 -0.03371071345623463 0.019551938182363907 0.10139347247102044 -0.062986100989359403 -0.041388753741436329 0.10655293505300174 0.085471620054348663 0.04082633873713868 0.10461316009902435 -0.029785016308905499 -0.12320380430845988 -0.085620214436680844 0.046517446122708778 0.06484969072043896 -0.10605051746325833 0.07966568400462469 -0.049402914649841416 -0.11790757246710587 0.038748080346267672 -0.036349671469493347 0.060495719245888972 -0.028796454049908549 0.022280152257093611 -0.023769183935863632 0.030710001532552822 -0.015673093881458044 -0.053995517455041414 0.16518646895885469
leaf_weight=2451 21 21 31 24 33 27 24 22 23 35 23 33 21 39 42 20 21 30 54 33 45 22 22 121 34 28 33 25 20 20
leaf_count=2451 21 21 31 24 33 27 24 22 23 35 23 33 21 39 42 20 21 30 54 33 45 22 22 121 34 28 33 25 20 20
internal_value=-1.63283e-11 0.0220999 -0.000685948 0.0234656 0.0638738 -0.001042 -0.000522266 0.0274649 0.0123351 0.026504 0.0611776 0.00655906 -0.00176675 -0.0116565 -0.00677569 -0.0108528 -0.0137149 -0.00989784 -0.0392741 -0.00196623 -0.0308947 0.0113366 0.0468619 -0.00844448 0.0709495 -0.0746965 -0.0190153 0.0363299 0.0102116 0.110348
internal_weight=3398 153 99 78 54 3245 3218 137 115 91 47 68 3081 630 591 549 529 508 108 400 126 274 98 176 76 61 87 55 65 42
internal_count=3398 153 99 78 54 3245 3218 137 115 91 47 68 3081 630 591 549 529 508 108 400 126 274 98 176 76 61 87 55 65 42
is_linear=0
shrinkage=0.05


Tree=124
num_leaves=31
num_cat=0
split_feature=12 10 25 9 21 7 7 27 11 29 21 10 17 6 27 7 7 25 29 3 2 18 3 27 27 8 25 6 6 4
split_gain=31.0738 46.3191 40.1227 45.882 52.2452 44.6579 89.8175 94.7495 89.7111 64.1835 54.5121 54.4158 71.7543 84.0212 46.788 40.7613 77.2499 107.942 59.1384 60.1837 79.511 109.476 58.3318 66.2901 54.8811 53.5793 50.4084 95.767 67.1191 63.9729
threshold=1.5000000000000002 351.80500000000006 11.903882042884645 3.7350000000000008 38.300000000000004 52.210000000000008 53.245000000000012 7.0317547566469054 14.500000000000002 7.0936864214475799 26.245000000000001 35.345000000000006 1.0562189974148659 23.470000000000002 5.5447363654731907 62.125000000000007 60.055000000000007 7.6975569332651181 10.642422368162608 25.745000000000001 80.925000000000011 80.77000000000001 31.535000000000004 6.602535897193639 8.7609052356980825 1016.7900000000001 8.3072157228158918 28.875000000000004 38.735000000000007 4.7550000000000008
decision_type=2 2 2 2 2 2 2 2 2 2 2 2 2 2 2 2 2 2 2 2 2 2 2 2 2 2 2 2 2 2
left_child=1 -1 5 -4 -5 8 7 -7 9 -2 -11 -12 -13 -14 -10 16 18 -18 19 25 -21 -22 26 -24 -20 -8 28 -28 -17 -29
right_child=2 -3 3 4 -6 6 15 -9 14 10 11 12 13 -15 -16 22 17 -19 24 20 21 -23 23 -25 -26 -27 27 29 -30 -31
leaf_value=0.0096715977212452064 0.07067777229392011 -0.056782886551486125 -0.032582393512129784 -0.00069340322903978333 0.096261138310938174 0.12386291127266556 0.0017425681108488443 0.0045241400360679015 -0.14003628149628641 0.039511483994861825 0.039962716239194077 -0.055300176570164984 -0.088323458487337289 0.02104866329109532 -0.043657903729335354 -0.012568158487916887 0.071558765463274096 -0.048214959896480045 -0.003644672160347303 0.11001279167830945 -0.031442434132099149 0.096703681021928792 -0.0028308674506843092 -0.131565171033144 -0.11432549293552126 -0.062518891299495824 0.054150727379353759 0.02863813258030198 0.05684697431926098 -0.042559538540002467
leaf_weight=909 23 27 20 24 33 29 263 39 20 39 30 138 22 87 34 1066 87 24 24 28 50 25 20 20 21 37 94 55 36 74
leaf_count=909 23 27 20 24 33 29 263 39 20 39 30 138 22 87 34 1066 87 24 24 28 50 25 20 20 21 37 94 55 36 74
internal_value=-1.51528e-10 0.00775464 -0.00294815 0.0325757 0.0554382 -0.00409504 -0.00105607 0.0554186 -0.0194987 -0.00996427 -0.0158338 -0.0236261 -0.0313494 -0.00102644 -0.0793536 -0.00305206 0.00832034 0.0456617 -0.000931658 0.00513877 0.0381148 0.0112729 -0.00770932 -0.067198 -0.0552957 -0.00618301 -0.00591344 0.0157662 -0.0103005 -0.0122039
internal_weight=3398 936 2462 77 57 2385 1992 68 393 339 316 277 247 109 54 1924 559 111 448 403 103 75 1365 40 45 300 1325 223 1102 129
internal_count=3398 936 2462 77 57 2385 1992 68 393 339 316 277 247 109 54 1924 559 111 448 403 103 75 1365 40 45 300 1325 223 1102 129
is_linear=0
shrinkage=0.05


Tree=125
num_leaves=31
num_cat=0
split_feature=21 28 28 25 9 27 23 25 16 28 28 21 6 25 21 21 3 21 25 23 24 26 2 14 3 17 5 27 8 8
split_gain=28.9361 47.7303 50.5838 41.2498 48.7065 43.3405 49.0794 38.2123 55.3977 40.5399 42.2768 42.9764 56.1749 67.6935 57.3169 63.1116 56.4345 102.252 64.6428 53.0838 50.0525 49.8334 44.2102 42.7327 52.8799 74.033 55.9087 58.0397 66.0881 77.0278
threshold=50.335000000000008 39.868958333333339 41.670000000000009 1.8529009817445268 3.5150000000000001 5.1448966137840415 43.405000000000008 2.3184868897629363 3.3209314741787215 56.360833333333339 54.981458333333343 43.715000000000011 27.605000000000004 7.4294828976789749 46.335000000000008 47.880000000000003 23.060000000000006 45.910000000000004 5.0467773821242607 39.615000000000009 43.529999999999966 47.541666666666679 17.315000000000001 -0.98296291314453399 17.505000000000006 3.8008000578190675 184.22000000000003 7.9298579051216507 1013.1950000000002 1016.4650000000001
decision_type=2 2 2 2 2 2 2 2 2 2 2 2 2 2 2 2 2 2 2 2 2 2 2 2 2 2 2 2 2 2
left_child=3 -2 -3 4 -1 6 -6 8 -5 10 11 22 13 16 20 -16 17 -13 -18 -15 -14 -22 -9 -24 25 -25 27 28 -26 -30
right_child=1 2 -4 7 5 -7 -8 9 -10 -11 -12 12 14 19 15 -17 18 -19 -20 -21 21 -23 23 24 26 -27 -28 -29 29 -31
leaf_value=-0.043550577440432142 0.059983530797456441 -0.058946043005562387 0.0045262886686048874 -0.072521122652809342 -0.031586867956251936 0.082468926987132513 0.066217560952772272 -0.068683597726909365 0.026524364944780245 -0.057491852943268085 0.066647848983605706 -0.16682713395701007 0.017954218066458045 -0.054540766030550004 0.07607231482765392 -0.0083613237541801527 0.048319589665957861 -0.045768786425579272 -0.074323608201335781 0.050621640607714659 -0.12213839573253478 -0.014456283165649933 -0.053807991518474679 0.033596801751276904 -0.034242051057772692 -0.037242341102947572 0.0059026234978880781 -0.048751932706940795 0.067756905372501647 -0.048683890756219629
leaf_weight=21 38 32 1645 48 29 37 23 23 20 36 21 26 29 20 38 53 21 53 22 30 21 22 34 228 73 44 526 116 49 20
leaf_count=21 38 32 1645 48 29 37 23 23 20 36 21 26 29 20 38 53 21 53 22 30 21 22 34 228 73 44 526 116 49 20
internal_value=9.85942e-11 0.00457076 0.00331513 -0.00465766 0.0249434 0.0411049 0.0116728 -0.00672767 -0.0433901 -0.00507116 -0.00378651 -0.004808 -0.020509 -0.0404408 0.00052347 0.0268967 -0.0605218 -0.0856108 -0.0144281 0.00855668 -0.0328093 -0.0670452 -8.22013e-05 0.00136535 0.00314177 0.0221375 -0.0034486 -0.0225135 -0.00107929 0.0340059
internal_weight=3398 1715 1677 1683 110 89 52 1573 68 1505 1469 1448 335 172 163 91 122 79 43 50 72 43 1113 1090 1056 272 784 258 142 69
internal_count=3398 1715 1677 1683 110 89 52 1573 68 1505 1469 1448 335 172 163 91 122 79 43 50 72 43 1113 1090 1056 272 784 258 142 69
is_linear=0
shrinkage=0.05


Tree=126
num_leaves=31
num_cat=0
split_feature=12 12 25 21 4 25 8 27 3 29 3 25 10 21 20 19 22 23 6 23 3 10 27 14 29 4 16 8 14 29
split_gain=29.1125 45.7896 44.2126 60.4833 55.7779 88.8888 45.8866 63.5232 42.5534 80.7637 54.0096 57.7458 55.8796 60.7588 65.5897 125.242 80.0264 76.1366 69.7796 65.0443 61.8126 59.323 88.7363 66.2545 66.9126 56.4253 56.2215 67.8047 52.7193 50.1369
threshold=2.5000000000000004 5.5000000000000009 10.036621180965072 19.085000000000004 4.5650000000000004 5.306163007265984 1011.3050000000001 4.8658697395546353 30.785000000000004 10.446004323897339 28.380000000000006 5.3745011316370856 195.55000000000004 41.505000000000003 42.45000000000001 40.380000000000003 48.120000000000012 53.965000000000011 28.115000000000006 41.170000000000009 23.715000000000003 136.72000000000003 5.8582699153145015 -0.70710678118654735 10.536265260237158 5.3150000000000004 5.6300303315281122 1010.9550000000002 -0.70710678118654735 8.5145576415349549
decision_type=2 2 2 2 2 2 2 2 2 2 2 2 2 2 2 2 2 2 2 2 2 2 2 2 2 2 2 2 2 2
left_child=-1 8 3 -3 5 -5 7 -6 10 -10 12 -12 21 -14 16 -16 19 29 -19 -15 26 -2 25 -24 -25 28 27 -20 -23 -17
right_child=1 2 -4 4 6 -7 -8 -9 9 -11 11 -13 13 14 15 17 -18 18 20 -21 -22 22 23 24 -26 -27 -28 -29 -30 -31
leaf_value=0.0053966363059104582 -0.0093326940648103974 -0.076438376094613764 0.074711613010615116 0.065398072584471473 -0.10562543208184449 -0.01205952677184776 0.010557101637546328 -0.006670310361818834 -0.0048090583918725741 -0.13143440216779709 0.07748833063401675 -0.00079016579134810359 0.022165399666300021 -0.066740646429600259 0.11842723630723501 -0.022285018521194747 -0.12433957424014808 0.077737857304912603 0.022237854362243698 0.039410811869634521 0.051803823560476303 -0.067131502163552112 0.064352705498181645 -0.049167021621949969 0.04714763184840029 -0.033368132536609967 0.056577015065011532 -0.053466235382482408 -0.1791681367016974 -0.12593649450689556
leaf_weight=1440 530 21 25 92 23 62 168 55 34 20 38 62 233 31 21 28 25 28 42 27 37 21 21 100 22 30 21 100 21 20
leaf_count=1440 530 21 25 92 23 62 168 55 34 20 38 62 233 31 21 28 25 28 42 27 37 21 21 100 22 30 21 100 21 20
internal_value=-8.96326e-11 -0.00396893 0.0101095 0.00627332 0.0106157 0.0342138 -0.00415715 -0.0358494 -0.0081217 -0.0517073 -0.00650742 0.0289557 -0.00911884 0.00206252 -0.0102637 0.000717666 -0.0495585 -0.0082385 0.0038109 -0.0173253 -0.00653887 -0.0183191 -0.0404716 -0.0176787 -0.0317988 -0.0857408 -0.0197823 -0.0310749 -0.12315 -0.0654731
internal_weight=3398 1958 446 421 400 154 246 78 1512 54 1458 100 1358 613 380 297 83 276 228 58 200 745 215 143 122 72 163 142 42 48
internal_count=3398 1958 446 421 400 154 246 78 1512 54 1458 100 1358 613 380 297 83 276 228 58 200 745 215 143 122 72 163 142 42 48
is_linear=0
shrinkage=0.05


Tree=127
num_leaves=31
num_cat=0
split_feature=6 4 2 29 7 8 10 4 8 8 27 4 9 25 29 22 8 17 25 12 17 18 10 8 3 17 5 9 9 3
split_gain=28.1936 27.1682 69.6305 59.6706 58.7066 58.9295 63.7538 54.4053 77.6012 60.4251 55.9252 53.1309 52.606 90.0479 71.8809 93.774 99.5999 109.642 76.343 64.3251 72.847 75.4803 68.9893 61.5755 57.8103 101.558 93.8157 61.8088 95.1933 61.1763
threshold=39.50500000000001 4.0650000000000004 166.59000000000003 11.039004910699308 84.545000000000016 1018.5200000000001 344.97500000000008 3.6850000000000005 1007.6650000000001 1009.3050000000001 3.6165289196216857 5.1250000000000009 6.3750000000000009 2.1389261305577638 10.236224631496052 80.675000000000026 1013.0550000000001 1.2780983583866687 5.7257415667973488 2.5000000000000004 4.441667126091958 19.085000000000004 178.19500000000002 1011.2750000000001 22.135000000000002 -1.3796513466973559 177.49000000000004 4.1550000000000011 3.7050000000000005 20.110000000000003
decision_type=2 2 2 2 2 2 2 2 2 2 2 2 2 2 2 2 2 2 2 2 2 2 2 2 2 2 2 2 2 2
left_child=1 2 4 12 5 6 7 8 -1 -9 -10 -5 14 -14 19 16 17 23 -18 -3 21 -21 -22 -16 29 26 -26 28 -27 -23
right_child=-2 3 -4 11 -6 -7 -8 9 10 -11 -12 -13 13 -15 15 -17 18 -19 -20 20 22 24 -24 -25 25 27 -28 -29 -30 -31
leaf_value=0.083432198552922776 0.050889832999867705 0.002525927462630858 0.054216206373853819 0.0092222312343833244 -0.077640620902688667 0.082316516898572445 0.070765421500034412 -0.060617872774600984 -0.078708152174949642 0.03094165010357296 -0.0083736698519625546 -0.056356788313690023 0.081739783655438158 0.0068215565208274986 0.067793608000692049 -0.043700345313432171 0.10484900197439027 -0.066726403949516164 0.026128014655255563 0.056803584295428471 -0.019587900048052824 -0.019641420242049675 -0.13485636225342751 -0.023161839364717406 0.11434405267238618 -0.013932254514287389 0.01048440548909616 0.01067376324495712 -0.1198307199170813 -0.066689930541187895
leaf_weight=22 27 708 72 46 22 24 33 20 30 182 488 94 45 369 49 51 57 42 67 36 27 470 25 30 30 63 79 77 32 81
leaf_count=22 27 708 72 46 22 24 33 20 30 182 488 94 45 369 49 51 57 42 67 36 27 470 25 30 30 63 79 77 32 81
internal_value=-5.49872e-11 -0.000407602 0.00706972 -0.00310222 0.00293508 0.00515368 0.00276412 -0.000260194 -0.0085409 0.0218764 -0.0124471 -0.0348094 -0.00120358 0.0149648 -0.00468265 0.0179823 0.0308224 -0.00145023 0.0623143 -0.00880356 -0.0175223 -0.0140787 -0.0750054 0.0332536 -0.0171457 0.00131016 0.0390696 -0.0226188 -0.0496033 -0.0265578
internal_weight=3398 3371 893 2478 821 799 775 742 540 202 518 140 2338 414 1924 296 245 121 124 1628 920 868 52 79 832 281 109 172 95 551
internal_count=3398 3371 893 2478 821 799 775 742 540 202 518 140 2338 414 1924 296 245 121 124 1628 920 868 52 79 832 281 109 172 95 551
is_linear=0
shrinkage=0.05


Tree=128
num_leaves=31
num_cat=0
split_feature=11 2 19 16 16 27 25 21 24 9 3 11 6 27 17 25 5 16 7 3 11 2 29 29 17 10 3 5 3 4
split_gain=27.5028 51.8917 54.0158 47.7709 80.6647 64.0343 55.816 72.8953 66.1386 76.641 54.5253 56.4865 62.3512 58.7784 53.196 56.2784 81.4485 53.7923 52.2109 51.8834 44.9679 56.7333 50.9321 86.6214 66.8235 47.3783 67.5552 80.0982 78.1921 73.0499
threshold=6.5000000000000009 21.680000000000003 88.815000000000012 2.7021944964000713 2.2085464234535377 3.0531693840246539 7.1478259911611906 30.195000000000004 26.475000000000005 3.1950000000000007 29.825000000000003 2.5000000000000004 28.925000000000004 7.4639770017133733 3.6028809499609991 4.6081323022391141 213.48500000000004 4.1538165778545411 65.325000000000003 28.380000000000006 11.500000000000002 190.02000000000001 10.446004323897339 10.163421026707994 -2.4262914387175409 273.46000000000004 14.625000000000002 162.26500000000001 15.885000000000003 5.1450000000000005
decision_type=2 2 2 2 2 2 2 2 2 2 2 2 2 2 2 2 2 2 2 2 2 2 2 2 2 2 2 2 2 2
left_child=1 -1 3 4 5 -3 7 -7 -9 -10 11 13 -13 -8 15 16 -5 -16 -11 -20 22 25 23 -2 -24 -22 27 -27 29 -28
right_child=20 2 -4 14 -6 6 10 8 9 18 -12 12 -14 -15 17 -17 -18 -19 19 -21 21 -23 24 -25 -26 26 28 -29 -30 -31
leaf_value=-0.068617915237943333 0.014422967557397172 0.085741493296587756 -0.070902972444891937 0.034096272896543975 0.0714754165904153 -0.065633087041951185 0.071784522207010357 0.067607188268950014 -0.095319436967372898 -0.057694996949285274 -0.055791653657243367 0.083764073530572566 -0.017764534624293445 -0.025622015042325197 -0.025386811951175332 -0.051102885344968832 -0.061589668435709823 0.090579025447368622 -0.0063410673622813262 0.051892565854865569 -0.0073201841083344174 0.082199119487777361 -0.074546992736203341 0.092468378104661644 0.0082862146012485025 0.085815582834184168 0.1582930778818471 -0.019778153545286677 0.016068773875012994 0.030599006017049152
leaf_weight=33 552 21 30 61 42 57 21 29 25 40 21 62 20 59 20 132 35 20 227 46 1261 20 35 38 80 20 21 176 170 24
leaf_count=33 552 21 30 61 42 57 21 29 25 40 21 62 20 59 20 132 35 20 227 46 1261 20 35 38 80 20 21 176 170 24
internal_value=-3.79686e-11 -0.00696088 -0.00485893 -0.00274665 0.00438977 -9.68519e-05 -0.00306655 -0.0130274 -0.00485706 -0.0110744 0.0200122 0.0298386 0.059001 -5.2799e-05 -0.0205877 -0.0299182 -0.000789227 0.0325961 -0.00434557 0.00347119 0.0029069 -0.00151371 0.0135164 0.0194496 -0.0169239 -0.00251506 0.0122277 -0.00900328 0.0315824 0.0901896
internal_weight=3398 1001 968 938 670 628 607 424 367 338 183 162 82 80 268 228 96 40 313 273 2397 1692 705 590 115 1672 411 196 215 45
internal_count=3398 1001 968 938 670 628 607 424 367 338 183 162 82 80 268 228 96 40 313 273 2397 1692 705 590 115 1672 411 196 215 45
is_linear=0
shrinkage=0.05


Tree=129
num_leaves=31
num_cat=0
split_feature=21 28 28 27 25 16 16 2 25 16 28 28 21 6 15 25 4 21 21 4 9 20 6 2 3 21 26 4 5 17
split_gain=26.2231 43.4374 44.4482 37.3267 36.3722 43.7287 56.8318 59.3253 35.1055 48.4101 38.8173 41.7701 37.9719 52.3025 57.3888 67.7447 52.2521 58.5893 77.491 42.8964 60.0836 42.7204 41.1441 39.5067 39.0828 81.0752 81.7881 37.0724 39.8421 65.2358
threshold=50.335000000000008 39.868958333333339 41.670000000000009 2.4764841163683795 1.8529009817445268 -3.2961098020177837 -0.61608824778647098 76.265000000000015 2.3184868897629363 3.3209314741787215 56.771041666666676 55.320208333333341 43.715000000000011 27.605000000000004 0.78656609248549303 7.4294828976789749 6.5750000000000011 46.125000000000007 47.880000000000003 7.285000000000001 4.5450000000000008 55.300000000000004 30.915000000000003 17.315000000000001 26.605000000000004 47.440000000000005 47.990833333333335 6.9250000000000007 186.63500000000002 4.8268539176581369
decision_type=2 2 2 2 2 2 2 2 2 2 2 2 2 2 2 2 2 2 2 2 2 2 2 2 2 2 2 2 2 2
left_child=4 -2 -3 -4 5 -1 -7 -8 9 -6 11 12 19 14 15 24 17 -15 -19 21 -21 23 -20 -10 25 -14 -27 28 29 -25
right_child=1 2 3 -5 8 6 7 -9 10 -11 -12 -13 13 16 -16 -17 -18 18 22 20 -22 -23 -24 27 -26 26 -28 -29 -30 -31
leaf_value=0.090236851638183013 0.057213311230665767 -0.055209740728605544 -0.05401610754154347 0.0052616600282591706 -0.068750030236939583 -0.053836396250587254 0.0013698326709510929 0.10522753026336432 -0.071106475667858673 0.023838416766375305 -0.064201375838645089 0.059110213357668667 -0.11897418566636349 -0.026777812928300011 -0.11217745210489501 0.024005283729897606 -0.064168737857387623 0.09222866325198037 -0.053594435141845191 0.090998017030457665 -0.0031214804245302315 0.049864457306024193 0.043105772831900556 -0.0085861718954944651 0.0084587323762800384 0.040504035810008644 -0.095151103303069251 -0.051136798335191538 0.005990688538981769 -0.087177665891318493
leaf_weight=20 38 32 27 1618 48 26 44 20 22 20 27 26 38 55 23 45 26 38 22 30 39 37 22 295 23 25 20 39 624 29
leaf_count=20 38 32 27 1618 48 26 44 20 22 20 27 26 38 55 23 45 26 38 22 30 39 37 22 295 23 25 20 39 624 29
internal_value=-4.39136e-11 0.00435121 0.00315338 0.00428871 -0.00443394 0.0233619 0.00850085 0.0338254 -0.00637771 -0.0415181 -0.00478997 -0.00370465 -0.00482943 -0.019537 -0.0386019 -0.027395 0.000814551 0.0131471 0.0399261 -0.000384191 0.0378 -0.00290304 -0.00524433 -0.00483802 -0.0492159 -0.0651981 -0.0197871 -0.00336091 -0.00139545 -0.0156206
internal_weight=3398 1715 1677 1645 1683 110 90 64 1573 68 1505 1478 1452 337 174 151 163 137 82 1115 69 1046 44 1009 106 83 45 987 948 324
internal_count=3398 1715 1677 1645 1683 110 90 64 1573 68 1505 1478 1452 337 174 151 163 137 82 1115 69 1046 44 1009 106 83 45 987 948 324
is_linear=0
shrinkage=0.05


Tree=130
num_leaves=31
num_cat=0
split_feature=6 21 29 9 21 25 25 25 25 15 4 12 28 9 16 25 23 23 22 24 10 10 22 29 7 5 8 9 9 25
split_gain=25.486 25.3574 57.0962 49.4738 62.0317 25.4845 51.2463 29.2083 44.6267 47.6258 42.1022 40.1063 30.9518 28.5204 26.2746 67.3823 52.1158 98.5754 55.7863 62.6221 55.2279 101.66 55.3672 50.5062 44.9024 39.7929 39.4074 35.4993 67.4373 36.9805
threshold=39.50500000000001 99.160000000000011 10.604848145651513 4.4750000000000005 102.59500000000001 12.144226342419666 12.937503486610238 11.172284019319015 10.416240381006295 -0.60355339059327384 4.6450000000000005 2.5000000000000004 95.283333333333346 4.0650000000000004 3.3968991653357778 2.8391041345590167 45.585000000000008 43.245000000000012 76.925000000000026 79.663333333333341 301.78500000000003 287.24000000000007 32.615000000000002 8.7132583680733404 71.945000000000007 180.44000000000003 1012.8750000000001 6.3450000000000006 4.9050000000000011 1.8529009817445268
decision_type=2 2 2 2 2 2 2 2 2 2 2 2 2 2 2 2 2 2 2 2 2 2 2 2 2 2 2 2 2 2
left_child=1 5 3 4 -3 7 -7 8 12 -10 -11 -9 14 -8 -1 27 17 20 -18 26 21 23 -22 -17 -21 -25 -20 28 29 -16
right_child=-2 2 -4 -5 -6 6 13 11 9 10 -12 -13 -14 -15 15 16 18 -19 19 24 22 -23 -24 25 -26 -27 -28 -29 -30 -31
leaf_value=0.00059149711690347395 0.048384583506871158 0.057136218029039877 -0.047922516226147613 0.073389802649617197 -0.051068525875990214 0.068904159825883424 0.035329266935586932 -0.077481359528998539 0.098564490591260531 0.060650139410669601 -0.028198949613918861 0.0029891329351812604 -0.057643500834703446 -0.044089808537123298 -0.0041583743952214721 0.027458081242823326 -0.051886485935836217 0.095281500803927582 -0.0062298534171921875 -0.0033979473226912779 8.3284173160791408e-05 0.096600799045215055 -0.11255916965504487 -0.095260003990615197 -0.080288159895327782 -0.016939629136838698 0.090634609041652381 0.066655251164646712 -0.058462349090863154 0.081011300619978174
leaf_weight=2386 27 27 24 50 26 38 20 30 22 24 30 32 25 26 25 43 164 24 21 49 20 24 24 23 31 55 21 34 27 26
leaf_count=2386 27 27 24 50 26 38 20 30 22 24 30 32 25 26 25 43 164 24 21 49 20 24 24 23 31 55 21 34 27 26
internal_value=-5.96971e-11 -0.000387536 0.0215295 0.0377125 0.00405465 -0.00124557 0.0259358 -0.00196811 -0.00128807 0.0365533 0.0112895 -0.0359482 -0.00223974 -0.00955978 -0.00177758 -0.011029 -0.0188955 -0.000171556 -0.0328403 -0.00723715 -0.0122926 0.00259626 -0.0613581 -0.0160493 -0.0331929 -0.0400341 0.0422024 0.024019 0.00543399 0.0392615
internal_weight=3398 3371 127 103 53 3244 84 3160 3098 76 54 62 3022 46 2997 611 499 213 286 122 189 145 44 121 80 78 42 112 78 51
internal_count=3398 3371 127 103 53 3244 84 3160 3098 76 54 62 3022 46 2997 611 499 213 286 122 189 145 44 121 80 78 42 112 78 51
is_linear=0
shrinkage=0.05


Tree=131
num_leaves=31
num_cat=0
split_feature=22 5 20 5 28 28 4 21 21 10 5 23 22 28 4 15 18 6 20 16 6 8 18 27 10 10 3 17 3 12
split_gain=25.1246 51.6899 57.6765 48.2652 36.6757 36.4094 58.3478 31.7946 61.3352 31.6066 31.4156 30.8891 76.6014 94.0335 29.094 30.5993 81.2391 47.1455 65.6934 71.6486 49.545 46.2116 56.1579 74.3771 79.7154 51.1566 57.2793 63.3917 65.3547 42.5768
threshold=97.930000000000021 186.63500000000002 90.800000000000011 200.86000000000004 95.283333333333346 92.05625000000002 6.5750000000000011 87.550000000000026 97.960000000000022 197.59500000000003 216.58000000000001 97.605000000000004 88.925000000000011 89.15333333333335 1.5750000000000004 0.78656609248549303 78.820000000000007 30.735000000000003 37.485000000000007 4.219848405890481 29.775000000000002 1014.0350000000001 21.220000000000002 5.9200359444820227 153.35000000000005 192.04000000000005 17.695000000000004 2.1204802792747608 23.435000000000006 3.5000000000000004
decision_type=2 2 2 2 2 2 2 2 2 2 2 2 2 2 2 2 2 2 2 2 2 2 2 2 2 2 2 2 2 2
left_child=4 2 -2 -3 5 11 7 -7 9 -9 -5 14 13 -13 -1 -16 17 20 -19 29 21 25 -23 -24 -25 -17 -27 28 -28 -20
right_child=1 3 -4 10 -6 6 -8 8 -10 -11 -12 12 -14 -15 15 16 -18 18 19 -21 -22 22 23 24 -26 26 27 -29 -30 -31
leaf_value=-0.053439573026620425 0.040789069430055946 0.096462795111749863 -0.065796669361492005 -0.021155765858189814 -0.058964925894030823 0.067801378704607493 0.099378279173238715 -0.075987518965094189 0.04169345015490597 0.0028724875611563522 0.045875734730031009 -0.062489967942237858 -0.10063779657637631 0.077597113617736357 0.0022895846726192584 -0.056301460317277077 -0.080035272637047836 0.085763949764749187 0.01545156155480072 0.078594431446658244 -0.070310341948643329 -0.051106381416320804 -0.021053433478951004 0.014299100621913871 0.14606500753963536 0.061349230087720433 -0.096011559588505949 0.047247651375999511 0.016174975427843276 -0.029926917493064826
leaf_weight=26 22 28 30 29 27 20 22 27 44 24 44 25 27 23 2356 79 39 26 100 27 40 24 33 24 22 26 34 22 21 107
leaf_count=26 22 28 30 29 27 20 22 27 44 24 44 25 27 23 2356 79 39 26 100 27 40 24 33 24 22 26 34 22 21 107
internal_value=2.39546e-11 0.0198002 -0.0207027 0.0406532 -0.000933569 -0.000446669 0.0247747 0.0105027 -0.00156012 -0.0388769 0.0192468 -0.00156817 -0.0332631 0.00463509 -0.000777373 -0.000317904 -0.0101628 -0.00550468 0.010365 0.00198729 -0.0182004 -0.0108867 0.0158766 0.0362259 0.0773176 -0.026033 -0.00281738 -0.024484 -0.0531767 -0.00800495
internal_weight=3398 153 52 101 3245 3218 137 115 95 51 73 3081 75 48 3006 2980 624 585 260 234 325 285 103 79 46 182 103 77 55 207
internal_count=3398 153 52 101 3245 3218 137 115 95 51 73 3081 75 48 3006 2980 624 585 260 234 325 285 103 79 46 182 103 77 55 207
is_linear=0
shrinkage=0.05


Tree=132
num_leaves=31
num_cat=0
split_feature=28 21 21 17 14 17 25 5 19 17 20 23 17 25 11 19 18 5 15 4 2 4 22 22 27 28 16 21 16 16
split_gain=23.4832 58.4046 48.2288 40.4833 37.1893 35.4201 53.0398 74.5382 48.6257 67.974 70.0921 32.7993 56.8072 63.1571 58.2335 57.2235 61.6682 57.4671 37.6395 35.0134 46.7521 43.2323 37.948 49.3695 60.142 61.3534 60.6309 49.986 41.402 32.195
threshold=38.446250000000013 43.715000000000011 46.335000000000008 -7.21840749668588 0.12940952255126045 5.3466084587762674 3.0998521197241788 178.32500000000002 45.725000000000009 6.0379726091296186 58.225000000000001 47.670000000000009 3.1286575354433825 8.3072157228158918 9.5000000000000018 25.175000000000004 29.950000000000006 203.23500000000004 -0.9159756150367534 7.285000000000001 87.14500000000001 6.7950000000000008 34.670000000000009 31.390000000000004 6.0864440874679842 26.993125000000003 -3.4371089721748054 27.860000000000003 2.8933489316055954 3.3968991653357778
decision_type=2 2 2 2 2 2 2 2 2 2 2 2 2 2 2 2 2 2 2 2 2 2 2 2 2 2 2 2 2 2
left_child=1 11 -3 4 -2 29 -7 -8 -9 -10 -11 12 18 15 -15 -14 -17 -18 -1 20 21 22 23 24 25 -20 -26 -25 -24 -5
right_child=3 2 -4 5 -6 6 7 8 9 10 -12 -13 13 14 -16 16 17 -19 19 -21 -22 -23 28 27 26 -27 -28 -29 -30 -31
leaf_value=0.045123869479923952 -0.083765720332471233 -0.09095239104547849 -0.013684371878069057 0.0043896953581146012 0.0035165809826930463 0.076842401019836734 -0.058282553692979203 0.082595742001168204 0.069669424444437023 -0.098473072166088971 0.019490280659759746 -0.048693086609647079 -0.095489770585769101 0.077855128111938635 -0.036156044022313191 0.028805180298430579 -0.11254106484702789 0.00071738099768048249 0.099075050559282937 0.061680297646671538 -0.073110613936469671 -0.05990995734930038 0.048706493552096865 0.0066373159133252648 -0.082192038610577584 -0.0012276740924965952 0.0057213837329482473 -0.09800166809558869 -0.016258522857199698 -0.0099606872801792229
leaf_weight=61 26 36 46 1916 23 38 31 31 30 20 34 37 38 24 21 35 24 21 30 24 21 25 88 21 25 31 91 25 34 491
leaf_count=61 26 36 46 1916 23 38 31 31 30 20 34 37 38 24 21 35 24 21 30 24 21 25 88 21 25 31 91 25 34 491
internal_value=4.28785e-11 -0.00775718 -0.0476069 0.00222725 -0.0427965 0.00307872 0.0242229 0.0105274 0.0290762 0.00932489 -0.0241999 -0.00292334 -0.000273131 -0.0257491 0.0246499 -0.0449691 -0.0209717 -0.0596871 0.00845078 0.00306028 -0.000537876 0.00358112 0.00818192 -0.0040835 0.00790982 0.0481015 -0.0132255 -0.0502317 0.0306015 0.00146238
internal_weight=3398 758 82 2640 49 2591 184 146 115 84 54 676 639 163 45 118 80 45 476 415 391 370 345 223 177 61 116 46 122 2407
internal_count=3398 758 82 2640 49 2591 184 146 115 84 54 676 639 163 45 118 80 45 476 415 391 370 345 223 177 61 116 46 122 2407
is_linear=0
shrinkage=0.05


Tree=133
num_leaves=31
num_cat=0
split_feature=11 27 19 21 22 3 4 9 22 7 24 9 16 4 9 4 8 21 7 6 9 2 19 27 18 25 4 25 23 6
split_gain=23.4521 46.4611 41.5327 45.299 58.4146 62.4442 57.3331 47.972 43.0986 40.4836 54.6775 49.5003 57.7336 101.012 52.7351 52.7263 45.8771 83.2487 59.3982 56.9443 108.664 53.4582 59.9614 49.0425 56.6995 48.2786 47.0311 50.7124 44.0349 57.5808
threshold=6.5000000000000009 3.1641597994210247 90.800000000000011 30.195000000000004 39.335000000000008 27.495000000000001 4.8350000000000009 3.0550000000000002 45.965000000000011 75.325000000000003 25.830000000000009 3.1950000000000007 2.5762712795492191 6.2150000000000007 7.6100000000000003 5.2150000000000007 1010.4950000000001 74.760000000000005 73.875000000000014 27.765000000000004 4.2550000000000008 113.09500000000001 37.280000000000008 8.157243630871065 79.125000000000014 7.6025521944383501 5.8450000000000006 5.4181372429088457 26.130000000000006 32.000000000000007
decision_type=2 2 2 2 2 2 2 2 2 2 2 2 2 2 2 2 2 2 2 2 2 2 2 2 2 2 2 2 2 2
left_child=1 -1 3 4 5 6 -3 -5 -6 10 -9 -11 14 15 28 -14 21 18 19 25 -21 22 -12 24 -19 26 27 -18 -13 -30
right_child=-2 2 -4 7 8 -7 -8 9 -10 11 16 12 13 -15 -16 -17 17 23 -20 20 -22 -23 -24 -25 -26 -27 -28 -29 29 -31
leaf_value=0.047072021913929632 0.0026843098651393969 0.013908251654356718 -0.078141277709177559 0.068990341055652368 -0.1351831591129303 0.04251353509191956 -0.072860283636428574 0.069439587320721335 -0.033768686245788229 -0.092771065272390846 0.018591756946765459 0.066134012288724384 -0.045592235035517001 -0.13815830722451211 -0.063006192765065611 0.039723112710096223 -0.016432902791901776 -0.035076609112773882 0.048306426055729393 -0.1621606742963195 -0.02381428573280573 -0.029257149286568165 0.13374686688184739 0.090032964420539374 0.062623795977345229 0.052960182853381749 0.027879504969826455 -0.10085959307335575 -0.023188487220696122 0.033411670891711341
leaf_weight=39 2397 32 21 23 20 35 47 32 22 20 26 30 55 22 28 27 46 33 25 22 40 20 20 27 27 22 27 29 106 78
leaf_count=39 2397 32 21 23 20 35 47 32 22 20 26 30 55 22 28 27 46 33 25 22 40 20 20 27 27 22 27 29 106 78
internal_value=1.92327e-11 -0.00642786 -0.00859678 -0.00704477 -0.0316537 -0.0130824 -0.0377135 -0.00215435 -0.0820613 -0.00430176 0.00677787 -0.0162895 -0.0118687 -0.0430243 0.00152057 -0.0175006 0.00126914 -0.0070846 -0.0240541 -0.03378 -0.0729049 0.0389876 0.0686592 0.0340713 0.00888857 -0.0142175 -0.0287068 -0.0490779 0.00996332 0.000805058
internal_weight=3398 1001 962 941 156 114 79 785 42 762 396 366 346 104 242 82 364 298 211 186 62 66 46 87 60 124 102 75 214 184
internal_count=3398 1001 962 941 156 114 79 785 42 762 396 366 346 104 242 82 364 298 211 186 62 66 46 87 60 124 102 75 214 184
is_linear=0
shrinkage=0.05


Tree=134
num_leaves=31
num_cat=0
split_feature=12 10 26 8 17 4 5 9 16 20 4 4 4 8 14 3 2 16 20 10 27 29 18 5 5 25 25 14 5 25
split_gain=22.9509 40.0482 35.8495 39.3272 48.0907 50.7946 45.0128 39.9035 42.7701 36.1072 58.2413 86.4996 85.8976 72.7757 67.4213 81.6302 60.3341 65.2943 55.4282 54.2614 87.8594 50.693 45.4735 43.9037 64.3631 66.3191 43.8961 39.6656 38.8159 37.2116
threshold=1.5000000000000002 351.80500000000006 100.24416666666669 1008.1400000000001 5.6422699515849448 5.6150000000000011 190.90000000000001 8.3200000000000021 -2.4165699752956433 39.725000000000001 4.995000000000001 5.0950000000000006 4.5450000000000008 1010.3650000000001 0.60355339059327384 22.790000000000003 95.77000000000001 -2.9537517824439017 35.775000000000013 226.48500000000004 8.7980954495309849 9.3791388880129016 95.815000000000012 180.73500000000004 203.57500000000002 4.7226932916816358 5.1714053508737363 -0.37940952255126059 188.80500000000004 6.1952919908412882
decision_type=2 2 2 2 2 2 2 2 2 2 2 2 2 2 2 2 2 2 2 2 2 2 2 2 2 2 2 2 2 2
left_child=1 2 3 6 7 -6 -1 9 -9 18 12 -12 14 26 15 23 17 -15 -5 20 22 -14 -18 27 29 -26 -13 -11 -21 -25
right_child=-2 -3 -4 4 5 -7 -8 8 -10 10 11 13 21 16 -16 -17 19 -19 -20 28 -22 -23 -24 24 25 -27 -28 -29 -30 -31
leaf_value=0.01922774505801499 -0.0025336830211847954 -0.053345582882563275 0.071496197344227283 0.013081602234807281 0.11650777132738205 0.006535244750834647 -0.079739208050348148 -0.093697019517421723 0.0062789262312909835 -0.072665561961808386 -0.11074260907247663 0.0085386479869484899 0.11974807894478241 -0.12223513561554931 0.057752923798911719 -0.093201787529202801 0.066963587323231488 -0.022580093528645543 0.087235695235431204 -0.081195586747848075 -0.061931281940390673 0.02857481393842928 -0.012056209899485111 0.11278947505937971 0.062027460052853534 -0.047238164594987544 0.10537767016582869 0.015951860436926719 -0.0014773503776539017 0.024665129967033864
leaf_weight=20 2462 27 22 90 21 21 27 20 23 28 20 25 30 22 51 24 67 65 35 26 24 31 25 23 21 41 22 23 37 25
leaf_count=20 2462 27 22 90 21 21 27 20 23 28 20 25 30 22 51 24 67 65 35 26 24 31 25 23 21 41 22 23 37 25
internal_value=-4.49148e-11 0.00666445 0.00844693 0.00688314 0.00937351 0.0615215 -0.0376256 0.00662887 -0.0402215 0.00929718 0.00442663 -0.00993063 0.0205242 -0.00348897 0.00685344 -0.00717831 -0.0136234 -0.0477802 0.0338447 0.00297797 0.0232656 0.0734141 0.0454908 0.00564506 0.0234236 -0.0102288 0.0538676 -0.0327008 -0.0343769 0.0668914
internal_weight=3398 936 909 887 840 42 47 798 43 755 630 333 297 313 236 185 266 87 125 179 116 61 92 161 110 62 47 51 63 48
internal_count=3398 936 909 887 840 42 47 798 43 755 630 333 297 313 236 185 266 87 125 179 116 61 92 161 110 62 47 51 63 48
is_linear=0
shrinkage=0.05


Tree=135
num_leaves=31
num_cat=0
split_feature=6 4 2 7 8 10 29 5 2 19 3 22 16 3 7 9 25 29 23 25 8 12 17 18 10 22 27 27 24 18
split_gain=22.1747 23.1185 57.9171 49.6312 52.3825 56.7542 49.3254 47.8931 58.8798 55.4392 59.365 54.6488 54.4408 51.5334 53.6051 46.2194 72.5944 63.3619 84.0143 82.2981 66.6897 54.154 62.8275 68.1408 60.8621 54.0717 50.9083 65.9694 91.6059 81.2484
threshold=39.50500000000001 4.0650000000000004 166.59000000000003 84.545000000000016 1018.5200000000001 344.97500000000008 11.039004910699308 238.78500000000005 35.650000000000013 34.255000000000003 24.605000000000004 40.745000000000012 -1.5433850104999467 28.285000000000004 79.980000000000004 6.3750000000000009 2.1389261305577638 10.236224631496052 53.670000000000009 7.3148706707111772 1012.2350000000001 2.5000000000000004 4.441667126091958 19.085000000000004 178.19500000000002 37.155000000000008 9.7462282850997166 7.3616696552143397 74.88333333333334 85.605000000000018
decision_type=2 2 2 2 2 2 2 2 2 2 2 2 2 2 2 2 2 2 2 2 2 2 2 2 2 2 2 2 2 2
left_child=1 2 3 4 5 7 15 8 -1 10 -10 -9 -11 14 -14 17 -17 21 19 20 -19 -3 23 -23 -24 -22 27 -25 -29 -30
right_child=-2 6 -4 -5 -6 -7 -8 11 9 12 -12 -13 13 -15 -16 16 -18 18 -20 -21 25 22 24 26 -26 -27 -28 28 29 -31
leaf_value=-0.06742068901658059 0.045132004097104078 0.0021442476259465565 0.049534562690597445 -0.071321093697439539 0.077555446823438012 0.066712039901000081 -0.031675069171802274 0.10256278317259707 0.056763239109300472 0.01209178663153976 -0.01297084051640887 0.0070779736825200019 -0.034149198723383824 0.050806622984616662 0.037520612312223894 0.073989679870299169 0.0067226440836940481 0.020278352122598639 -0.014475282657170489 -0.0077382959177096687 0.036881943954073869 0.054295170193331112 -0.017583494178122945 -0.010141518881099057 -0.12584978359937668 0.13266510047563693 0.028801037276447828 -0.062120137999690378 0.054534538825483703 -0.066205133573914124
leaf_weight=35 27 708 72 22 24 33 140 23 76 202 51 43 260 23 29 45 369 48 124 60 23 36 27 552 25 41 59 161 38 22
leaf_count=35 27 708 72 22 24 33 140 23 76 202 51 43 260 23 29 45 369 48 124 60 23 36 27 552 25 41 59 161 38 22
internal_value=3.12656e-11 -0.000361484 0.00653608 0.0027652 0.00480512 0.00255221 -0.00284717 -0.00030126 -0.00427046 -0.00082232 0.0287598 0.040353 -0.00813152 -0.0212248 -0.0269574 -0.00112095 0.0140343 -0.004382 0.0168976 0.0395152 0.0648296 -0.00825101 -0.0162508 -0.0130527 -0.0696346 0.098243 -0.0159668 -0.0193838 -0.0424685 0.0102633
internal_weight=3398 3371 893 821 799 775 2478 742 676 641 127 66 514 312 289 2338 414 1924 296 172 112 1628 920 868 52 64 832 773 221 60
internal_count=3398 3371 893 821 799 775 2478 742 676 641 127 66 514 312 289 2338 414 1924 296 172 112 1628 920 868 52 64 832 773 221 60
is_linear=0
shrinkage=0.05


Tree=136
num_leaves=31
num_cat=0
split_feature=11 19 21 27 2 16 29 5 9 17 7 29 27 21 7 11 2 17 29 29 27 25 22 12 10 29 17 9 5 26
split_gain=21.6672 41.3946 47.6345 55.0801 50.9758 62.5831 57.3489 44.5653 43.007 39.9958 50.6456 44.4395 53.0014 43.7864 42.5076 39.8218 47.9105 47.3817 56.4317 89.813 65.693 109.584 53.9637 44.3294 47.1879 76.5492 53.1701 57.6246 89.49 51.3091
threshold=6.5000000000000009 88.815000000000012 30.195000000000004 3.0531693840246539 52.270000000000003 -1.9287242468185923 10.456610981325595 201.33500000000004 3.0550000000000002 2.6971419285268499 64.785000000000011 7.8566210742183378 3.9130262931660682 32.650000000000006 75.325000000000003 11.500000000000002 190.02000000000001 3.9645604052402268 10.446004323897339 10.163421026707994 8.7609052356980825 5.2359255444135764 81.000000000000014 5.5000000000000009 48.765000000000008 9.0821469524337086 3.4367347388421599 6.245000000000001 215.97500000000002 27.290000000000003
decision_type=2 2 2 2 2 2 2 2 2 2 2 2 2 2 2 2 2 2 2 2 2 2 2 2 2 2 2 2 2 2
left_child=1 2 4 -4 6 -6 7 -1 -5 11 -11 -10 -13 -14 -12 17 23 18 19 -2 -20 -22 -19 24 25 -17 29 -28 -29 -26
right_child=15 -3 3 8 5 -7 -8 -9 9 10 14 12 13 -15 -16 16 -18 22 20 -21 21 -23 -24 -25 26 -27 27 28 -30 -31
leaf_value=-0.058598401583731176 0.0082490810610338135 -0.064024453411499663 0.078663707566870897 0.065805356398872708 -0.12564639520645143 -0.023785634005540297 0.066615382945608523 0.015677019275931847 -0.040801254921306929 -0.059396624307902095 0.04663371616340381 0.073489705863453089 0.064284356646821847 -0.011528876523853732 0.0002404312173334452 -0.065295573929892631 0.075348849967122086 0.025661217438620196 0.02379522894483966 0.094813273404724896 -0.15269750796613241 -0.0096935752678561863 0.11506456314098268 0.018637357805898688 0.072365452349185941 -0.001346122034304186 -0.040118447565332505 -0.023349969810806216 0.083822213040132612 0.0012022875132259216
leaf_weight=46 471 30 22 23 25 38 21 36 101 21 94 21 20 399 104 82 20 86 37 32 21 37 21 216 26 109 165 64 28 982
leaf_count=46 471 30 22 23 25 38 21 36 101 21 94 21 20 399 104 82 20 86 37 32 21 37 21 216 26 109 165 64 28 982
internal_value=7.63654e-12 -0.00617841 -0.0043912 0.000637754 -0.0287786 -0.0642066 -0.00710904 -0.0259897 -0.00155455 -0.00359307 0.0144349 -0.0108909 -0.00402512 -0.00791011 0.0222655 0.00258014 -0.00157984 0.0125641 0.00708103 0.0137561 -0.028262 -0.0614709 0.0432077 -0.00250004 -0.00563581 -0.0288009 -0.00213816 -0.0224394 0.00926765 0.00303785
internal_weight=3398 1001 971 805 166 63 103 82 783 760 219 541 440 419 198 2397 1692 705 598 503 95 58 107 1672 1456 191 1265 257 92 1008
internal_count=3398 1001 971 805 166 63 103 82 783 760 219 541 440 419 198 2397 1692 705 598 503 95 58 107 1672 1456 191 1265 257 92 1008
is_linear=0
shrinkage=0.05


Tree=137
num_leaves=31
num_cat=0
split_feature=22 16 7 5 8 28 20 6 4 25 16 8 6 19 5 18 18 6 19 27 4 3 16 3 17 29 25 7 10 27
split_gain=20.8022 48.3106 93.465 61.1203 46.7795 35.0391 30.0232 51.7759 44.3933 48.6428 45.2518 70.8756 61.7664 43.7666 38.4522 36.0749 48.3072 31.7447 29.3747 29.0737 27.6475 26.8578 56.6256 58.1363 59 43.7167 40.131 43.6376 38.3236 36.8352
threshold=97.930000000000021 -4.515590966997193 62.925000000000004 187.26000000000002 1014.9550000000002 95.283333333333346 89.420000000000016 27.655000000000005 3.5450000000000004 5.5866149557181517 -4.515590966997193 1010.0350000000001 30.605000000000004 91.640000000000015 181.99000000000004 97.490000000000023 83.405000000000015 35.615000000000002 91.640000000000015 6.6731216276145506 1.5750000000000004 11.185 -3.951694038719276 10.080000000000002 -0.89452287593400204 9.2080153684100186 6.3412663521439558 62.285000000000004 215.50500000000002 3.1641597994210247
decision_type=2 2 2 2 2 2 2 2 2 2 2 2 2 2 2 2 2 2 2 2 2 2 2 2 2 2 2 2 2 2
left_child=5 -2 -3 18 19 6 13 -8 9 -9 -10 -12 -13 20 -15 16 -14 -18 -4 -5 -1 22 25 26 -25 -22 27 -24 -26 -23
right_child=1 2 3 4 -6 -7 7 8 10 -11 11 12 15 14 -16 -17 17 -19 -20 -21 21 29 23 24 28 -27 -28 -29 -30 -31
leaf_value=-0.051393998524657009 -0.054436329510062935 0.12571025513822126 0.0040545492316596213 -0.023161293455847987 0.10109974738387835 -0.057571286846090246 -0.057321350480956226 -0.073278795431057614 0.083943118109847559 0.029651033844460141 0.087478390697276961 0.062008695910947445 0.03832868534539427 0.0078040412203832111 -0.075668630081958871 0.031219570056812185 -0.080393454991281033 -0.010752287370463213 -0.081640730351209653 0.052472875143090882 0.11658279787410389 0.027383547071732729 0.0020627415767221742 -0.010439710607525052 0.033227097634868377 0.015725633577399312 0.021567699981805605 -0.074770544260363322 0.12191810341817994 -0.0032741914452315357
leaf_weight=27 20 21 20 27 21 27 23 24 33 22 33 39 21 22 37 37 36 30 20 24 22 102 33 41 29 21 39 42 21 2484
leaf_count=27 20 21 20 27 21 27 23 24 33 22 33 39 21 22 37 37 36 30 20 24 22 102 33 41 29 21 39 42 21 2484
internal_value=-8.60563e-11 0.0180167 0.0289119 0.0107622 0.0382929 -0.000849477 -0.000373564 0.0147442 0.0207715 -0.0240515 0.0297753 0.0206552 0.00712658 -0.00191641 -0.0445432 -0.0101347 -0.0277222 -0.0487384 -0.0387931 0.0124313 -0.00103735 -0.000557595 0.0151603 0.00421798 0.0340202 0.067327 -0.0195715 -0.0409639 0.0704773 -0.00206495
internal_weight=3398 153 133 112 72 3245 3218 298 275 46 229 196 163 2920 59 124 87 66 40 51 2861 2834 248 205 91 43 114 75 50 2586
internal_count=3398 153 133 112 72 3245 3218 298 275 46 229 196 163 2920 59 124 87 66 40 51 2861 2834 248 205 91 43 114 75 50 2586
is_linear=0
shrinkage=0.05


Tree=138
num_leaves=31
num_cat=0
split_feature=4 4 8 8 5 5 25 5 29 9 18 29 4 4 22 3 24 3 7 12 2 27 15 27 9 7 7 9 9 27
split_gain=20.2679 55.1844 90.5715 80.6844 59.8954 66.5377 60.485 55.3228 42.2647 45.7784 40.0787 39.2964 49.8007 49.0873 51.9733 51.104 55.3396 51.8211 69.9046 50.2221 81.2169 71.7333 77.8738 60.8541 60.7373 67.7242 72.8707 81.2035 93.3591 69.946
threshold=4.0650000000000004 3.6850000000000005 1007.4500000000002 1018.5200000000001 212.77500000000003 206.89500000000001 4.2701292437754672 183.86500000000004 6.3770632769630557 3.0350000000000006 22.935000000000006 11.039004910699308 5.1250000000000009 5.6550000000000011 92.195000000000007 26.465000000000003 27.683333333333341 27.305000000000003 71.105000000000004 1.5000000000000002 176.44000000000003 9.6469609201624174 0.78656609248549303 5.1988519403445741 8.0500000000000025 52.210000000000008 57.655000000000008 3.1350000000000002 3.3150000000000004 9.8482641946581193
decision_type=2 2 2 2 2 2 2 2 2 2 2 2 2 2 2 2 2 2 2 2 2 2 2 2 2 2 2 2 2 2
left_child=1 2 -1 10 5 6 7 -3 -2 -10 -4 13 -13 19 15 -15 -17 -18 -19 21 24 22 23 -11 25 -21 29 -28 -29 -27
right_child=8 4 3 -5 -6 -7 -8 -9 9 11 -12 12 -14 14 -16 16 17 18 -20 20 -22 -23 -24 -25 -26 26 27 28 -30 -31
leaf_value=0.10365872729569675 -0.061304162709663317 0.015264861332252622 -0.063254719341714546 0.087530714921329342 0.060636845561949648 -0.066254028923809535 0.00053965259263271932 0.13286889240611344 0.057816760241985322 -0.015799125087888621 -0.0049057254542946493 0.014527764324931074 -0.048181884795590546 -0.0013526658151943342 0.045225766236916279 0.1011633705833684 0.090149121341251193 0.027203719874659738 -0.059732577439037066 -0.047411451763192412 -0.097492660023272046 -0.055418086290741575 -0.030913095269352198 0.043105481040026795 0.038919495726657809 0.010049941052252856 -0.10580612711297971 0.065976632883151379 -0.017362722995815486 0.11215105749666693
leaf_weight=20 30 20 31 23 85 25 93 20 32 57 581 47 97 786 83 23 21 91 31 131 28 39 68 190 57 104 24 36 505 20
leaf_count=20 30 20 31 23 85 25 93 20 32 57 581 47 97 786 83 23 21 91 31 131 28 39 68 190 57 104 24 36 505 20
internal_value=7.81206e-11 0.0064431 -0.00110648 -0.00440617 0.0267928 0.00858552 0.0226531 0.0740669 -0.00231436 -0.00159789 -0.00786131 -0.00237773 -0.0277142 -0.000787304 0.00727948 0.00397114 0.029179 0.0176011 0.00511335 -0.00741885 -0.0136646 0.00854829 0.0164679 0.0295121 -0.0109882 -0.0144574 -0.0081918 -0.0158095 -0.011817 0.0265179
internal_weight=3398 898 655 635 243 158 133 40 2500 2470 612 2438 144 2294 1035 952 166 143 122 1259 905 354 315 247 877 820 689 565 541 124
internal_count=3398 898 655 635 243 158 133 40 2500 2470 612 2438 144 2294 1035 952 166 143 122 1259 905 354 315 247 877 820 689 565 541 124
is_linear=0
shrinkage=0.05


Tree=139
num_leaves=31
num_cat=0
split_feature=28 28 18 2 21 28 9 21 25 22 4 20 6 12 8 6 17 25 18 16 4 8 8 3 27 9 14 27 7 7
split_gain=19.6771 85.1593 73.5279 69.1816 50.3309 43.7099 59.129 41.0839 40.7311 40.3821 39.4978 37.4605 34.6595 34.1984 41.8635 46.8181 46.6398 65.5781 39.7101 39.5662 57.58 30.7575 30.5566 28.5306 34.5706 54.8119 60.9565 90.7025 92.2874 50.1762
threshold=28.766875000000006 26.450000000000006 35.310000000000009 30.725000000000005 35.055000000000007 26.128541666666671 3.4050000000000007 29.350000000000005 8.9926070928355575 32.615000000000002 6.0750000000000011 25.175000000000004 21.265000000000004 5.5000000000000009 1015.1250000000001 33.315000000000005 -1.7084614846443429 3.8600021563430986 47.500000000000007 -2.9321554905582743 5.1850000000000014 1012.7250000000001 1013.5150000000001 32.755000000000003 5.1212369724475684 3.1150000000000007 1.0000000180025095e-35 3.0531693840246539 62.420000000000009 65.035000000000011
decision_type=2 2 2 2 2 2 2 2 2 2 2 2 2 2 2 2 2 2 2 2 2 2 2 2 2 2 2 2 2 2
left_child=1 4 3 -3 5 6 -1 8 10 11 12 -5 -8 23 15 16 21 -18 -16 -17 -21 -15 -19 24 25 -2 -27 -28 -29 -30
right_child=13 2 -4 9 -6 -7 7 -9 -10 -11 -12 -13 -14 14 18 19 17 22 -20 20 -22 -23 -24 -25 -26 26 27 28 29 -31
leaf_value=0.086567311095339924 -0.068390673889141329 -0.10412226274440235 -0.11899863266944886 -0.037724512544545258 -0.061557638839903207 0.081361466983798897 -0.0017971178821642839 0.060182615679444829 0.041327677061781289 -0.057038340289835579 0.02190428925678134 0.04218359783461148 -0.081121474644169217 0.056524981335840302 0.090318447746562239 -0.019393466114997867 0.034456088234049581 -0.033257679532874715 0.017760927335951814 0.12479946653951297 0.018302905627836784 -0.012666406424651886 -0.10415634331958634 -0.046753575585105206 0.0031561802249298609 -0.018768745683569541 0.10394595822691917 0.044000046439526354 -0.095381651889710206 -0.010137504912413581
leaf_weight=21 38 22 25 22 22 24 21 21 24 27 24 44 40 36 33 20 30 55 44 22 30 29 21 33 2070 376 25 81 21 97
leaf_count=21 38 22 25 22 22 24 21 21 24 27 24 44 40 36 33 20 30 55 44 22 30 29 21 33 2070 376 25 81 21 97
internal_value=6.10213e-12 -0.0114671 -0.0412825 -0.0243877 0.00972144 0.0186822 0.00871998 -0.00385536 -0.0161929 -0.00552577 -0.0324341 0.0155476 -0.0538131 0.00126247 0.01673 0.00654982 -0.00769122 -0.0281394 0.048857 0.0403723 0.0633591 0.025655 -0.0528481 -0.000543294 1.98298e-05 -0.0101561 -0.00646791 0.0141799 0.00290277 -0.0253081
internal_weight=3398 337 140 115 197 175 151 130 109 93 85 66 61 3061 320 243 171 106 77 72 52 65 76 2741 2708 638 600 224 199 118
internal_count=3398 337 140 115 197 175 151 130 109 93 85 66 61 3061 320 243 171 106 77 72 52 65 76 2741 2708 638 600 224 199 118
is_linear=0
shrinkage=0.05


Tree=140
num_leaves=31
num_cat=0
split_feature=2 20 20 5 17 27 29 4 10 6 19 19 8 21 27 28 8 11 10 27 18 9 4 4 21 19 12 4 3 28
split_gain=19.6357 31.7712 30.4869 41.685 51.4995 49.3973 59.433 34.6974 31.4992 24.5567 43.4113 49.0701 49.6607 43.2321 38.716 36.7773 47.79 51.4942 39.6497 36.6134 43.3235 34.4179 28.4024 28.9322 72.1673 59.9598 62.1374 54.2947 56.5319 49.24
threshold=195.74500000000003 105.25500000000001 95.280000000000015 180.08000000000001 -2.9994855216909753 7.0452211844961647 8.8995770434131618 4.6150000000000011 153.35000000000005 38.555000000000007 90.390000000000015 95.280000000000015 1013.5550000000001 84.245000000000019 6.3742578650009456 87.995416666666671 1014.4350000000001 6.5000000000000009 101.52000000000002 5.9416701222628054 79.855000000000018 4.5250000000000012 1.5750000000000004 4.0650000000000004 82.435000000000016 85.920000000000016 4.5000000000000009 4.1450000000000005 19.285000000000004 81.411666666666676
decision_type=2 2 2 2 2 2 2 2 2 2 2 2 2 2 2 2 2 2 2 2 2 2 2 2 2 2 2 2 2 2
left_child=1 2 9 8 -5 6 -6 -7 -4 10 15 12 -12 -13 -15 22 17 19 -18 -17 -21 -11 -1 24 29 27 -27 28 -25 -24
right_child=-2 -3 3 4 5 7 -8 -9 -10 21 11 13 -14 14 -16 16 18 -19 -20 20 -22 -23 23 25 -26 26 -28 -29 -30 -31
leaf_value=-0.053525922791315961 0.046042006689569231 -0.050698845232686689 0.031746288612484928 -0.028559085612113663 0.070873328529705765 0.04542835926016172 -0.024759810542066895 0.13528118357062341 -0.047775387583356921 0.067239895799467639 -0.017859138961395491 0.062814701366282644 -0.094555505479757607 0.02034659133933019 -0.055746213506375042 0.021285177754430937 0.11685660744085909 0.055247477395460015 0.029051930280790356 -0.00046703347470611334 -0.10453857116401195 -0.0092366883148705323 0.0006933993914848359 -0.11192046510784522 0.064399730743697065 -0.12396561844008309 -0.00082142844796180732 -0.0015594437408467698 0.00019037821753458545 0.078518081066154308
leaf_weight=26 23 31 20 26 32 21 33 22 33 31 46 21 39 32 35 29 20 32 36 20 20 28 632 23 52 21 20 1951 22 21
leaf_count=26 23 31 20 26 32 21 33 22 33 31 46 21 39 32 35 29 20 32 36 20 20 28 632 23 52 21 20 1951 22 21
internal_value=1.64722e-11 -0.000313768 0.000153319 0.0197693 0.0346158 0.0498246 0.0223211 0.0913996 -0.0177672 -0.0010086 -0.00161716 -0.0259544 -0.0530492 0.000216843 -0.0194034 -0.000177731 0.0233636 0.00282255 0.0604107 -0.0214905 -0.0525028 0.0309459 -0.00151299 -0.00101979 0.00771049 -0.00404132 -0.0638953 -0.00281185 -0.0571107 0.00319618
internal_weight=3398 3375 3344 187 134 108 65 43 53 3157 3098 173 85 88 67 2925 157 101 56 69 40 59 2768 2742 705 2037 41 1996 45 653
internal_count=3398 3375 3344 187 134 108 65 43 53 3157 3098 173 85 88 67 2925 157 101 56 69 40 59 2768 2742 705 2037 41 1996 45 653
is_linear=0
shrinkage=0.05


Tree=141
num_leaves=31
num_cat=0
split_feature=11 18 7 7 11 27 14 27 9 16 4 5 9 10 5 6 3 16 3 11 4 25 7 7 10 9 6 21 4 2
split_gain=18.812 37.523 44.0571 61.8204 50.5599 64.1385 62.8127 71.3069 81.9658 67.683 90.3316 57.9604 62.7517 57.7896 64.2389 56.3912 54.1813 53.1012 80.6094 78.2415 67.6715 52.9526 52.3903 51.4809 90.0271 58.6559 58.141 53.3948 49.8934 77.4681
threshold=6.5000000000000009 25.620000000000001 82.475000000000009 83.710000000000022 12.500000000000002 4.9283656851203057 -0.78656609248549303 5.7620240699877732 3.2250000000000005 -2.7795517529507152 6.745000000000001 170.68000000000004 3.8150000000000004 245.13500000000002 162.26500000000001 29.095000000000002 14.705000000000002 -0.062374770894993013 15.375000000000002 21.500000000000004 6.1150000000000011 6.1272837679760244 77.13000000000001 56.335000000000008 327.34000000000009 7.5550000000000006 18.825000000000003 86.270000000000024 6.1350000000000007 74.065000000000012
decision_type=2 2 2 2 2 2 2 2 2 2 2 2 2 2 2 2 2 2 2 2 2 2 2 2 2 2 2 2 2 2
left_child=-1 -2 4 -4 5 -3 9 11 15 10 28 12 -8 -11 -15 -9 -16 18 -10 -20 22 -18 -19 24 27 26 -25 -7 29 -6
right_child=1 2 3 -5 6 23 7 8 17 13 -12 -13 -14 14 16 -17 21 20 19 -21 -22 -23 -24 25 -26 -27 -28 -29 -30 -31
leaf_value=-0.0057569552473463381 0.033368889191386072 0.051729139710617503 0.09956764396693972 0.0006169273370974942 -0.029178526576142762 -0.0027557767581846259 -0.0066015511006116872 0.121314990564826 -0.068816031306361158 -0.021267587278111309 -0.060165355429053304 -0.023595483210964469 -0.1155350332840895 0.099539914429187776 -0.01047884740510726 0.0079892802497614993 0.10354223102331161 0.038125580533018309 -0.030556339025497439 0.054406627713469796 -0.052208271992599802 -0.0038506869396025484 -0.038845385335109853 -0.02967013184200315 -0.074301839287259752 -0.05465418581258167 0.041079358849206465 0.061546586991088205 0.10836022728277993 0.051253062107858544
leaf_weight=1001 94 82 27 38 40 416 20 21 75 255 25 254 39 20 138 23 24 122 84 40 36 22 27 34 42 22 199 35 24 119
leaf_count=1001 94 82 27 38 40 416 20 21 75 255 25 254 39 20 138 23 24 122 84 40 36 22 27 34 42 22 199 35 24 119
internal_value=1.44316e-10 0.00240414 0.00114027 0.0417195 -3.83076e-05 0.00974995 -0.00580837 -0.0158279 -0.00256379 0.00532274 0.0289831 -0.0339653 -0.0786084 -0.00539917 0.0144364 0.0620766 0.00518596 -0.0099705 -0.0278978 -0.00314893 0.0093135 0.0521804 0.0241778 0.00514795 -0.0042859 0.0233867 0.0307554 0.00223443 0.0411619 0.0310187
internal_weight=3398 2397 2303 65 2238 830 1408 741 428 667 208 313 59 459 204 44 184 384 199 124 185 46 149 748 493 255 233 451 183 159
internal_count=3398 2397 2303 65 2238 830 1408 741 428 667 208 313 59 459 204 44 184 384 199 124 185 46 149 748 493 255 233 451 183 159
is_linear=0
shrinkage=0.05


Tree=142
num_leaves=31
num_cat=0
split_feature=8 17 27 8 26 9 8 29 22 22 4 8 17 9 27 27 4 5 14 16 22 20 10 20 25 24 16 16 9 22
split_gain=18.2946 72.4379 63.5985 51.2984 47.3442 42.2826 38.4683 39.2508 26.3343 55.9186 94.5281 45.7553 63.2798 40.8533 37.0375 86.1647 56.2499 84.812 63.8011 68.1386 63.6363 63.296 55.7087 53.6205 52.4105 52.0164 49.9175 44.9865 42.9597 51.6698
threshold=1018.5200000000001 0.40701960137271426 6.6731216276145506 1017.6300000000001 80.794166666666683 5.0450000000000008 1018.0750000000002 9.1241046545350653 45.305000000000007 49.115000000000009 4.2650000000000006 1013.3950000000001 -1.8887336344038494 3.0450000000000004 10.67837448285457 10.074260298253259 4.8350000000000009 226.32500000000002 -0.37940952255126059 -3.5849331707308791 41.875000000000007 57.280000000000008 258.87000000000006 53.595000000000006 9.6883953932716071 22.046666666666678 -4.515590966997193 -3.1836380697063738 6.6350000000000007 41.215000000000011
decision_type=2 2 2 2 2 2 2 2 2 2 2 2 2 2 2 2 2 2 2 2 2 2 2 2 2 2 2 2 2 2
left_child=3 5 -3 8 6 -2 7 -5 14 10 -10 -12 -13 -11 15 16 17 18 19 -1 22 23 -21 28 -16 -20 -27 -19 29 -18
right_child=1 2 -4 4 -6 -7 -8 -9 9 13 11 12 -14 -15 24 -17 21 27 25 20 -22 -23 -24 -25 -26 26 -28 -29 -30 -31
leaf_value=0.052122104702436403 0.088846900312867225 -0.066444242226355005 0.046550788655877112 -0.11723417085595429 0.030882220051210857 0.0060979462586916409 -0.0096736197536056116 -0.033513979241251948 -0.02156702084184596 0.055415785060647663 0.028503137060603048 0.013857596516609193 0.12424612717854011 4.4603291951303227e-05 -0.0031812736110990512 -0.080506162268993195 -0.011083735700485507 -0.010166005197573793 -0.041578926010107674 -0.048903387751091612 -0.11876329948956317 -0.07566346844658256 0.028743738774210215 0.065911692025309263 0.075996988119952605 -0.050857971094193911 0.030176118778530509 0.072239726884533825 0.015473868677732894 -0.050582771992014955
leaf_weight=23 38 33 20 28 23 26 37 28 66 34 92 20 37 1646 57 39 366 22 37 77 22 40 33 22 33 21 200 67 104 107
leaf_count=23 38 33 20 28 23 26 37 28 66 34 92 20 37 1646 57 39 366 22 37 77 22 40 33 22 33 21 200 67 104 107
internal_value=-6.61971e-11 0.0194281 -0.0238046 -0.000692802 -0.0333498 0.0552301 -0.0492352 -0.0753741 0.000504106 0.00423782 0.0282471 0.0503124 0.0855133 0.00116521 -0.00506707 -0.00742521 -0.00492726 0.007598 -0.00194241 -0.0272968 -0.0411349 -0.0147671 -0.0256092 -0.0107006 0.0258508 0.0132899 0.022476 0.0518698 -0.0136217 -0.020019
internal_weight=3398 117 53 3281 116 64 93 56 3165 1895 215 149 57 1680 1270 1180 1141 502 413 155 132 639 110 599 90 258 221 89 577 473
internal_count=3398 117 53 3281 116 64 93 56 3165 1895 215 149 57 1680 1270 1180 1141 502 413 155 132 639 110 599 90 258 221 89 577 473
is_linear=0
shrinkage=0.05


Tree=143
num_leaves=31
num_cat=0
split_feature=6 21 20 21 23 29 28 24 8 18 25 24 5 9 2 20 3 3 9 3 25 29 27 9 27 4 9 9 27 15
split_gain=18.1298 17.789 49.4815 42.204 38.5451 25.5799 24.2042 19.7139 72.1237 32.2683 35.0745 50.6298 27.6391 66.3883 34.1756 25.1676 24.8694 61.0955 48.6137 39.2732 88.7223 56.9816 110.486 76.5673 38.6306 42.7905 40.223 48.3454 46.8533 112.55
threshold=39.50500000000001 99.160000000000011 103.21500000000002 105.35000000000001 83.435000000000016 9.134486822162506 95.556041666666673 97.991666666666688 1013.7250000000001 94.515000000000015 8.9926070928355575 95.053333333333356 142.07000000000002 3.8450000000000002 79.63000000000001 101.72000000000001 11.185 10.955000000000002 3.2550000000000003 13.445000000000002 7.9964808394188571 9.5416991249017453 5.5447363654731907 3.7650000000000001 3.0531693840246539 4.4750000000000005 10.535000000000002 9.0750000000000011 4.6448404464611075 0.91597561503675351
decision_type=2 2 2 2 2 2 2 2 2 2 2 2 2 2 2 2 2 2 2 2 2 2 2 2 2 2 2 2 2 2
left_child=1 6 3 4 -3 -6 7 9 15 12 11 -11 13 -1 -15 -9 17 18 -14 20 21 22 23 -18 25 -21 27 28 29 -26
right_child=-2 2 -4 -5 5 -7 -8 8 -10 10 -12 -13 16 14 -16 -17 19 -19 -20 24 -22 -23 -24 -25 26 -27 -28 -29 -30 -31
leaf_value=0.031883590896096492 0.040808611252793558 -0.0058509365062822003 -0.052088248445874168 -0.022044957870686499 0.046481404644954538 0.11591914423874446 -0.052155568256326348 0.018952875611958683 0.085045001779993384 -0.086936655030340745 0.023254691161539245 -0.001576484477845952 -0.058256834909319877 -0.019053802461851212 -0.10481300212156315 -0.053090713816610249 0.019361677989363672 0.094793376885354524 0.01540894859275499 -0.0078343813097284699 -0.075891278772191581 0.025539019866329102 0.034009600834637554 -0.094880392632701191 -0.0072514342984422711 0.069611715791480885 -0.048700008195425783 0.045747513992005384 0.0023391036213027566 -0.099242749457296581
leaf_weight=27 27 22 21 27 36 21 23 27 30 38 23 32 25 21 26 22 20 22 215 31 55 90 46 55 266 42 42 58 1970 38
leaf_count=27 27 22 21 27 36 21 23 27 30 38 23 32 25 21 26 22 20 22 215 31 55 90 46 55 266 42 42 58 1970 38
internal_value=4.53079e-11 -0.000326856 0.0180303 0.0319217 0.050366 0.0720637 -0.00104552 -0.000680565 0.0239884 -0.00130082 -0.0303138 -0.0479149 -0.000415874 -0.0306001 -0.0664951 -0.0133932 0.000334928 0.0150456 0.00773543 -0.00108572 -0.0193318 -0.00458879 -0.0269979 -0.0644158 0.000897716 0.0367236 -0.000203924 0.000669504 -0.000480243 -0.0187503
internal_weight=3398 3371 127 106 79 57 3244 3221 79 3142 93 70 3049 74 47 49 2975 262 240 2713 266 211 121 75 2447 73 2374 2332 2274 304
internal_count=3398 3371 127 106 79 57 3244 3221 79 3142 93 70 3049 74 47 49 2975 262 240 2713 266 211 121 75 2447 73 2374 2332 2274 304
is_linear=0
shrinkage=0.05


Tree=144
num_leaves=31
num_cat=0
split_feature=12 25 25 5 7 9 3 3 14 27 25 4 28 17 4 11 16 17 25 10 17 25 25 8 29 29 3 20 6 25
split_gain=17.2958 38.321 58.5952 60.647 47.4547 59.2294 46.1522 79.3368 51.0061 47.3345 44.1913 50.0408 40.663 44.5595 38.8987 66.6153 57.8263 51.5252 45.0589 47.0646 43.3147 47.3142 42.2297 40.4162 43.1123 38.8014 38.2767 71.9657 55.1278 35.9338
threshold=1.5000000000000002 8.675015830209043 6.5101408012869335 226.32500000000002 73.875000000000014 4.4750000000000005 15.815000000000003 18.655000000000005 -0.5 4.6978349618809512 2.5486205233808534 4.0250000000000012 88.317708333333343 0.16083148704736575 6.1550000000000011 2.5000000000000004 -0.99461741669481085 1.3237425959343769 5.0765144696903866 100.21500000000002 3.2825907001471788 4.3588585800625061 5.753352317417364 1010.8250000000002 7.5228724620850498 9.9108168622635429 12.685 89.645000000000024 28.615000000000006 9.5904098528785724
decision_type=2 2 2 2 2 2 2 2 2 2 2 2 2 2 2 2 2 2 2 2 2 2 2 2 2 2 2 2 2 2
left_child=1 2 6 4 5 -4 8 9 10 -8 -1 -12 13 -13 15 16 -9 -16 20 -20 21 23 -21 -17 -25 -7 -3 28 29 -28
right_child=-2 26 3 -5 -6 25 7 14 -10 -11 11 12 -14 -15 17 18 -18 -19 19 22 -22 -23 -24 24 -26 -27 27 -29 -30 -31
leaf_value=0.07179065704759624 -0.0021994902415648008 -0.075027796812355524 0.032348350331187249 0.089835256643784361 0.071307058004396309 0.0032193250954151154 -0.11343713772037756 -0.1022312802573045 0.094945734332908288 -0.026766574472188949 0.055665756820235404 -0.072486152628285658 0.047081131599843506 0.0036436408990994096 0.0052187033082273879 -0.043191215682488224 0.0045477192034013569 -0.080626509762529677 0.047756728933503231 -0.092946496158838279 0.094281160371998962 0.085878642259810414 0.0054285012185573585 0.087223546871576796 -0.00031345157812421144 -0.089845271319860517 -0.04530168777474991 0.066358531970116832 -0.076335555016994475 0.029491944311718855
leaf_weight=27 2462 24 75 39 35 24 23 21 22 50 32 37 20 40 44 26 32 29 24 20 30 26 24 22 39 21 26 27 35 42
leaf_count=27 2462 24 75 39 35 24 23 21 22 50 32 37 20 40 44 26 32 29 24 20 30 26 24 22 39 21 26 27 35 42
internal_value=2.77249e-11 0.00578541 0.010275 0.0341029 0.0200799 0.00513866 0.00241343 -0.00681644 0.0236733 -0.0540737 0.013622 0.00144717 -0.0164394 -0.0329382 0.0034203 0.012353 -0.0377609 -0.0288842 0.0249408 -0.00856595 0.0408741 0.0266953 -0.0392874 0.0090083 0.0312573 -0.0402108 -0.0170124 -0.00630189 -0.0253488 0.000894379
internal_weight=3398 936 782 194 155 120 588 410 178 73 156 129 97 77 337 264 53 73 211 68 143 113 44 87 61 45 154 130 103 68
internal_count=3398 936 782 194 155 120 588 410 178 73 156 129 97 77 337 264 53 73 211 68 143 113 44 87 61 45 154 130 103 68
is_linear=0
shrinkage=0.05


Tree=145
num_leaves=31
num_cat=0
split_feature=12 9 10 16 25 11 27 4 9 12 3 29 3 10 16 23 29 27 16 18 26 15 17 22 29 29 16 16 21 4
split_gain=16.9446 39.7235 69.8811 44.4602 36.0344 41.5721 54.3813 43.13 33.834 31.9385 38.7117 62.7191 48.5196 35.459 71.6627 57.237 57.053 63.1323 68.0715 55.3702 77.1295 55.4167 46.7109 46.5684 57.5555 87.3045 76.0208 58.5306 85.2582 101.129
threshold=5.5000000000000009 3.3250000000000006 126.795 4.6420929247817044 9.9792922780674793 6.5000000000000009 6.1891621466653008 4.4450000000000012 6.495000000000001 2.5000000000000004 30.785000000000004 10.446004323897339 29.825000000000003 184.83500000000004 -1.093134237900147 86.825000000000003 10.190413319166176 8.5346425325819322 3.0085788217873981 26.575000000000003 33.330833333333338 0.25881904510252057 0.40701960137271426 34.670000000000009 8.1986511774443862 8.5145576415349549 -3.1486263223383593 -2.4835565675744609 46.125000000000007 4.0250000000000012
decision_type=2 2 2 2 2 2 2 2 2 2 2 2 2 2 2 2 2 2 2 2 2 2 2 2 2 2 2 2 2 2
left_child=9 2 -2 4 5 6 7 -3 -5 -1 12 -12 13 14 23 -16 19 18 -18 21 -21 -15 -20 -11 26 -26 -25 28 -27 -30
right_child=1 3 -4 8 -6 -7 -8 -9 -10 10 11 -13 -14 16 15 -17 17 -19 22 20 -22 -23 -24 24 25 27 -28 -29 29 -31
leaf_value=0.0039568111620287205 0.12055167598383768 0.050460719786908317 0.0057822418631985791 0.098422114327549937 0.060641355759331161 0.0046650290474837186 -0.077224272680247119 -0.040545976419234651 0.011920579866721081 -0.029891956467928804 -0.0066910936113666088 -0.11827776402235031 0.055029589840860087 0.10638305560685696 -0.063927293590550285 0.026644110954588369 0.10907412450760604 -0.010235304934057323 0.067484370856122536 -0.064400359854723019 -0.0038144199123553123 0.0084476163252615016 -0.036769489890762737 0.0074083901169369861 0.087746160404126652 0.028343074262580453 -0.074708657372085485 0.038119565383639448 0.050261669440401925 -0.058342262884028828
leaf_weight=1440 21 23 36 20 21 227 42 30 26 162 34 20 33 20 103 21 37 55 22 60 422 52 21 63 34 85 51 86 27 104
leaf_count=1440 21 23 36 20 21 227 42 30 26 162 34 20 33 20 103 21 37 55 22 60 422 52 21 63 34 85 51 86 27 104
internal_value=-1.15823e-10 0.00908375 0.0480657 0.00337174 -0.00281858 -0.00695727 -0.0347284 -0.0010525 0.0495299 -0.00137241 -0.00644786 -0.0480195 -0.00490817 -0.0062962 -0.0139275 -0.0485886 0.00185563 0.0310022 0.059353 -0.00524688 -0.0113562 0.0356519 0.0165697 -0.00690462 0.00137082 0.0117866 -0.0293282 0.00323481 -0.0106545 -0.0359582
internal_weight=3398 446 57 389 343 322 95 53 46 2952 1512 54 1458 1425 736 124 689 135 80 554 482 72 43 612 450 336 114 302 216 131
internal_count=3398 446 57 389 343 322 95 53 46 2952 1512 54 1458 1425 736 124 689 135 80 554 482 72 43 612 450 336 114 302 216 131
is_linear=0
shrinkage=0.05


Tree=146
num_leaves=31
num_cat=0
split_feature=11 19 21 22 21 22 25 27 27 3 3 4 3 22 18 5 18 24 9 3 9 8 18 28 2 23 16 2 18 7
split_gain=16.7042 34.847 39.2024 49.7117 43.9255 78.7034 62.9233 42.4259 64.3405 55.8804 39.0917 42.8225 38.5165 49.8483 71.2189 66.174 61.0601 43.4732 36.7856 47.1572 39.689 48.2072 70.5614 47.0644 47.4719 45.4902 45.4472 37.7682 33.342 40.9496
threshold=6.5000000000000009 88.815000000000012 30.195000000000004 39.335000000000008 32.650000000000006 35.740000000000002 5.6402748097300401 4.0908711430165132 4.541157339914534 26.545000000000005 28.285000000000004 4.8350000000000009 30.235000000000003 41.215000000000011 30.195000000000004 200.57000000000002 26.735000000000003 52.078333333333326 3.4550000000000005 21.855000000000004 7.6850000000000014 1012.5150000000001 74.760000000000005 80.603958333333352 75.50500000000001 36.445000000000007 1.5758599326531788 126.14500000000001 25.620000000000001 82.475000000000009
decision_type=2 2 2 2 2 2 2 2 2 2 2 2 2 2 2 2 2 2 2 2 2 2 2 2 2 2 2 2 2 2
left_child=1 2 3 10 6 -6 -4 9 -9 -7 11 -1 13 15 16 -10 -15 -14 19 -16 21 22 25 24 -23 -20 -27 -21 -2 -30
right_child=28 -3 4 -5 5 7 -8 8 12 -11 -12 -13 17 14 18 -17 -18 -19 20 27 -22 23 -24 -25 -26 26 -28 -29 29 -31
leaf_value=0.014689266428542444 0.03145414404119018 -0.058499179184436804 -0.0021102759297247286 -0.07218573180048965 -0.07130863730174801 0.090202627827723827 0.11490098544396461 -0.062188676194775673 0.096965813586393779 -0.00056504750481018654 0.04101782576020422 -0.053805333958430727 0.0043487671607484422 -0.0043417024984955793 0.028401456843130293 -0.015682338711551645 -0.097005481179803621 -0.092957966342907067 0.00060401402413845073 -0.077604809423556201 -0.031953341103135018 0.03733868686289623 -0.01481075090252691 0.035388361313061355 -0.037992555607110262 0.11886301572586216 0.039444014628327667 0.0063482662041982017 -6.217545292303574e-05 0.040196101356011177
leaf_weight=39 94 30 27 43 39 30 20 42 32 39 29 55 24 40 32 22 32 22 20 37 39 29 36 73 75 43 31 21 2238 65
leaf_count=39 94 30 27 43 39 30 20 42 32 39 29 55 24 40 32 22 32 22 20 37 39 29 36 73 75 43 31 21 2238 65
internal_value=-6.62843e-11 -0.00542486 -0.00378508 -0.0259089 0.000777105 -0.00213123 0.0476818 0.00162109 -0.00233612 0.0388992 -0.00973085 -0.0253874 0.00179843 0.00539885 0.000543812 0.0510721 -0.0455256 -0.0421892 0.00815161 -0.0203246 0.0155587 0.0215945 0.0447136 0.0046143 -0.0169867 0.0675102 0.0855929 -0.047208 0.00226545 0.00107408
internal_weight=3398 1001 971 166 805 758 47 719 650 69 123 94 608 562 508 54 72 46 436 90 346 307 130 177 104 94 74 58 2397 2303
internal_count=3398 1001 971 166 805 758 47 719 650 69 123 94 608 562 508 54 72 46 436 90 346 307 130 177 104 94 74 58 2397 2303
is_linear=0
shrinkage=0.05


Tree=147
num_leaves=31
num_cat=0
split_feature=2 20 20 5 17 27 29 4 23 19 19 24 17 4 2 5 19 19 5 9 24 27 20 7 8 8 18 8 17 14
split_gain=16.4932 26.8084 23.5638 36.1988 44.3711 42.6454 53.0475 31.4994 27.9559 21.5268 57.9995 50.2434 40.6634 39.9545 51.1 40.3878 31.1952 43.5579 29.279 78.5773 54.4466 29.0735 23.414 46.5651 27.8118 69.798 40.669 39.6142 37.7824 34.5379
threshold=195.74500000000003 105.25500000000001 95.280000000000015 180.08000000000001 -2.9994855216909753 7.0452211844961647 8.8995770434131618 4.6150000000000011 93.915000000000006 86.825000000000003 87.345000000000013 86.355000000000018 1.7741571054753249 6.1550000000000011 163.87500000000003 166.35500000000005 98.455000000000013 90.800000000000011 142.07000000000002 3.8450000000000002 45.248333333333342 6.0743050174788333 82.870000000000019 58.155000000000008 1017.6300000000001 1018.0750000000002 30.195000000000004 1017.3650000000001 0.55639114331494377 0.37940952255126054
decision_type=2 2 2 2 2 2 2 2 2 2 2 2 2 2 2 2 2 2 2 2 2 2 2 2 2 2 2 2 2 2
left_child=1 2 9 8 -5 6 -6 -7 -4 11 -11 18 -13 15 -15 -12 17 21 19 -1 -21 -17 24 -24 27 29 -27 -20 -28 -26
right_child=-2 -3 3 4 5 7 -8 -9 -10 10 13 12 -14 14 -16 16 -18 -19 22 20 -22 -23 23 -25 25 26 28 -29 -30 -31
leaf_value=0.034443346186782478 0.042197238297566129 -0.046570522410254327 0.015442802005543791 -0.027417775859626445 0.065654214346432135 0.040166884297061535 -0.024695554353070984 0.12577884786084972 -0.057509667969619239 -0.090061174138732589 0.037525712991399424 0.090044358326122176 0.0023117671050131325 0.066528822191887424 -0.023532886670104097 -0.040234470533000104 0.02016336058491263 -0.058699550509283493 -9.0706934520827241e-05 -0.016800573290813536 -0.12935659831220456 0.031283180788159372 -0.027331142449894777 0.036255362777632069 -0.096618722847529828 0.061012384894749395 0.013144767612723983 0.056796897977830912 -0.048902796741042823 -0.014252242892980577
leaf_weight=27 23 31 29 26 32 21 33 22 24 23 28 28 25 36 28 27 29 88 2386 21 22 30 39 110 35 23 59 31 42 20
leaf_count=27 23 31 29 26 32 21 33 22 24 23 28 28 25 36 28 27 29 88 2386 21 22 30 39 110 35 23 59 31 42 20
internal_value=-2.65342e-11 -0.000287566 0.000141492 0.017387 0.0312221 0.0453391 0.0197843 0.0839684 -0.0175923 -0.000880018 -0.0138866 0.000430617 0.0486611 -0.00730008 0.0271268 -0.0182076 -0.0271762 -0.0366441 -0.000477451 -0.0324098 -0.0743874 -0.0025936 0.000336853 0.0196119 -0.000769459 -0.0197865 0.00100733 0.000638923 -0.0126572 -0.0666673
internal_weight=3398 3375 3344 187 134 108 65 43 53 3157 289 2868 53 266 64 202 174 145 2815 70 43 57 2745 149 2596 179 124 2417 101 55
internal_count=3398 3375 3344 187 134 108 65 43 53 3157 289 2868 53 266 64 202 174 145 2815 70 43 57 2745 149 2596 179 124 2417 101 55
is_linear=0
shrinkage=0.05


Tree=148
num_leaves=31
num_cat=0
split_feature=8 17 27 8 26 15 19 20 23 2 8 4 18 23 18 29 19 3 9 4 5 19 12 24 7 9 25 7 21 18
split_gain=16.1964 62.6072 53.9891 41.218 38.89 36.0642 30.5547 42.2114 41.9889 23.5297 22.4838 44.0744 47.1878 58.5913 60.7351 59.6043 65.7622 79.6628 88.644 55.9778 52.5668 51.6686 60.3599 48.4632 45.4539 52.7626 43.8274 43.2486 42.9495 44.092
threshold=1018.5200000000001 0.40701960137271426 6.6731216276145506 1017.6300000000001 80.794166666666683 0.1294095225512602 34.695000000000007 41.910000000000004 51.815000000000005 17.315000000000001 1014.5750000000002 2.1850000000000005 90.175000000000026 70.115000000000009 54.360000000000007 10.752206391220463 44.530000000000008 27.305000000000003 3.4150000000000005 4.5050000000000008 217.91000000000003 45.965000000000011 2.5000000000000004 92.060000000000016 54.715000000000011 5.5950000000000006 6.7296978120038338 69.985000000000014 33.690000000000005 38.100000000000009
decision_type=2 2 2 2 2 2 2 2 2 2 2 2 2 2 2 2 2 2 2 2 2 2 2 2 2 2 2 2 2 2
left_child=3 5 -3 9 6 -2 -5 -8 -9 -1 -11 -12 13 14 15 16 17 18 -13 -15 23 -18 -23 -14 -20 28 -17 -27 -26 -30
right_child=1 2 -4 4 -6 -7 7 8 -10 10 11 12 20 19 -16 26 21 -19 24 -21 -22 22 -24 -25 25 27 -28 -29 29 -31
leaf_value=-0.04789443051815033 0.083626786488536248 -0.061198588120609979 0.042910560630261899 -0.00065610464662313461 0.028290392114254444 0.0076265221254693139 -0.11946381696245888 0.018673327453434471 -0.08038541402505793 -0.0016494996952473415 -0.065183454193174839 0.072380846546542255 -0.097121969375897343 0.085510482522047834 -0.026971699116435256 -0.079000585940149096 0.1255250936653465 0.070898476663250026 -0.077755195647478112 0.020495933502418351 0.041281888168305164 0.0030511333304865844 0.079150442248889397 -0.012388707006143199 -0.076382974942680454 0.086714606258002203 0.013861891355675957 -0.010340380210739871 0.033990652292199872 -0.047141109463391888
leaf_weight=25 37 33 20 28 23 27 22 20 23 2349 20 31 27 50 106 27 20 41 28 98 24 57 48 45 32 22 24 24 34 33
leaf_count=25 37 33 20 28 23 27 22 20 23 2349 20 31 27 50 106 27 20 41 28 98 24 57 48 45 32 22 24 24 34 33
internal_value=1.48597e-10 0.01828 -0.0219121 -0.000651864 -0.0299249 0.0515642 -0.0443223 -0.0631323 -0.0343116 0.00042102 0.000805697 0.0080968 0.00999771 0.0146626 0.00685603 0.0153732 0.022358 0.00730131 -0.00548047 0.0424603 -0.0228023 0.0518691 0.0378394 -0.0441637 -0.0194325 -0.00817019 -0.0353006 0.0360772 -0.0287296 -0.00596977
internal_weight=3398 117 53 3281 116 64 93 65 43 3165 3140 791 771 675 527 421 370 245 204 148 96 125 105 72 173 145 51 46 99 67
internal_count=3398 117 53 3281 116 64 93 65 43 3165 3140 791 771 675 527 421 370 245 204 148 96 125 105 72 173 145 51 46 99 67
is_linear=0
shrinkage=0.05


Tree=149
num_leaves=31
num_cat=0
split_feature=6 16 4 4 8 8 5 5 25 5 28 22 29 4 16 4 3 16 22 17 2 9 3 23 5 29 8 24 29 16
split_gain=16.1245 15.9862 17.6988 44.7256 77.2685 63.4969 53.6581 71.6989 50.7947 47.6528 39.7348 40.9711 33.7596 37.8509 42.6224 50.4194 42.5782 53.6841 44.6259 41.8324 56.0657 53.2844 44.9217 41.3055 84.9056 63.8194 67.273 56.2229 70.4174 64.7482
threshold=39.50500000000001 8.3129236711266348 4.0650000000000004 3.6850000000000005 1007.4500000000002 1018.5200000000001 212.77500000000003 206.89500000000001 4.2701292437754672 183.86500000000004 81.735208333333347 37.475000000000001 11.039004910699308 5.1950000000000012 -6.2990561574621244 6.1950000000000012 11.185 -1.9287242468185923 20.680000000000003 -3.7038192417862432 190.02000000000001 4.245000000000001 10.080000000000002 28.935000000000006 227.23000000000005 9.1811848843091894 1013.9250000000001 35.513333333333343 8.61889125678257 -2.9321554905582743
decision_type=2 2 2 2 2 2 2 2 2 2 2 2 2 2 2 2 2 2 2 2 2 2 2 2 2 2 2 2 2 2
left_child=1 2 3 4 -1 -6 7 8 9 -5 11 -8 13 16 15 -15 17 -4 -18 21 22 -16 -21 24 25 -24 -27 28 -25 -29
right_child=-2 -3 12 6 5 -7 10 -9 -10 -11 -12 -13 -14 14 19 -17 18 -19 -20 20 -22 -23 23 27 -26 26 -28 29 -30 -31
leaf_value=0.095279596373438843 0.0384856840595603 0.031517865986396103 0.072794800220221723 0.013216285854578021 -0.0076025531026434352 0.078877587684176187 0.093870069530038611 -0.07493451866118804 0.0004096975690254601 0.12236391965299845 0.11773931302130224 0.0083348692040003478 -0.026986441503630599 0.099140498965978624 -0.096443397626280791 0.0029970856507619222 -0.073909673017674482 -0.013162474319314919 -0.010724834812632859 -0.039686260026480472 0.086434234235258339 -0.010599861652194028 -0.035534186087454026 -0.0093118354347017079 -0.095233747106173938 -0.0058176267327684347 0.10705884749239142 -0.020853416908633068 0.068527442062409918 0.012695791258443518
leaf_weight=20 27 39 34 20 603 22 21 23 93 20 20 42 137 25 20 30 29 39 768 56 21 188 59 45 29 33 22 185 82 646
leaf_count=20 27 39 34 20 603 22 21 23 93 20 20 42 137 25 20 30 29 39 768 56 21 188 59 45 29 33 22 185 82 646
internal_value=-3.38633e-11 -0.000308251 -0.000680765 0.00538336 -0.0014627 -0.00455845 0.0238591 0.00657828 0.0206745 0.0677901 0.0563388 0.0368466 -0.00287059 -0.00144096 0.00353109 0.0466986 -0.00967628 0.0268724 -0.0130239 0.0018181 0.00546819 -0.018854 0.00399862 0.00622056 -0.018846 0.00058593 0.039333 0.00996223 0.0409466 0.00522695
internal_weight=3398 3371 3332 884 645 625 239 156 133 40 83 63 2448 2311 1441 55 870 73 797 1386 1178 208 1157 1101 143 114 55 958 127 831
internal_count=3398 3371 3332 884 645 625 239 156 133 40 83 63 2448 2311 1441 55 870 73 797 1386 1178 208 1157 1101 143 114 55 958 127 831
is_linear=0
shrinkage=0.05


Tree=150
num_leaves=31
num_cat=0
split_feature=22 22 3 20 5 28 21 28 4 28 21 21 10 23 16 4 17 22 17 12 3 3 6 29 25 4 7 11 15 7
split_gain=16.3758 33.4365 41.1139 50.9792 42.0667 31.0144 28.9277 23.4404 45.6595 29.8741 25.3834 47.2971 28.1465 25.3403 18.987 34.418 36.7007 56.1965 31.0317 46.4116 93.2242 82.248 73.8409 47.906 43.3703 47.5564 38.5829 30.5339 28.7281 67.1506
threshold=106.74000000000001 97.930000000000021 14.435 85.715000000000018 194.55000000000004 95.283333333333346 93.890000000000015 92.05625000000002 6.6050000000000013 91.63770833333335 87.550000000000026 97.960000000000022 197.59500000000003 95.345000000000013 3.3522125427722016 7.4250000000000007 -4.4766255393326828 38.855000000000011 -0.40111308655048195 3.5000000000000004 13.230000000000002 25.445000000000004 27.115000000000006 8.6567995677118166 2.1389261305577638 3.9050000000000007 66.450000000000003 12.500000000000002 0.78656609248549303 82.340000000000018
decision_type=2 2 2 2 2 2 2 2 2 2 2 2 2 2 2 2 2 2 2 2 2 2 2 2 2 2 2 2 2 2
left_child=1 5 4 -4 -3 7 -5 9 10 14 -9 12 -12 -13 28 16 17 -16 19 20 -18 23 -21 -22 -20 27 -24 -26 29 -1
right_child=-2 2 3 6 -6 -7 -8 8 -10 -11 11 13 -14 -15 15 -17 18 -19 24 22 21 -23 26 -25 25 -27 -28 -29 -30 -31
leaf_value=0.0029670131223137101 -0.042998134886676614 -0.06835198365151883 -0.0055048509867805422 0.041101192520000045 0.03297063000500202 -0.054084420590489006 0.11288377933204174 0.058926746100187305 0.087806507235481626 -0.056738269949952763 -0.070979093636075657 0.067929287433624266 0.0034392537859578931 -0.0075794715806841856 0.018879306443374266 -0.05593590748580432 -0.10208098416527112 -0.083101084434560379 0.048539744683408312 -0.016983704319731754 -0.020341468900442125 -0.053594714979971619 0.13095163867165824 0.071763649382046421 0.049359629723506104 -0.026905210867295234 0.043730700749438259 -0.019810590699866969 -0.0094450919592839258 0.085448699712753304
leaf_weight=1904 22 20 33 32 21 27 25 20 21 24 27 25 24 20 22 36 21 35 28 33 20 31 21 48 39 238 32 27 497 25
leaf_count=1904 22 20 33 32 21 27 25 20 21 24 27 25 24 20 22 36 21 35 28 33 20 31 21 48 39 238 32 27 497 25
internal_value=-2.14484e-11 0.000280201 0.0250459 0.0439519 -0.016455 -0.000719586 0.0725848 -0.000271839 0.0199651 -0.0011717 0.00768348 -0.00299219 -0.0359587 0.0343698 -0.000735453 -0.00846193 -0.00558956 -0.0437402 -0.00154757 0.0136971 -0.00639426 0.0139029 0.0417314 0.0446739 -0.0110066 -0.0164911 0.0782899 0.0210627 0.0012742 0.00403598
internal_weight=3398 3376 131 90 41 3245 57 3218 137 3081 116 96 51 45 3057 631 595 57 538 206 120 99 86 68 332 304 53 66 2426 1929
internal_count=3398 3376 131 90 41 3245 57 3218 137 3081 116 96 51 45 3057 631 595 57 538 206 120 99 86 68 332 304 53 66 2426 1929
is_linear=0
shrinkage=0.05


Tree=151
num_leaves=31
num_cat=0
split_feature=23 26 26 19 20 29 20 2 6 19 19 24 7 10 3 23 15 28 11 6 5 22 27 23 28 5 9 18 20 8
split_gain=15.4837 49.781 38.9998 33.1992 31.3589 31.1007 30.1374 36.9082 31.9446 26.8876 57.929 53.5743 53.8737 64.1423 42.6294 39.6944 35.7275 34.0146 38.091 32.9907 31.2056 44.7937 26.5846 25.9025 40.7414 24.7914 74.0286 43.3226 22.026 19.8702
threshold=101.85500000000002 94.02833333333335 99.697500000000005 104.06500000000001 103.21500000000002 9.4163307002319581 95.280000000000015 178.89000000000001 34.305000000000007 86.825000000000003 87.345000000000013 81.940000000000012 51.895000000000003 115.87000000000002 22.210000000000004 77.705000000000013 0.1294095225512602 90.760625000000005 8.5000000000000018 29.575000000000003 207.78500000000003 96.325000000000017 5.8077246568561653 84.360000000000014 85.88666666666667 142.07000000000002 3.8450000000000002 44.315000000000005 86.865000000000023 1017.6300000000001
decision_type=2 2 2 2 2 2 2 2 2 2 2 2 2 2 2 2 2 2 2 2 2 2 2 2 2 2 2 2 2 2
left_child=2 5 4 -4 6 -2 9 8 -8 11 -11 25 -13 14 -14 -15 -17 18 -12 -20 21 -19 -10 28 -25 26 -1 -28 -21 -27
right_child=1 -3 3 -5 -6 -7 7 -9 22 10 17 12 13 15 -16 16 -18 20 19 23 -22 -23 -24 24 -26 29 27 -29 -30 -31
leaf_value=0.032925487992664176 0.055605905857824149 -0.071379630291654214 0.078982132313580353 -0.0047549564763903623 -0.054829114131056345 -0.024291245485174248 -0.025501773562282327 0.067279326851065788 -0.0018333530265160583 -0.090007010102272036 -0.078113780513405798 -0.03535830915488046 0.11683648809352343 0.074042629078030595 0.024840850979089737 0.025461986605280446 -0.044673667831035956 0.10191078625619412 0.033456266543362291 0.032681729520360629 -0.018024208983115388 -0.00040291657914286075 0.076816534836377418 -0.10455074170604349 -0.01677656737753214 0.00094298340349185993 -0.022190086431801322 -0.12626045852899553 -0.036547583639621732 -0.01627306138061815
leaf_weight=27 21 31 29 20 26 29 40 36 22 24 25 29 34 22 20 46 30 20 32 27 32 23 21 20 39 2433 20 20 20 180
leaf_count=27 21 31 29 20 26 29 40 36 22 24 25 29 34 22 20 46 30 20 32 27 32 23 21 20 39 2433 20 20 20 180
internal_value=-3.71652e-11 -0.0215986 0.000527432 0.0448037 -0.000136442 0.00926556 0.000302179 0.0249983 0.00665955 -0.000638852 -0.0159698 0.0007651 0.0270931 0.0390081 0.082764 0.0148977 -0.00222314 -0.00850385 -0.0213257 -0.011038 0.0193623 0.0471849 0.0365771 -0.0244702 -0.0465305 -0.00101302 -0.0310451 -0.0742253 0.00322245 -0.000242967
internal_weight=3398 81 3317 49 3268 50 3242 119 83 3123 262 2861 181 152 54 98 76 238 163 138 75 43 43 106 59 2680 67 40 47 2613
internal_count=3398 81 3317 49 3268 50 3242 119 83 3123 262 2861 181 152 54 98 76 238 163 138 75 43 43 106 59 2680 67 40 47 2613
is_linear=0
shrinkage=0.05


Tree=152
num_leaves=31
num_cat=0
split_feature=12 25 25 5 20 5 28 5 17 17 14 10 29 3 4 6 7 9 6 20 9 8 5 5 20 6 2 25 5 4
split_gain=15.5804 33.6727 50.5894 53.7504 43.4072 40.8596 37.7278 43.7041 60.1473 52.8768 59.2185 68.4524 55.3223 91.9534 54.7916 70.3336 56.0029 43.2447 40.6327 39.2246 37.6016 54.8559 40.1655 37.5673 48.0756 76.344 37.1242 36.5004 30.8044 30.1787
threshold=1.5000000000000002 8.675015830209043 6.5101408012869335 226.32500000000002 99.475000000000009 217.19000000000003 90.106250000000017 212.53500000000003 2.4724011116296043 1.7741571054753249 0.91597561503675362 66.655000000000015 9.8062184591002879 27.010000000000002 4.9150000000000009 28.975000000000005 63.845000000000006 5.3850000000000007 28.565000000000001 47.910000000000004 4.1550000000000011 1013.8950000000001 188.48500000000004 228.81500000000003 89.645000000000024 28.755000000000006 103.09500000000001 9.8242159481193578 269.72500000000008 5.7150000000000007
decision_type=2 2 2 2 2 2 2 2 2 2 2 2 2 2 2 2 2 2 2 2 2 2 2 2 2 2 2 2 2 2
left_child=1 2 4 5 6 20 7 9 -9 10 11 18 13 19 16 -16 -13 -8 -1 -11 26 22 -22 24 25 27 -4 -3 29 -2
right_child=28 23 3 -5 -6 -7 17 8 -10 12 -12 14 -14 -15 15 -17 -18 -19 -20 -21 21 -23 -24 -25 -26 -27 -28 -29 -30 -31
leaf_value=0.022258011624217033 -0.00538326956957176 -0.054505291237280921 0.0079397755460097249 0.084307739439492047 -0.05519022402023116 -0.046209337930416781 0.010877766858579385 -0.040616713683246763 0.026866567161607936 0.078557664811212041 0.092468220644213006 0.11911205396056175 -0.074109629839658742 -0.082501284778118134 -0.039851710381798258 0.056381532212568301 0.021671100974018719 0.10116220751688594 -0.064948971525711177 0.0017856784823645907 -0.076483960660255479 0.064243938490424465 0.020400035828351978 0.037679810546062613 0.029285498888328161 -0.10066481623295193 0.083962240407154679 0.023704869773771082 -0.059681224061743081 0.0065136237810706826
leaf_weight=22 1652 26 26 39 31 21 36 111 47 28 29 30 30 23 39 37 29 21 34 41 23 23 20 27 29 37 42 35 23 787
leaf_count=22 1652 26 26 39 31 21 36 111 47 28 29 30 30 23 39 37 29 21 34 41 23 23 20 27 29 37 42 35 23 787
internal_value=7.84528e-11 0.00549103 0.00969954 0.0318399 0.00239474 0.0186383 0.00559964 0.00120599 -0.0205426 0.0112536 0.0258942 0.015786 -0.0151475 0.00407932 0.0350646 0.00699868 0.0712173 0.0441405 -0.0306891 0.0329395 0.028801 0.00191637 -0.0314216 -0.0158794 -0.027266 -0.0440007 0.0548948 -0.00963061 -0.00208757 -0.00154446
internal_weight=3398 936 782 194 588 155 557 500 158 342 220 191 122 92 135 76 59 57 56 69 134 66 43 154 127 98 68 61 2462 2439
internal_count=3398 936 782 194 588 155 557 500 158 342 220 191 122 92 135 76 59 57 56 69 134 66 43 154 127 98 68 61 2462 2439
is_linear=0
shrinkage=0.05


Tree=153
num_leaves=31
num_cat=0
split_feature=22 22 3 21 23 5 28 12 22 2 28 27 22 22 29 22 21 21 26 6 10 7 7 28 19 4 17 8 25 25
split_gain=15.1362 29.0503 36.8574 43.7447 46.8464 36.5351 27.6796 19.6139 43.8789 74.7962 58.4431 43.333 39.8127 38.4019 75.4011 33.3091 32.764 70.6384 42.8654 50.1968 83.0809 34.665 68.1766 44.1127 51.683 37.0339 49.8229 48.5474 42.9987 64.198
threshold=106.74000000000001 97.930000000000021 14.435 90.570000000000007 90.590000000000018 194.55000000000004 95.283333333333346 2.5000000000000004 88.060000000000016 128.22500000000005 89.695416666666702 8.9170244459097283 86.220000000000013 83.955000000000013 8.3250403283764722 25.295000000000005 63.960000000000001 66.245000000000019 52.098333333333336 29.685000000000006 186.12000000000003 51.760000000000012 53.245000000000012 77.190833333333345 87.165000000000006 4.9750000000000005 1.8659969360639674 1011.5250000000001 4.4738516406299507 6.1684708840305396
decision_type=2 2 2 2 2 2 2 2 2 2 2 2 2 2 2 2 2 2 2 2 2 2 2 2 2 2 2 2 2 2
left_child=1 6 5 4 -4 -3 7 15 10 -10 12 -11 13 16 -15 -1 18 -18 -9 20 -20 23 -23 -19 -25 26 27 -24 -27 -30
right_child=-2 2 3 -5 -6 -7 -8 8 9 11 -12 -13 -14 14 -16 -17 17 21 19 -21 -22 22 25 24 -26 28 -28 -29 29 -31
leaf_value=0.059473223170196571 -0.041338694095611576 -0.06430496874265372 -0.047084216205846699 0.079362342143204159 0.051706823095446455 0.030121216643601657 -0.051076785281852444 -0.0032431420417294225 0.046420094080269342 -0.034307266672163515 0.081521943477647643 -0.11601594430394471 0.054727504315475628 -0.11905799192332088 -0.0020584705233341084 0.0033492767183942946 0.10270702488720418 0.030331295026609528 -0.079199507749373357 -0.10120996865540899 0.037898474751096783 0.1034915389865637 0.11617434566671199 -0.092414548061788088 0.007207869066168434 -0.045842863046205967 -0.014197639765084855 0.026179568984724108 0.063348124846816067 -0.02694099607722213
leaf_weight=27 22 20 21 41 28 21 27 1234 25 86 21 20 30 21 40 1267 20 26 28 24 33 20 22 30 23 52 42 47 35 45
leaf_count=27 22 20 21 41 28 21 27 1234 25 86 21 20 30 21 40 1267 20 26 28 24 33 20 22 30 23 52 42 47 35 45
internal_value=7.3354e-11 0.000269387 0.0233536 0.0412542 0.00936781 -0.0159403 -0.000662519 -0.000239528 -0.00344081 -0.0313759 -0.00139982 -0.049724 -0.00238252 -0.00336605 -0.042337 0.00452033 -0.00195187 0.0113727 -0.0056088 -0.0399527 -0.0158514 0.0060315 0.014756 -0.0230132 -0.0491822 0.00745261 0.0287385 0.0548736 -0.0104469 0.0125605
internal_weight=3398 3376 131 90 49 41 3245 3218 1924 131 1793 106 1772 1742 61 1294 1681 362 1319 85 61 342 263 79 53 243 111 69 132 80
internal_count=3398 3376 131 90 49 41 3245 3218 1924 131 1793 106 1772 1742 61 1294 1681 362 1319 85 61 342 263 79 53 243 111 69 132 80
is_linear=0
shrinkage=0.05


Tree=154
num_leaves=31
num_cat=0
split_feature=12 21 4 25 27 18 27 8 27 24 26 8 19 17 8 29 9 12 10 16 26 27 27 17 5 9 6 6 2 29
split_gain=15.0135 33.6639 36.9533 53.978 33.41 31.0179 30.8795 34.96 51.3728 38.6323 57.6828 53.4857 47.9843 36.9063 30.7517 29.6926 38.4879 26.2702 32.7334 70.0195 39.3952 43.4134 47.8547 45.2782 36.3706 77.4891 51.6932 60.6876 42.6063 58.9709
threshold=5.5000000000000009 19.085000000000004 4.6150000000000011 5.306163007265984 6.51161060943494 37.865000000000002 9.134300261692049 1011.3450000000001 4.8658697395546353 34.814999999999991 40.422500000000007 1013.4750000000001 29.045000000000005 -1.6074794401597596 1015.0950000000001 7.7853523561406073 4.8250000000000011 2.5000000000000004 184.83500000000004 -1.093134237900147 82.870833333333351 7.407575963627469 5.62993102101301 3.0129531957157147 186.13500000000002 3.5950000000000002 29.685000000000006 31.625000000000004 80.560000000000016 8.8877168615624829
decision_type=2 2 2 2 2 2 2 2 2 2 2 2 2 2 2 2 2 2 2 2 2 2 2 2 2 2 2 2 2 2
left_child=17 -2 3 4 15 -5 7 8 -4 12 -11 -12 -9 -10 -13 -3 -17 -1 19 24 21 22 -21 -24 25 -19 28 -28 -26 -30
right_child=1 2 6 5 -6 -7 -8 9 13 10 11 14 -14 -15 -16 16 -18 18 -20 20 -22 -23 23 -25 26 -27 27 -29 29 -31
leaf_value=0.0035413993536853091 -0.050359798903050638 0.021704705096781254 -0.098564742353152157 0.034686046291608368 0.0055794664695858961 -0.030999610700258397 0.053808706067502501 0.00053085647695870312 0.045579480687156324 -0.083699610261690052 0.05686004316434265 -0.056580541062479221 0.10130487623668852 -0.043350267636456663 0.016277741647458502 0.13079949544164643 0.040639038309454922 0.031713297903537753 0.0017395943741616026 -0.086653296113014228 0.015844788097522475 -0.094135687119783248 0.050467180325226346 -0.052175496589569818 0.0042184420539365134 -0.03928992121946067 0.074346032648728314 0.0060678476935252549 -0.098857500151331934 -0.01334226547429959
leaf_weight=1440 23 20 22 32 25 41 24 27 20 21 35 30 21 28 28 29 20 50 728 25 22 47 22 21 162 166 44 125 28 72
leaf_count=1440 23 20 22 32 25 41 24 27 20 21 35 30 21 28 28 29 20 50 728 25 22 47 22 21 162 166 44 125 28 72
internal_value=8.03849e-11 0.00855048 0.0117536 0.030051 0.0551016 -0.0022059 -0.000182529 -0.00576783 -0.0352949 0.00699078 -0.00885289 0.00804798 0.0446195 -0.00629621 -0.0214076 0.0730444 0.0939993 -0.00129184 -0.00589493 -0.0129841 -0.0454564 -0.0571836 -0.0316432 0.000339361 -0.00610822 -0.022854 0.00228409 0.0238444 -0.0116232 -0.0372865
internal_weight=3398 446 423 167 94 73 256 232 70 162 114 93 48 48 58 69 49 2952 1512 784 137 115 68 43 647 216 431 169 262 100
internal_count=3398 446 423 167 94 73 256 232 70 162 114 93 48 48 58 69 49 2952 1512 784 137 115 68 43 647 216 431 169 262 100
is_linear=0
shrinkage=0.05


Tree=155
num_leaves=31
num_cat=0
split_feature=6 8 17 27 8 3 20 9 9 8 2 7 7 8 8 27 4 25 22 17 29 5 8 27 29 4 6 23 17 3
split_gain=14.9564 15.3453 54.5737 48.7817 35.1483 35.9088 35.785 35.0411 33.3883 22.0155 19.8428 22.2818 27.0992 20.2622 60.3892 37.8356 62.5417 75.6557 55.3853 45.2279 55.1864 48.0787 69.3295 71.4487 51.1013 71.1158 43.5535 40.2781 37.0305 38.6881
threshold=39.50500000000001 1018.5200000000001 0.40701960137271426 6.6731216276145506 1017.6300000000001 25.605000000000004 41.910000000000004 5.0450000000000008 4.0150000000000006 1017.3650000000001 17.315000000000001 87.750000000000014 85.965000000000018 1011.1950000000002 1011.2750000000001 4.6448404464611075 4.6150000000000011 3.7129546644553231 56.760000000000012 -2.1772643897326627 8.7844609287483326 213.72000000000003 1007.9300000000002 5.7174229218574988 8.0100605380624561 4.8550000000000013 28.695000000000004 52.445000000000007 0.99004359261952402 21.465000000000003
decision_type=2 2 2 2 2 2 2 2 2 2 2 2 2 2 2 2 2 2 2 2 2 2 2 2 2 2 2 2 2 2
left_child=1 4 7 -4 9 6 -6 -3 -8 10 -1 12 13 15 -15 16 18 27 -12 20 -17 24 -23 -24 25 -21 -25 -18 -26 -30
right_child=-2 2 3 -5 5 -7 8 -9 -10 -11 11 -13 -14 14 -16 19 17 -19 -20 21 -22 22 23 26 28 -27 -28 -29 29 -31
leaf_value=-0.044772549152374275 0.037065456507520543 0.080287866166012523 -0.057161506897572316 0.041799559891223914 -0.084859867303660422 0.022166353339950245 -0.064415607763373336 0.004544972341794234 0.015093893774094119 0.037882892512655086 0.062843543056930823 0.045175212290551929 -0.046957334563616782 -0.074297076694924261 -0.0016458407894047603 -0.0039185686868856134 -0.047018516292938822 -0.10155319963182724 -0.027444633864092106 0.11461505972676807 0.044778533644109435 -0.10775989521294833 0.068322920307517063 -0.049315181528883326 0.027263486885124505 0.0078914932579406214 0.015089434536085243 0.044905107349834661 -0.033482201343609228 0.014149139355580657
leaf_weight=25 27 37 33 20 33 27 23 26 31 38 35 27 31 29 2090 89 26 35 33 27 168 20 25 70 101 37 42 22 90 81
leaf_count=25 27 37 33 20 33 27 23 26 31 38 35 27 31 29 2090 89 26 35 33 27 168 20 25 70 101 37 42 22 90 81
internal_value=-6.5493e-11 -0.000296876 0.0175731 -0.0198177 -0.000933717 -0.0282064 -0.0438394 0.0490289 -0.0187713 5.61232e-05 -0.000407111 -4.67684e-05 -0.000446963 3.04614e-05 -0.00264012 0.00631123 -0.0165237 -0.0456498 0.0190272 0.0109087 0.0279146 0.00204352 -0.0207989 -0.00810389 0.0127169 0.0529155 -0.0251635 -0.00488686 0.00325844 -0.01092
internal_weight=3398 3371 116 53 3255 114 87 63 54 3141 3103 3078 3051 3020 2119 901 151 83 68 750 257 493 157 137 336 64 112 48 272 171
internal_count=3398 3371 116 53 3255 114 87 63 54 3141 3103 3078 3051 3020 2119 901 151 83 68 750 257 493 157 137 336 64 112 48 272 171
is_linear=0
shrinkage=0.05


Tree=156
num_leaves=31
num_cat=0
split_feature=16 16 21 26 20 21 18 29 2 25 29 8 4 8 23 5 2 19 5 5 2 29 15 21 21 22 9 6 21 7
split_gain=14.1855 18.6942 38.3742 43.7104 77.4948 43.9362 48.2486 58.1543 62.6367 37.6491 35.8281 33.8213 59.9025 45.2992 53.8171 64.5324 46.36 36.9065 34.4939 51.8677 62.55 56.0659 50.4711 32.2496 48.4551 40.8197 37.1583 28.2396 26.3974 25.7054
threshold=8.3129236711266348 3.3522125427722016 95.345000000000013 86.346666666666678 97.035000000000011 72.390000000000015 51.105000000000011 9.1470731575498103 124.39000000000001 5.0467773821242607 8.641970819725314 1013.0750000000002 6.7750000000000012 1012.0150000000001 31.875000000000004 180.44000000000003 83.825000000000003 40.610000000000007 183.52000000000001 230.85500000000005 66.395000000000024 8.7844609287483326 -0.12940952255126037 103.38500000000002 99.745000000000019 83.250000000000014 4.9350000000000014 39.50500000000001 96.405000000000015 49.850000000000009
decision_type=2 2 2 2 2 2 2 2 2 2 2 2 2 2 2 2 2 2 2 2 2 2 2 2 2 2 2 2 2 2
left_child=1 23 3 5 -5 6 11 8 -8 -4 -7 13 18 14 -3 -16 -17 -15 22 20 -20 -22 -13 24 27 -26 -25 28 29 -1
right_child=-2 2 9 4 -6 10 7 -9 -10 -11 -12 12 -14 17 15 16 -18 -19 19 -21 21 -23 -24 26 25 -27 -28 -29 -30 -31
leaf_value=0.016602476182229379 0.029981534947187471 -0.056325826613288936 0.088111567683517938 -0.10528367655652185 0.017418447678739374 -0.0045968306944408318 -0.10181089726587136 -0.0053399503981095874 7.2029063647443596e-05 -0.0089052584767341618 0.058951388585514256 0.11821140272631532 -0.067033399529755108 -0.019891080657641096 -0.04910569087100717 0.015913290138098789 0.10527213273924732 -0.10407605498381284 0.044315001426730311 0.080886134002357724 0.0038783897161483762 -0.10694176211420979 0.0098425467879596079 -0.08479519842759424 -0.0068388829752802846 0.083686576727213288 0.0083913040906190874 0.056390808263550633 -0.03071833738125861 -0.00014527461584471746
leaf_weight=255 39 33 20 31 22 47 48 70 22 20 42 21 20 30 26 47 21 23 32 20 25 21 22 23 20 33 20 23 65 2257
leaf_count=255 39 33 20 31 22 47 48 70 22 20 42 21 20 30 26 47 21 23 32 20 25 21 22 23 20 33 20 23 65 2257
internal_value=-3.77545e-11 -0.000348104 -0.00786989 -0.0109179 -0.0543507 -0.00687943 -0.0128507 -0.0375652 -0.0697905 0.0396032 0.0253922 -0.00270396 0.0139459 -0.0175963 -0.0013926 0.0178925 0.0435094 -0.0564242 0.0254323 0.00905087 -0.00936843 -0.0467134 0.0627669 0.00150165 0.00219786 0.049526 -0.0414526 0.00123309 0.000740805 0.00155484
internal_weight=3398 3359 663 623 53 570 481 140 70 40 89 341 161 180 127 94 68 53 141 98 78 46 43 2696 2653 53 43 2600 2577 2512
internal_count=3398 3359 663 623 53 570 481 140 70 40 89 341 161 180 127 94 68 53 141 98 78 46 43 2696 2653 53 43 2600 2577 2512
is_linear=0
shrinkage=0.05


Tree=157
num_leaves=31
num_cat=0
split_feature=11 29 18 24 3 17 4 4 21 4 29 21 10 21 10 8 28 8 23 10 9 10 4 10 9 6 4 23 8 4
split_gain=13.5508 31.4721 43.9812 59.492 39.3055 37.0412 66.4002 39.1528 36.7948 56.2365 53.0164 34.7645 61.975 50.2451 76.8424 59.7156 63.4103 57.3598 54.3207 43.0056 67.6932 57.3414 57.7241 39.8326 52.9241 40.7562 42.7866 49.1584 41.3009 37.2282
threshold=6.5000000000000009 10.355471958728485 24.010000000000002 27.683333333333341 16.905000000000005 4.9334932011835173 4.6950000000000012 5.8750000000000009 46.125000000000007 4.0650000000000004 10.67023395115881 30.845000000000002 128.51500000000001 38.900000000000006 253.04500000000004 1015.3750000000001 39.972708333333344 1015.9050000000001 26.900000000000002 51.545000000000009 3.9550000000000005 107.56500000000001 5.1650000000000009 152.28500000000003 3.6550000000000007 27.115000000000006 3.7150000000000003 46.535000000000004 1013.0550000000001 5.1450000000000005
decision_type=2 2 2 2 2 2 2 2 2 2 2 2 2 2 2 2 2 2 2 2 2 2 2 2 2 2 2 2 2 2
left_child=1 4 -3 -4 -1 11 -7 -8 -5 -10 -11 12 -6 14 15 16 -13 18 -15 20 -20 22 -21 -23 29 -26 -27 -28 -29 -25
right_child=-2 2 3 8 5 6 7 -9 9 10 -12 13 -14 17 -16 -17 -18 -19 19 21 -22 23 -24 24 25 26 27 28 -30 -31
leaf_value=0.044671210657918098 0.0020404420329823559 -0.035487868855981264 0.10544507538988478 -0.030547713070656315 -0.099907468379505218 -0.034752228829477518 0.11510770007967951 0.016172368370462209 0.10006493763490157 0.064978462203659798 -0.035850560327526183 0.033449300059412677 -0.017319467885091026 -0.08639399564126507 -0.039549731490153235 -0.028972713910043243 0.13867381601171061 0.023416775563045555 0.070471541569713733 -0.034720140229910615 -0.026057689486160163 0.023328305384144189 -0.14066410481929778 -0.096483247691916463 0.040676562930457294 0.040894543592418946 -0.10749792709946633 0.019792747231466429 -0.05701958467917783 -0.022202043547745673
leaf_weight=33 2397 34 21 33 31 28 20 20 22 22 32 41 85 32 38 20 22 76 32 36 42 50 20 37 32 21 20 35 35 31
leaf_count=33 2397 34 21 33 31 28 20 20 22 22 32 41 85 32 38 20 22 76 32 36 42 50 20 37 32 21 20 35 35 31
internal_value=1.09988e-10 -0.00488605 0.0151428 0.0283847 -0.00881047 -0.0110056 0.024302 0.06564 0.0135382 0.0326807 0.00522793 -0.0142677 -0.0393904 -0.00956736 0.019338 0.0462987 0.0701944 -0.0165765 -0.023762 -0.0186361 0.0156847 -0.0266479 -0.0725573 -0.0167977 -0.0263062 -0.0090382 -0.0233704 -0.0383655 -0.0186134 -0.0626198
internal_weight=3398 1001 164 130 837 804 68 40 109 76 54 736 116 620 121 83 63 499 423 391 74 317 56 261 211 143 111 90 70 68
internal_count=3398 1001 164 130 837 804 68 40 109 76 54 736 116 620 121 83 63 499 423 391 74 317 56 261 211 143 111 90 70 68
is_linear=0
shrinkage=0.05


Tree=158
num_leaves=31
num_cat=0
split_feature=23 26 26 29 20 20 2 22 6 23 19 19 24 16 7 17 19 28 11 5 22 7 6 23 21 18 6 8 16 6
split_gain=13.4483 44.3413 33.9005 25.5774 24.9254 27.104 49.1971 51.9103 40.4862 27.0874 23.3502 50.1335 45.8309 46.651 44.1672 69.0044 38.9226 34.327 33.2932 32.8398 35.1803 31.1243 29.3987 21.6919 35.2524 20.9569 83.8628 46.7552 40.6893 39.9141
threshold=101.85500000000002 94.02833333333335 101.02833333333335 9.4163307002319581 103.21500000000002 95.280000000000015 166.59000000000003 84.480000000000004 34.305000000000007 92.785000000000011 86.825000000000003 87.345000000000013 81.940000000000012 3.5592218177924191 51.895000000000003 0.55639114331494377 83.160000000000011 90.760625000000005 8.5000000000000018 207.78500000000003 96.325000000000017 65.855000000000018 29.575000000000003 84.360000000000014 87.295000000000016 81.135000000000005 35.805000000000007 1014.5450000000001 -1.2780560631396336 36.160000000000004
decision_type=2 2 2 2 2 2 2 2 2 2 2 2 2 2 2 2 2 2 2 2 2 2 2 2 2 2 2 2 2 2
left_child=2 3 4 -2 5 10 8 -8 -7 -9 12 -12 25 14 -14 21 -17 18 -13 20 -19 -16 -20 -24 -25 29 27 28 -27 -1
right_child=1 -3 -4 -5 -6 6 7 9 -10 -11 11 17 13 -15 15 16 -18 19 22 -21 -22 -23 23 24 -26 26 -28 -29 -30 -31
leaf_value=-0.0011180889141906812 0.051024624563398818 -0.067111473097916582 0.053401797811190289 -0.021431418996432736 -0.043227112157778309 -0.050547211360341564 -0.0048555615978936352 0.048071331821293355 0.029144526535973832 0.12937706768512727 -0.083610171327988314 -0.073906011611223218 -0.022626271367073059 -0.025760168535634877 0.11550027647188732 0.056244021554344471 -0.033805219810788649 0.096949142888188372 0.030805527640040964 -0.018010027130896396 0.007159638653198879 0.049284153126387134 0.0014654990998988456 -0.086140112082163489 -0.0085629670531488962 -0.072943747895104549 -0.094852391713909037 0.068704911729409582 0.019854348456418074 0.033144630035597158
leaf_weight=2494 21 31 30 29 33 30 24 21 34 20 24 25 25 36 35 21 28 20 32 33 24 36 47 27 32 21 29 21 27 88
leaf_count=2494 21 31 30 29 33 30 24 21 34 20 24 25 25 36 35 21 28 20 32 33 24 36 47 27 32 21 29 21 27 88
internal_value=3.26497e-12 -0.020129 0.000491543 0.00900012 8.63881e-06 0.000447108 0.022907 0.0535462 -0.00821098 0.0877327 -0.000480036 -0.0147082 0.00083287 0.0251839 0.0378321 0.0504276 0.00478731 -0.00781796 -0.0208147 0.0196946 0.047973 0.0819259 -0.0111967 -0.0238766 -0.0440644 -0.000811736 -0.0235068 0.00647901 -0.0207448 4.96567e-05
internal_weight=3398 81 3317 50 3287 3254 129 65 64 41 3125 264 2861 181 145 120 49 240 163 77 44 71 138 106 59 2680 98 69 48 2582
internal_count=3398 81 3317 50 3287 3254 129 65 64 41 3125 264 2861 181 145 120 49 240 163 77 44 71 138 106 59 2680 98 69 48 2582
is_linear=0
shrinkage=0.05


Tree=159
num_leaves=31
num_cat=0
split_feature=16 16 25 19 2 29 7 21 27 25 27 6 16 20 27 8 28 1 5 21 21 9 27 27 19 6 21 7 7 7
split_gain=13.4693 16.7603 38.6278 48.6042 53.2783 46.9906 54.1818 51.8251 48.541 55.4225 43.4149 45.3381 52.9306 117.897 44.1077 49.6729 36.8337 37.4491 36.8112 31.148 64.9348 37.0647 31.1417 29.2305 29.4091 25.0616 24.2604 23.0883 41.3558 81.7275
threshold=8.3129236711266348 3.3968991653357778 9.3955185977750535 77.345000000000013 66.395000000000024 6.955446422711093 51.265000000000008 55.240000000000002 4.5084324339445523 2.5486205233808534 6.9947714472293168 27.410000000000004 4.0588723519321404 80.915000000000006 8.67029770370935 1012.8750000000001 76.791875000000019 75.043350000000018 192.69500000000002 102.59500000000001 99.745000000000019 5.0650000000000004 5.6668436237954802 4.0908711430165132 53.820000000000007 39.50500000000001 96.405000000000015 49.850000000000009 52.210000000000008 53.040000000000006
decision_type=2 2 2 2 2 2 2 2 2 2 2 2 2 2 2 2 2 2 2 2 2 2 2 2 2 2 2 2 2 2
left_child=1 19 5 4 -4 -3 7 -7 23 18 11 22 -13 -14 16 -16 17 -12 -10 20 25 -21 -11 24 -8 26 27 -1 -29 -30
right_child=-2 2 3 -5 -6 6 8 -9 9 10 14 12 13 -15 15 -17 -18 -19 -20 21 -22 -23 -24 -25 -26 -27 -28 28 29 -31
leaf_value=0.015713259350923183 0.029214809663020647 0.040105380322784184 0.068474422041326768 0.090224262646266401 -0.031473951267253143 -0.027350999738983053 0.019530841829255227 -0.11833063360789549 0.09038969110697509 -0.076877450281899656 -0.066827327532595723 -0.018606998763668042 0.10875023344531656 -0.035353785871782083 -0.035929441865947508 0.048997618613595313 -0.095771029821064863 -0.0003876919159665704 0.0066766342983163645 -0.071883873305013099 0.063832228932352297 0.011888790551735008 0.0013345930086714882 -0.096125506914474745 -0.061116186443429733 0.053126634884139767 -0.029458142971763246 -0.02447111729854419 0.055262782888999884 -6.7092381761399295e-05
leaf_weight=256 39 40 20 21 40 49 20 23 24 20 38 36 40 22 36 33 28 48 29 31 42 23 35 22 26 23 65 162 69 2038
leaf_count=256 39 40 20 21 40 49 20 23 24 20 38 36 40 22 36 33 28 48 29 31 42 23 35 22 26 23 65 162 69 2038
internal_value=-5.45162e-12 -0.000339201 -0.0075495 0.024756 0.00184217 -0.0121484 -0.0160995 -0.0564139 -0.00974799 -0.00293487 -0.0104305 0.00922572 0.0296161 0.0576165 -0.0268643 0.00468785 -0.0459617 -0.0297447 0.0445844 0.00139085 0.00215546 -0.0362029 -0.0271062 -0.048723 -0.0260523 0.0011641 0.000702661 0.00147908 -0.000126894 0.00174485
internal_weight=3398 3359 650 81 60 569 529 72 457 389 336 153 98 62 183 69 114 86 53 2709 2655 54 55 68 46 2613 2590 2525 2269 2107
internal_count=3398 3359 650 81 60 569 529 72 457 389 336 153 98 62 183 69 114 86 53 2709 2655 54 55 68 46 2613 2590 2525 2269 2107
is_linear=0
shrinkage=0.05


Tree=160
num_leaves=31
num_cat=0
split_feature=12 10 8 17 4 9 16 20 6 25 25 4 29 17 17 27 15 16 29 6 16 23 2 27 27 10 25 27 5 4
split_gain=12.7684 33.5107 27.9798 37.2649 37.7895 31.7375 32.5523 28.6516 51.2463 50.6494 42.0979 52.3927 53.3145 49.5197 49.7466 46.4635 45.5075 49.4067 49.8384 44.9164 38.8914 40.1324 37.4395 35.9519 36.2441 51.7018 44.217 34.4576 34.204 29.0165
threshold=1.5000000000000002 351.80500000000006 1008.1400000000001 5.6422699515849448 5.3150000000000004 8.3200000000000021 -2.4165699752956433 39.725000000000001 26.305000000000003 11.320691932747591 6.4157479605549979 4.8350000000000009 8.1986511774443862 1.8219180185720971 -2.3053621590095488 9.687579230721747 -0.9159756150367534 0.71364230511037097 9.6062803560323697 28.875000000000004 -4.155609243010006 40.545000000000009 166.59000000000003 7.4396744973523949 5.2501812667096095 86.690000000000012 5.2899237876105678 6.0529410200181983 212.53500000000003 4.705000000000001
decision_type=2 2 2 2 2 2 2 2 2 2 2 2 2 2 2 2 2 2 2 2 2 2 2 2 2 2 2 2 2 2
left_child=1 2 -1 5 -5 7 -7 8 28 10 11 12 27 14 -14 23 -12 20 -19 -15 -18 -22 -23 24 25 -13 -26 -9 -4 -20
right_child=-2 -3 3 4 -6 6 -8 9 -10 -11 16 15 13 19 -16 -17 17 18 29 -21 21 22 -24 -25 26 -27 -28 -29 -30 -31
leaf_value=-0.03055137582511331 -0.0018898193409158015 -0.049923035888760181 0.035453953848530853 0.10201767526921773 0.0082466050474481155 -0.082176433037966498 0.0050435761394708057 0.022229674806737383 0.087500515729188932 -0.068481953182946073 0.074190275385779769 0.061976607835851606 -0.013298956123067113 0.015441693216562273 0.065582061635378081 -0.089149170830136251 -0.024171882376752118 -0.059535480166474974 -0.019962679204486668 -0.085087871242314581 -0.010533003854964461 0.091938702275558393 0.010759155824780466 0.035108983165451461 -0.071601370653524163 -0.021633564255816837 0.0090671210289001471 0.10975700481371448 -0.026741747121725765 0.064188405126333239
leaf_weight=48 2462 27 60 21 22 20 23 23 30 23 38 25 41 20 39 21 22 36 21 25 21 49 20 35 53 71 25 22 35 20
leaf_count=48 2462 27 60 21 22 20 23 23 30 23 38 25 41 20 39 21 22 36 21 25 21 49 20 35 53 71 25 22 35 20
internal_value=-6.18529e-11 0.00497087 0.00660138 0.00867262 0.0540418 0.00628769 -0.0355239 0.00860755 0.0305303 0.00439163 0.00706483 -0.00269516 0.018353 0.00155264 0.0251555 -0.0182525 0.024263 0.0142248 -0.0166068 -0.0404081 0.0354215 0.0499887 0.0684084 -0.0111289 -0.0204297 0.000139918 -0.0457461 0.0650208 0.0125397 0.0210866
internal_weight=3398 936 909 861 43 818 43 775 125 650 627 400 170 125 80 230 227 189 77 45 112 90 69 209 174 96 78 45 95 41
internal_count=3398 936 909 861 43 818 43 775 125 650 627 400 170 125 80 230 227 189 77 45 112 90 69 209 174 96 78 45 95 41
is_linear=0
shrinkage=0.05


Tree=161
num_leaves=31
num_cat=0
split_feature=12 25 21 4 25 5 5 28 10 25 19 8 27 12 3 27 3 22 21 26 21 10 18 4 2 4 17 5 27 10
split_gain=12.8302 33.235 43.0517 36.0526 64.1909 39.756 30.6736 39.208 44.2116 38.962 37.5128 50.635 31.0482 23.3888 30.4774 54.0007 42.4068 31.7861 31.6735 64.5212 42.2438 40.3164 34.4029 30.8272 60.4715 52.9579 97.4956 90.0611 82.0853 72.4158
threshold=5.5000000000000009 10.036621180965072 19.085000000000004 4.5650000000000004 6.7586447441836688 227.23000000000005 193.70000000000002 31.042708333333334 273.46000000000004 3.256191003701526 46.160000000000004 1011.9350000000001 6.8234791778812429 2.5000000000000004 30.785000000000004 7.6652955816094535 29.825000000000003 98.52500000000002 90.27500000000002 88.892499999999998 88.085000000000022 6.8250000000000011 78.820000000000007 5.4150000000000009 35.650000000000013 4.0650000000000004 -1.3796513466973559 199.78500000000005 5.1448966137840415 105.91500000000001
decision_type=2 2 2 2 2 2 2 2 2 2 2 2 2 2 2 2 2 2 2 2 2 2 2 2 2 2 2 2 2 2
left_child=13 2 -2 4 5 -4 7 -5 -9 -8 11 -11 -12 -1 16 -16 17 18 20 22 21 -15 -20 24 -23 -26 27 28 -27 -28
right_child=1 -3 3 6 -6 -7 9 8 -10 10 12 -13 -14 14 15 -17 -18 -19 19 -21 -22 23 -24 -25 25 26 29 -29 -30 -31
leaf_value=0.0033662611958829476 -0.065203911882071267 0.063915093645453461 0.029787165678571911 -0.033305483527721898 -0.037087113554439242 0.1026925843006567 -0.07036694014289728 0.0099770689052679842 0.089902625186368823 -0.031827630031676518 -0.0038465490744959926 0.071692420445658545 -0.083752230480313314 -0.0687482750043273 0.0022978315564493338 -0.098325888471057027 0.051863622078389841 0.050413368910551072 -0.030050796812230891 0.018113102852517077 0.06107842407654971 -0.061861874549477197 -0.11661323710965615 0.0051562884121162268 0.0078632359080607218 -0.11198908904567362 -0.093958493750146102 0.053134017251431943 0.0068915992412927028 -0.025209006780515547
leaf_weight=1440 21 25 100 31 31 23 30 62 24 21 31 27 20 25 30 24 33 25 22 31 24 54 24 493 328 20 47 72 53 207
leaf_count=1440 21 25 100 31 31 23 30 62 24 21 31 27 20 25 30 24 33 25 22 31 24 54 24 493 328 20 47 72 53 207
internal_value=-8.95555e-12 0.00790433 0.00457828 0.00824184 0.0272139 0.0434199 -0.003635 0.014904 0.0322819 -0.0204495 -0.00532295 0.0264024 -0.0351821 -0.00119422 -0.00553753 -0.0424238 -0.00417137 -0.00546902 -0.00646692 -0.0376406 -0.00465258 -0.00586701 -0.0752138 -0.00463308 -0.0108125 -0.0070207 -0.0192561 0.013456 -0.0256785 -0.0379304
internal_weight=3398 446 421 400 154 123 246 117 86 129 99 48 51 2952 1512 54 1458 1425 1400 77 1323 1299 46 1274 781 727 399 145 73 254
internal_count=3398 446 421 400 154 123 246 117 86 129 99 48 51 2952 1512 54 1458 1425 1400 77 1323 1299 46 1274 781 727 399 145 73 254
is_linear=0
shrinkage=0.05


Tree=162
num_leaves=31
num_cat=0
split_feature=3 3 29 9 27 6 27 18 22 7 3 9 25 16 18 3 6 29 27 8 25 10 3 9 23 6 6 3 8 3
split_gain=12.5006 55.0397 39.4658 34.6602 35.937 67.6592 54.8424 49.3606 51.5505 39.7143 23.2389 86.4317 64.9658 49.9093 42.9728 29.1397 31.66 28.7465 58.4348 62.3325 28.6865 49.615 74.7677 57.8689 47.6789 57.6737 38.9388 26.8574 26.4925 50.6979
threshold=11.185 10.955000000000002 7.7360130238202203 3.2550000000000003 5.7174229218574988 33.775000000000013 7.5795831772965423 54.750000000000007 78.700000000000003 70.540000000000006 13.445000000000002 3.1550000000000007 7.8440847574525394 -4.2930451407789052 50.365000000000009 13.585000000000003 38.365000000000002 9.5416991249017453 5.5447363654731907 1015.7050000000002 9.4734453428253698 72.610000000000014 27.125000000000004 3.3950000000000005 73.805000000000021 31.355000000000004 24.360000000000003 21.405000000000005 1014.5450000000001 30.785000000000004
decision_type=2 2 2 2 2 2 2 2 2 2 2 2 2 2 2 2 2 2 2 2 2 2 2 2 2 2 2 2 2 2
left_child=1 2 -1 -4 7 6 -6 -5 -9 -7 11 -2 13 -13 -14 -12 20 18 19 -15 28 -22 23 -23 27 -26 -24 -25 -17 -30
right_child=10 -3 3 4 5 9 -8 8 -10 -11 15 12 14 17 -16 16 -18 -19 -20 -21 21 22 26 24 25 -27 -28 -29 29 -31
leaf_value=-0.04065991792489182 0.086960744261741649 0.0751712820267883 -0.041241175375346634 0.0070422533692585101 -0.0099769717646819179 -0.073606471016126523 0.081888617662480109 0.1401408113539219 0.026617179419845344 0.012609247507696804 0.047224030488481124 0.056746496088229695 -0.10385219901800156 -0.029872819267470263 -0.019361253386294401 -0.0059688848315976135 0.046536940181006986 0.0073399014529312344 0.0096544932306709685 -0.12714575720222102 0.054935860380498795 -0.043848383777367418 0.0033299863897264005 -0.011800258016308487 0.13337544765146006 0.025338118548194566 -0.086738092650969822 0.036542418779572476 0.0085621178757284613 -0.05152362036342556
leaf_weight=44 20 29 28 45 33 34 32 20 20 22 33 26 34 58 27 1671 36 79 54 23 59 32 20 59 21 30 30 56 686 37
leaf_count=44 20 29 28 45 33 34 32 20 20 22 33 26 34 58 27 1671 36 79 54 23 59 32 20 59 21 30 30 56 686 37
internal_value=4.11445e-11 0.00962286 0.00278508 0.0109542 0.0180487 0.000545282 0.0352492 0.0429654 0.083379 -0.039736 -0.000955748 -0.0136912 -0.0203791 -0.00866822 -0.0664546 0.000520097 -4.30125e-05 -0.0166158 -0.0306343 -0.0574935 -0.000663849 0.0137254 0.00392136 0.0177174 0.0295855 0.0698241 -0.0507109 0.0117405 -0.00250909 0.00548719
internal_weight=3398 307 278 234 206 121 65 85 40 56 3091 321 301 240 61 2770 2737 214 135 81 2701 307 248 198 166 51 50 115 2394 723
internal_count=3398 307 278 234 206 121 65 85 40 56 3091 321 301 240 61 2770 2737 214 135 81 2701 307 248 198 166 51 50 115 2394 723
is_linear=0
shrinkage=0.05


Tree=163
num_leaves=31
num_cat=0
split_feature=20 25 25 25 4 25 16 16 25 23 23 22 29 5 28 10 10 22 29 29 10 18 6 2 7 21 20 5 4 25
split_gain=12.7294 16.4379 40.3092 23.4095 29.613 21.6993 26.5196 19.3057 41.1763 34.5913 74.2801 48.1278 40.0669 48.9211 44.7038 39.3442 72.4443 43.0079 40.7875 32.2411 36.2193 31.7406 30.6978 29.3011 34.184 36.6003 40.2048 28.9781 28.4737 25.7503
threshold=105.25500000000001 12.144226342419666 12.937503486610238 11.172284019319015 4.6950000000000012 10.416240381006295 -2.7795517529507152 3.3968991653357778 2.8391041345590167 45.585000000000008 43.245000000000012 76.925000000000026 8.4660008478639668 209.89500000000001 89.417916666666684 301.78500000000003 287.24000000000007 32.615000000000002 8.7132583680733404 9.074473923375928 262.28500000000003 43.435000000000009 39.50500000000001 87.14500000000001 53.875000000000007 62.225000000000001 53.820000000000007 128.18500000000003 5.5650000000000004 1.9194875498311468
decision_type=2 2 2 2 2 2 2 2 2 2 2 2 2 2 2 2 2 2 2 2 2 2 2 2 2 2 2 2 2 2
left_child=1 3 -3 5 -5 7 -7 22 29 10 15 21 28 14 -14 16 18 -17 -10 -20 -21 -11 27 -23 -25 26 -26 -1 -13 -9
right_child=-2 2 -4 4 -6 6 -8 8 9 11 -12 12 13 -15 -16 17 -18 -19 19 20 -22 23 -24 24 25 -27 -28 -29 -30 -31
leaf_value=0.057011295433925552 -0.03044046707013074 0.061322147640827544 -0.0075186234079301362 -0.065274642179569894 0.0032940413977485153 -0.017479776655850206 0.047192805813735028 -0.0048191125546601776 0.026625514786343937 -0.0017654518467477627 0.084081948009164395 -0.065756762456713302 -0.046637830276493777 0.06818596731510855 0.048096642643213276 0.0034389097243547441 0.08262256622935335 -0.095838373713195327 -0.088769147768616677 -0.049540176061969816 0.03024588391184807 -0.096351380320265897 0.060472031276334416 -0.081580135598778733 -0.038463824153270411 -0.075251163970679047 0.058467469960451129 0.00062670893192389235 0.0098495388776063935 0.041895227233674059
leaf_weight=23 34 37 50 31 32 23 51 59 43 36 24 33 33 31 20 20 24 24 20 33 25 32 22 34 23 20 20 2462 20 59
leaf_count=23 34 37 50 31 32 23 51 59 43 36 24 33 33 31 20 20 24 24 20 33 25 32 22 34 23 20 20 2462 20 59
internal_value=-2.60504e-11 0.000307662 0.0217585 -0.000261829 -0.0304461 0.000329836 0.0270919 -0.000300862 -0.00810317 -0.0142074 0.00122254 -0.0250901 -0.00318491 0.0182934 -0.010889 -0.00929929 0.00326743 -0.0507123 -0.0124724 -0.0340264 -0.0151496 -0.043278 0.00166917 -0.0548629 -0.0411759 -0.0193705 0.0066205 0.00114858 -0.0372261 0.0185381
internal_weight=3398 3364 87 3277 63 3214 74 3140 633 515 213 302 137 84 53 189 145 44 121 78 58 165 2507 129 97 63 43 2485 53 118
internal_count=3398 3364 87 3277 63 3214 74 3140 633 515 213 302 137 84 53 189 145 44 121 78 58 165 2507 129 97 63 43 2485 53 118
is_linear=0
shrinkage=0.05


Tree=164
num_leaves=31
num_cat=0
split_feature=22 22 24 20 21 23 9 25 19 17 25 3 25 10 3 9 3 17 28 28 21 7 5 4 17 18 19 5 4 23
split_gain=12.6746 23.1241 69.9965 16.6259 26.0951 28.6362 30.7476 15.8022 38.2619 50.2657 21.4898 28.998 24.6762 56.278 33.8943 32.103 29.5284 28.9544 50.2754 48.7135 48.1375 44.0064 56.2245 51.7379 49.3809 48.113 46.8781 81.6592 49.1544 65.0007
threshold=106.74000000000001 101.78500000000001 90.233333333333334 105.25500000000001 99.160000000000011 83.435000000000016 4.3350000000000009 12.144226342419666 58.225000000000001 -2.3053621590095488 11.062756471680613 20.440000000000001 9.6883953932716071 75.095000000000013 27.125000000000004 3.5450000000000004 21.615000000000006 -2.9667596340900153 26.450000000000006 29.026250000000001 20.680000000000003 79.210000000000022 222.18500000000003 4.7250000000000005 -3.5741436121423069 35.740000000000002 52.065000000000005 184.22000000000003 5.9250000000000007 45.445000000000007
decision_type=2 2 2 2 2 2 2 2 2 2 2 2 2 2 2 2 2 2 2 2 2 2 2 2 2 2 2 2 2 2
left_child=1 3 -3 4 7 -6 -7 10 9 -9 12 -12 17 -14 15 -15 -17 20 -19 -20 -1 23 24 -22 -23 -25 27 -27 29 -29
right_child=-2 2 -4 -5 5 6 -8 8 -10 -11 11 -13 13 14 -16 16 -18 18 19 -21 21 22 -24 25 -26 26 -28 28 -30 -31
leaf_value=-0.079981957531223696 -0.037828108058734378 0.1045336785061019 -0.0092114290443101998 -0.036750781584170555 -0.022927601019973341 0.0043206605361774562 0.069719497241624975 0.062175366133451461 0.072502914935350424 -0.036209345150839643 -0.061810432638808643 0.0025786819427998531 0.077794173581060028 -0.042150472830981021 -0.056174424290657048 0.0041938794521140122 0.064349323839825751 0.032776187240993113 -0.03468917382135988 0.0010991776129351245 0.0035428030029190393 0.019703220215819356 -0.044683405627375064 -0.062471708723566902 0.111909008435905 -0.06015123181045056 -0.032965358440968685 -0.063593247085809712 0.084422506531700497 0.058455854995797078
leaf_weight=24 22 21 38 31 23 32 41 20 25 37 34 36 32 20 20 51 34 119 100 1934 267 53 23 71 20 30 164 20 32 24
leaf_count=24 22 21 38 31 23 32 41 20 25 37 34 36 32 20 20 51 34 119 100 1934 267 53 23 71 20 30 164 20 32 24
internal_value=-4.60502e-11 0.00024651 0.0312741 -0.000305383 3.84417e-05 0.0257232 0.0410515 -0.000734516 0.0209309 -0.00168839 -0.00130613 -0.028696 -0.000675023 0.0186285 0.00348214 0.0148453 0.0282561 -0.00172697 0.00118777 -0.000660328 -0.0103471 -0.00797314 0.0234868 -0.0129405 0.0449651 -0.0258468 -0.0162158 0.00969867 0.037271 0.00297899
internal_weight=3398 3376 59 3317 3286 96 73 3190 82 57 3108 70 3038 157 125 105 85 2881 2153 2034 728 704 96 608 73 341 270 106 76 44
internal_count=3398 3376 59 3317 3286 96 73 3190 82 57 3108 70 3038 157 125 105 85 2881 2153 2034 728 704 96 608 73 341 270 106 76 44
is_linear=0
shrinkage=0.05


Tree=165
num_leaves=31
num_cat=0
split_feature=11 18 7 7 7 11 27 3 6 27 28 28 2 7 22 27 9 9 27 5 22 10 3 8 7 10 9 6 25 5
split_gain=12.569 32.147 34.2053 47.8455 39.6086 33.1841 58.0833 47.6377 74.2559 57.9041 72.3699 85.7005 53.9601 52.6848 52.375 54.5443 47.2283 56.6497 49.0162 48.4725 48.2776 47.3571 51.348 47.1674 42.7342 71.6239 46.2563 48.424 45.3609 57.5137
threshold=6.5000000000000009 25.620000000000001 82.475000000000009 83.710000000000022 81.585000000000022 12.500000000000002 4.9283656851203057 15.815000000000003 34.105000000000011 5.7840718889794207 56.217916666666675 43.876666666666672 93.455000000000013 55.455000000000005 42.285000000000004 6.9417795107445741 7.3800000000000008 3.6450000000000005 8.0890939204637746 227.77500000000001 37.155000000000008 92.575000000000017 14.945000000000002 1013.6350000000001 56.335000000000008 327.34000000000009 7.5550000000000006 18.825000000000003 3.2219973050716351 182.83500000000004
decision_type=2 2 2 2 2 2 2 2 2 2 2 2 2 2 2 2 2 2 2 2 2 2 2 2 2 2 2 2 2 2
left_child=-1 -2 4 -4 5 6 -3 16 9 10 11 -9 14 -14 15 -11 17 18 19 20 -7 -22 23 -23 25 -8 27 -26 -29 -30
right_child=1 2 3 -5 -6 7 24 8 -10 12 -12 -13 13 -15 -16 -17 -18 -19 -20 -21 21 22 -24 -25 26 -27 -28 28 29 -31
leaf_value=-0.0047057198238564654 0.030625997927347 0.048260415501881211 0.087442134017193765 0.0003911919695766349 -0.06858836625303541 0.069691003041548863 0.0011532284112899108 -0.054321383097992532 0.015875347029456557 0.026361327162012463 -0.0030955846443594922 -0.17095435048852647 -0.010686976454676466 -0.092395367210402216 0.048999814758513199 -0.060151426087280635 0.035684453986307728 -0.0099821817804242995 -0.039259514457080515 0.087193201636445949 -0.041374604826560246 0.035529488030821087 0.086822243935118115 -0.039529691251098287 -0.028051948065266893 -0.067113585468559042 -0.048753145777366384 -0.020143457700808845 0.00026207738167916738 0.06494438842954961
leaf_weight=1001 94 82 27 38 21 36 451 63 120 35 42 21 47 34 47 38 94 599 32 29 40 50 24 36 34 42 22 30 48 121
leaf_count=1001 94 82 27 38 21 36 451 63 120 35 42 21 47 34 47 38 94 599 32 29 40 50 24 36 34 42 22 30 48 121
internal_value=-7.40529e-11 0.00196513 0.000795302 0.0365508 -0.000243173 0.00040421 0.00831193 -0.00432788 -0.0177653 -0.0301106 -0.0566849 -0.0834796 -0.013452 -0.0449843 0.00783236 -0.0186727 0.00206207 -0.00167376 0.018475 0.0270681 0.0176937 0.00521437 0.0221558 0.00410937 0.00393255 -0.00466261 0.0205498 0.0270935 0.0365153 0.0465731
internal_weight=3398 2397 2303 65 2238 2217 830 1387 447 327 126 84 201 81 120 73 940 846 247 215 186 150 110 86 748 493 255 233 199 169
internal_count=3398 2397 2303 65 2238 2217 830 1387 447 327 126 84 201 81 120 73 940 846 247 215 186 150 110 86 748 493 255 233 199 169
is_linear=0
shrinkage=0.05


Tree=166
num_leaves=31
num_cat=0
split_feature=23 26 26 19 20 29 20 2 6 27 19 19 24 19 27 5 3 9 18 3 17 5 9 24 18 21 24 7 24 15
split_gain=12.2387 38.0567 29.5576 27.2019 23.4538 23.4363 20.4827 30.9385 24.2884 24.8167 24.0899 42.4317 40.0528 26.9597 39.1034 36.0973 39.7776 52.8432 30.2504 26.5364 23.3789 20.9909 57.4417 45.1932 20.2157 18.2218 23.0696 91.6074 38.355 39.2842
threshold=101.85500000000002 94.02833333333335 99.697500000000005 104.06500000000001 103.21500000000002 9.4163307002319581 95.280000000000015 178.89000000000001 33.565000000000005 5.8077246568561653 86.825000000000003 87.345000000000013 86.355000000000018 88.285000000000011 9.3052880767176287 232.73000000000005 12.115 4.1050000000000013 92.485000000000014 24.855000000000004 1.551525298049832 142.07000000000002 3.8450000000000002 45.248333333333342 91.365000000000009 95.345000000000013 84.151666666666685 60.055000000000007 81.940000000000012 0.1294095225512602
decision_type=2 2 2 2 2 2 2 2 2 2 2 2 2 2 2 2 2 2 2 2 2 2 2 2 2 2 2 2 2 2
left_child=2 5 4 -4 6 -2 10 8 -8 -10 12 -12 21 -13 15 16 -15 24 -19 -16 -14 22 -1 -24 -18 26 28 -28 -23 -30
right_child=1 -3 3 -5 -6 -7 7 -9 9 -11 11 13 20 14 19 -17 17 18 -20 -21 -22 25 23 -25 -26 -27 27 -29 29 -31
leaf_value=0.030148709482616848 0.04801075188886552 -0.062728223661261226 0.069952209602142199 -0.0058450653776526452 -0.047408391563938217 -0.021346362551738478 -0.029453777593814512 0.059340919668061869 -0.0094121936075389386 0.061038739532232295 -0.078381614138682693 0.039425761152345404 0.0754185375092285 0.033521860117798501 0.070733627527952189 -0.08317658292210621 0.032961556868207072 -0.033280375286152485 -0.10498278957481187 -0.010716394353657961 0.0073847888928392658 -3.5048565420550204e-05 -0.010435814233053299 -0.1129820848053152 -0.028162050185104211 0.046038522435860207 -0.11520792354829611 0.027127314760134771 0.070902011228295467 -0.003846168305608444
leaf_weight=27 21 31 29 20 26 29 33 36 25 25 24 26 28 32 20 23 31 38 24 20 23 2601 21 22 24 22 20 26 39 32
leaf_count=27 21 31 29 20 26 29 33 36 25 25 24 26 28 32 20 23 31 38 24 20 23 2601 21 22 24 22 20 26 39 32
internal_value=9.57394e-12 -0.0192024 0.000468916 0.0390145 -0.000109033 0.00778363 0.000270296 0.0206299 0.00383963 0.0258133 -0.000505496 -0.0150169 0.000823406 -0.00862718 -0.0145205 -0.0248761 -0.0158767 -0.0293874 -0.0610361 0.0300086 0.0447367 2.64043e-05 -0.0270106 -0.0629013 0.00628944 0.000717131 0.000350291 -0.0347576 0.000954693 0.0372127
internal_weight=3398 81 3317 49 3268 50 3242 119 83 50 3123 262 2861 238 212 172 149 117 62 40 51 2810 70 43 55 2740 2718 46 2672 71
internal_count=3398 81 3317 49 3268 50 3242 119 83 50 3123 262 2861 238 212 172 149 117 62 40 51 2810 70 43 55 2740 2718 46 2672 71
is_linear=0
shrinkage=0.05


Tree=167
num_leaves=31
num_cat=0
split_feature=16 28 21 5 2 23 23 7 20 6 9 20 5 9 19 2 24 27 18 27 11 4 27 8 10 10 17 19 8 19
split_gain=12.0195 13.2326 48.8935 40.7598 29.2571 34.4277 41.8962 43.8369 32.1906 57.5096 35.8492 53.2056 39.7382 77.2943 48.3785 67.4489 59.7098 29.0375 43.7683 38.794 29.7107 28.6973 48.7914 36.2404 31.0429 28.4723 28.2184 34.9381 26.8253 24.6986
threshold=8.3129236711266348 38.446250000000013 43.715000000000011 182.23500000000004 89.110000000000014 47.335000000000008 43.245000000000012 48.335000000000008 41.910000000000004 30.665000000000003 3.3150000000000004 24.385000000000002 209.64500000000001 7.0150000000000006 25.620000000000001 45.580000000000005 30.86333333333334 4.5875043972488969 27.435000000000006 6.1891621466653008 13.500000000000002 4.9350000000000014 9.0194560613685244 1012.2050000000002 178.84500000000003 199.50500000000002 -7.21840749668588 60.620000000000012 1012.6950000000002 38.900000000000006
decision_type=2 2 2 2 2 2 2 2 2 2 2 2 2 2 2 2 2 2 2 2 2 2 2 2 2 2 2 2 2 2
left_child=1 2 4 -4 5 6 7 -1 9 10 11 -9 17 14 15 -14 -16 18 -12 20 -19 28 23 -23 -25 -8 27 -3 -21 -28
right_child=-2 26 3 -5 -6 -7 25 8 -10 -11 12 -13 13 -15 16 -17 -18 19 -20 21 -22 22 -24 24 -26 -27 29 -29 -30 -31
leaf_value=0.057543364840169114 0.027597782206841004 -0.079231407167389994 0.017090214298860658 -0.063846116686860729 -0.046233858365033353 -0.047476038900869239 0.0092733779964460569 0.091771724650069428 -0.043596414075759447 0.072508242253500679 -0.11232929972931743 -0.0055835608806875025 0.011060711517930031 0.09858609883284028 0.071149951981549914 -0.10274677237738734 -0.035192303875969215 0.049847916223936611 -0.012178196206999323 -0.078626109760355306 -0.026159209664911032 0.020375237753614786 0.0563128265592715 -0.10156782685779037 -0.014527936457168489 0.088836602024410086 0.014327150201201334 0.0070067204727345834 -0.018417834671767983 0.00010077226483638472
leaf_weight=31 39 24 21 60 35 35 22 23 46 26 20 36 30 22 33 23 22 36 24 37 20 24 23 20 21 23 354 23 37 2208
leaf_count=31 39 24 21 60 35 35 22 23 46 26 20 36 30 22 33 23 22 36 24 37 20 24 23 20 21 23 354 23 37 2208
internal_value=2.15598e-11 -0.000320427 -0.00617364 -0.0428626 -0.00173148 0.000725279 0.00354172 -0.000227018 -0.00365127 0.000200887 -0.00396761 0.0323685 -0.00943656 0.0131635 -0.00423738 -0.0383274 0.028613 -0.0206503 -0.0577014 -0.0131721 0.0227025 -0.0255733 -0.00627548 -0.0284221 -0.0569864 0.049939 0.00136218 -0.0370298 -0.048522 0.00206648
internal_weight=3398 3359 750 81 669 634 599 554 523 477 451 59 392 130 108 53 55 262 44 218 56 162 88 65 41 45 2609 47 74 2562
internal_count=3398 3359 750 81 669 634 599 554 523 477 451 59 392 130 108 53 55 262 44 218 56 162 88 65 41 45 2609 47 74 2562
is_linear=0
shrinkage=0.05


Tree=168
num_leaves=31
num_cat=0
split_feature=8 8 7 5 5 4 10 15 17 17 4 21 25 7 3 5 8 7 22 5 17 5 7 16 29 23 5 22 27 18
split_gain=11.9162 53.908 38.4517 62.7194 65.172 73.3699 59.6344 45.9071 37.3109 39.4186 36.827 40.5917 47.8118 36.5694 52.1137 62.3911 39.9801 57.9762 70.4798 49.8929 36.7546 34.2716 38.9975 27.7193 25.8231 77.1169 46.2069 25.3235 34.3726 37.0289
threshold=1011.1950000000002 1011.2750000000001 65.720000000000013 213.72000000000003 208.655 7.3650000000000011 258.87000000000006 -0.78656609248549325 -2.1327299962623671 -3.2231846737758514 6.995000000000001 24.070000000000004 2.192476432055114 71.105000000000004 26.735000000000003 191.23000000000002 1010.4050000000001 74.060000000000016 87.205000000000013 207.48000000000005 -1.8304939877597259 217.49000000000004 58.155000000000008 -0.56994039560554011 9.4567757810204665 71.715000000000018 189.93000000000004 22.135000000000002 5.4887929759137508 27.060000000000002
decision_type=2 2 2 2 2 2 2 2 2 2 2 2 2 2 2 2 2 2 2 2 2 2 2 2 2 2 2 2 2 2
left_child=2 -2 3 4 5 6 7 23 9 -5 11 -4 -13 14 15 -14 17 -15 19 20 -19 -10 -23 -1 25 26 -9 28 -3 -30
right_child=1 27 10 8 -6 -7 -8 24 21 -11 -12 12 13 16 -16 -17 -18 18 -20 -21 -22 22 -24 -25 -26 -27 -28 -29 29 -31
leaf_value=-0.0054721963255012288 -0.068438591236869503 -0.084324376108124863 -0.067068128287792211 -0.016511015456031869 0.10090156916390967 0.11018698776052112 0.051148921437863898 0.033912730403244495 -0.086964032195863281 0.074826620270808539 -0.049196192266588862 -0.050445210414105338 -0.10969360171055252 0.057286932591984911 0.045337531720482126 -0.0076711923042510413 0.048576978468275689 0.045082354262471203 0.058207991462329335 -0.072869048005810427 -0.032978698944574912 0.011453784529119731 -0.062246934736945807 -0.065258259958390033 -0.0073943048426560291 -0.029038740747741293 0.13341886084526777 4.8229256417685562e-05 0.045942921830075131 -0.031544307980622202
leaf_weight=47 30 20 22 27 27 21 77 28 21 21 44 38 22 41 24 47 77 25 29 41 38 50 28 33 58 28 20 2335 21 58
leaf_count=47 30 20 22 27 27 21 77 28 21 21 44 38 22 41 24 47 77 25 29 41 38 50 28 33 58 28 20 2335 21 58
internal_value=-2.81328e-11 -0.00182297 0.00480921 0.0145496 0.0263776 0.0199284 0.0134149 -0.00016232 -0.0127273 0.0234492 -0.00575735 -0.00102639 0.00277706 0.00865627 -0.0181259 -0.0402001 0.0185795 0.00530479 -0.0107198 -0.02994 -0.00200209 -0.0302674 -0.0150029 -0.0301339 0.0177312 0.0369059 0.0753736 -0.00100191 -0.0257703 -0.0109464
internal_weight=3398 2464 934 486 339 312 291 214 147 48 448 404 382 344 93 69 251 174 133 104 63 99 78 80 134 76 48 2434 99 79
internal_count=3398 2464 934 486 339 312 291 214 147 48 448 404 382 344 93 69 251 174 133 104 63 99 78 80 134 76 48 2434 99 79
is_linear=0
shrinkage=0.05


Tree=169
num_leaves=31
num_cat=0
split_feature=8 8 17 5 26 8 25 19 3 29 9 9 27 17 27 4 11 3 18 12 19 29 8 8 27 17 25 8 4 8
split_gain=11.6429 17.5957 14.9939 66.2047 54.8956 44.2463 42.1896 46.8969 41.1243 47.1544 33.3919 40.8404 33.1723 26.007 43.8544 31.0044 29.0293 58.2461 49.9752 56.8461 41.7023 40.2587 55.6289 55.8923 55.1726 48.5738 52.2769 48.3235 48.1526 44.3034
threshold=1005.9800000000001 1006.7500000000001 5.0199631223296155 196.11500000000004 37.088333333333345 1016.3150000000002 6.3412663521439558 46.775000000000013 22.920000000000005 8.5145576415349549 11.235000000000001 10.315000000000001 6.1891621466653008 4.5114444690563138 5.8347312100103972 4.1050000000000013 4.5000000000000009 16.905000000000005 31.935000000000006 3.5000000000000004 25.175000000000004 7.57917566467765 1014.4750000000001 1015.5250000000001 4.541157339914534 -2.5799106365230657 4.5717210471913594 1014.9550000000002 5.9850000000000012 1013.7650000000001
decision_type=2 2 2 2 2 2 2 2 2 2 2 2 2 2 2 2 2 2 2 2 2 2 2 2 2 2 2 2 2 2
left_child=-1 -2 10 4 -4 6 -5 -8 9 -6 11 13 -11 16 -15 -16 17 -3 19 -18 -20 24 25 27 -19 26 -23 -24 -25 -27
right_child=1 2 3 5 8 -7 7 -9 -10 12 -12 -13 -14 14 15 -17 18 21 20 -21 -22 22 23 28 -26 29 -28 -29 -30 -31
leaf_value=-0.031545684383860954 0.039050621638909495 0.052782880440354354 -0.065417762216482614 0.047456961179462576 0.03941870613101249 0.10462993865832687 0.040860616452991966 -0.063827504671138277 0.052579538433928978 -0.0040017243297327133 0.054300616157275661 -0.07276426220312715 -0.092873361139070423 -0.087198977123783994 0.039798989632855296 -0.03241969087116775 0.077681185815017678 -0.10880510468501599 -0.054446416352418182 0.012971648573251775 0.00060334054137887463 0.046409603626428486 0.0072025583436091736 -0.02383117381222092 -0.015788607002997942 -0.024806555266514787 -0.02076972318711142 0.10471202436558627 0.05211228829409395 -0.089862219691276557
leaf_weight=29 29 35 37 72 24 20 20 23 32 21 27 20 21 23 23 42 40 25 35 224 2015 48 24 82 44 205 73 27 28 30
leaf_count=29 29 35 37 72 24 20 20 23 32 21 27 20 21 23 23 42 40 25 35 224 2015 48 24 82 44 205 73 27 28 30
internal_value=5.41731e-11 0.000271542 -6.51626e-05 0.0112313 -0.0135277 0.0359902 0.0240529 -0.0151354 0.00606344 -0.0164898 -0.00105866 -0.00154985 -0.0484375 -0.0010787 -0.0278617 -0.00686539 -0.000275669 -0.00987454 0.00230035 0.0227761 -0.000336533 -0.0136169 -0.00882914 0.0155595 -0.0494902 -0.0198588 0.00587993 0.0588252 -0.00450011 -0.0331115
internal_weight=3398 3369 3340 270 135 135 115 43 98 66 3070 3043 42 3023 88 65 2935 621 2314 264 2050 586 517 161 69 356 121 51 110 235
internal_count=3398 3369 3340 270 135 135 115 43 98 66 3070 3043 42 3023 88 65 2935 621 2314 264 2050 586 517 161 69 356 121 51 110 235
is_linear=0
shrinkage=0.05


Tree=170
num_leaves=31
num_cat=0
split_feature=27 27 7 27 5 17 5 5 17 27 23 5 4 3 4 27 7 6 25 25 3 29 14 29 25 3 7 18 12 16
split_gain=11.525 24.3926 54.7211 50.2003 65.2037 43.0341 30.8474 36.2276 33.5129 21.2599 62.5558 53.9406 44.3119 49.0865 48.4848 34.2513 75.0824 31.8986 23.3877 31.7918 23.2965 76.4311 49.4981 51.1521 42.4207 26.9099 23.9686 21.3899 21.0324 52.5274
threshold=2.3043570702345879 3.1641597994210247 76.305000000000021 3.5356163544205055 211.61000000000004 2.010717860618318 201.78000000000003 218.47000000000003 0.58836425641562362 4.0908711430165132 40.545000000000009 201.33500000000004 6.955000000000001 24.095000000000002 4.5650000000000004 4.3581716926265317 62.645000000000003 29.335000000000004 0.78968215749578496 1.3025083601967069 30.235000000000003 10.581480166664067 0.91597561503675362 9.6377825152453678 5.3396394992137965 29.825000000000003 63.185000000000009 45.260000000000012 1.5000000000000002 5.4920707629706778
decision_type=2 2 2 2 2 2 2 2 2 2 2 2 2 2 2 2 2 2 2 2 2 2 2 2 2 2 2 2 2 2
left_child=-1 2 6 4 5 -3 8 -8 -2 10 11 -5 13 14 -12 16 -11 -18 -17 27 25 22 24 26 -22 28 -24 -20 29 -21
right_child=1 3 -4 9 -6 -7 7 -9 -10 15 12 -13 -14 -15 -16 18 17 -19 19 20 21 -23 23 -25 -26 -27 -28 -29 -30 -31
leaf_value=-0.031945871861119357 -0.064876014966031778 -0.030589792622547404 0.098166299648582936 -0.091711267549544576 0.037625683986005333 -0.1150563727170229 0.080084700542299658 -0.0077303643338382244 0.021443043150727384 0.047438487681475558 0.04660670753118807 0.016626489714339929 0.1068373824376613 0.081827365148525982 -0.042654734081588687 -0.044216599998642407 -0.093697481895938073 -0.021819507972947485 0.075661581252580101 0.0046864311060127086 0.091068793609738352 -0.10529970851811497 -0.096933953269668249 0.031855285303159196 -0.0050063495144799901 0.055070970628572552 -0.024749654369509738 0.011094259053211788 -0.0019879434538229417 0.062891639905368418
leaf_weight=28 23 38 20 20 21 25 23 24 22 22 29 27 20 26 32 29 33 29 23 710 20 22 23 22 27 23 23 29 1944 41
leaf_count=28 23 38 20 20 21 25 23 24 22 22 29 27 20 26 32 29 33 29 23 710 20 22 23 22 27 23 23 29 1944 41
internal_value=-5.31672e-11 0.000265426 0.0232084 -0.000523284 -0.0386748 -0.0641083 0.00691324 0.035243 -0.0226756 0.000486396 0.0186077 -0.0294747 0.0397281 0.0243006 -0.000218967 -0.000437672 -0.0319183 -0.0600771 0.000462999 0.00090872 0.000203046 -0.0199146 -0.00358002 -0.0308516 0.0358767 0.00121707 -0.0608418 0.0396529 0.000757462 0.00786408
internal_weight=3398 3370 112 3258 84 63 92 47 45 3174 154 47 107 87 61 3020 84 62 2936 2907 2855 137 115 68 47 2718 46 52 2695 751
internal_count=3398 3370 112 3258 84 63 92 47 45 3174 154 47 107 87 61 3020 84 62 2936 2907 2855 137 115 68 47 2718 46 52 2695 751
is_linear=0
shrinkage=0.05


Tree=171
num_leaves=31
num_cat=0
split_feature=15 5 3 3 17 10 27 8 23 8 28 22 8 22 29 12 22 9 6 22 25 27 10 3 6 22 25 7 21 22
split_gain=11.3777 30.5937 69.851 62.806 54.3323 34.5904 34.1439 28.1661 27.2693 22.5008 43.6121 38.4555 47.7996 47.6605 51.46 45.5326 43.7728 59.005 43.3322 40.4147 38.2957 44.37 38.3166 44.8313 39.6944 42.442 37.6179 36.8253 35.1651 35.0685
threshold=0.78656609248549303 222.18500000000003 16.190000000000001 15.015000000000002 -2.0557886551533939 325.40500000000003 6.51161060943494 1010.4450000000002 40.895000000000003 1010.4950000000001 92.423958333333346 79.740000000000023 1009.7450000000001 48.385000000000012 10.518923630479199 4.5000000000000009 52.295000000000009 3.9250000000000003 27.705000000000002 32.855000000000011 9.6883953932716071 12.164849506722353 38.060000000000009 28.285000000000004 33.845000000000006 27.135000000000002 6.0607989013578285 63.845000000000006 85.550000000000026 59.840000000000011
decision_type=2 2 2 2 2 2 2 2 2 2 2 2 2 2 2 2 2 2 2 2 2 2 2 2 2 2 2 2 2 2
left_child=9 3 8 4 -2 -5 -7 -4 -3 10 11 13 28 14 15 18 -15 29 19 -1 21 -11 -22 24 25 -24 -19 -17 -13 -18
right_child=1 2 7 5 -6 6 -8 -9 -10 20 -12 12 -14 16 -16 27 17 26 -20 -21 22 -23 23 -25 -26 -27 -28 -29 -30 -31
leaf_value=-0.048743416837010632 0.0035355451827247942 -0.0080339138795222555 -0.088191927522420888 0.01085813399819666 -0.098986199365130492 -0.083648840114474307 0.00014577354154279157 -0.029724381729347521 0.071622348339720213 -0.0021310357536371803 0.070246416407412499 -0.092730999729354627 0.028686879740820993 0.079362377338111412 0.055252489408788588 0.042975471080525927 0.0058683399936522952 -0.044211779372432293 -0.069813631829328648 0.016220498595747253 0.082010891593315385 -0.069176339060068134 -0.022255720391644744 -0.053111781730600029 -0.03935852530209915 0.045739743033932016 0.028933970478828997 -0.026232433730158312 -0.0095501694905882079 0.085191736247782646
leaf_weight=39 24 21 25 426 28 20 31 117 22 1910 29 27 27 40 36 57 22 39 41 62 22 25 29 23 23 110 32 29 24 38
leaf_count=39 24 21 25 426 28 20 31 117 22 1910 29 27 27 40 36 57 22 39 41 62 22 25 29 23 23 110 32 29 24 38
internal_value=-1.06945e-10 -0.00560956 -0.0231112 0.000511052 -0.0516685 0.00619939 -0.0327149 -0.040018 0.0327205 0.00149226 0.0105932 0.00722103 -0.0251076 0.0130179 -0.000302009 -0.00907377 0.0335819 0.0196032 -0.0264625 -0.00886458 -0.000810601 -0.00299725 0.0196298 0.0122116 0.0214859 0.0315536 -0.0112447 0.0196379 -0.0535871 0.0561065
internal_weight=3398 714 185 529 52 477 51 142 43 2684 542 513 78 435 264 228 171 131 142 101 2142 1935 207 185 162 139 71 86 51 60
internal_count=3398 714 185 529 52 477 51 142 43 2684 542 513 78 435 264 228 171 131 142 101 2142 1935 207 185 162 139 71 86 51 60
is_linear=0
shrinkage=0.05


Tree=172
num_leaves=31
num_cat=0
split_feature=23 7 7 26 20 20 2 22 6 23 19 19 24 7 10 3 28 5 20 23 15 22 16 21 9 18 6 29 6 21
split_gain=11.0592 32.951 49.7663 25.7966 18.4297 20.0198 38.7874 44.4996 30.8884 23.7936 19.6711 37.7703 35.4472 37.3596 44.6664 34.4875 29.3997 29.8436 30.3386 29.357 28.589 28.5372 25.0206 24.0411 24.0425 19.6808 71.6968 39.855 34.487 39.8833
threshold=101.85500000000002 53.875000000000007 64.460000000000022 101.02833333333335 103.21500000000002 95.280000000000015 166.59000000000003 84.480000000000004 34.305000000000007 92.785000000000011 86.825000000000003 87.345000000000013 81.940000000000012 51.895000000000003 115.87000000000002 22.210000000000004 90.760625000000005 207.78500000000003 90.175000000000026 77.705000000000013 0.1294095225512602 82.610000000000014 -1.093134237900147 90.570000000000007 4.6050000000000013 81.135000000000005 35.805000000000007 9.329570749814069 36.160000000000004 77.160000000000011
decision_type=2 2 2 2 2 2 2 2 2 2 2 2 2 2 2 2 2 2 2 2 2 2 2 2 2 2 2 2 2 2
left_child=3 -2 -3 4 5 10 8 -8 -7 -9 12 -12 25 -14 15 -15 21 18 -18 -16 -21 22 -13 24 -23 28 27 -27 -1 -30
right_child=1 2 -4 -5 -6 6 7 9 -10 -11 11 16 13 14 19 -17 17 -19 -20 20 -22 23 -24 -25 -26 26 -28 -29 29 -31
leaf_value=-0.00088730644758963628 -0.059833854508275788 0.04752918732662996 -0.052828955366497947 0.04660065366576116 -0.037153068184852603 -0.044905101489275699 -0.0071629593071217343 0.041390182618938745 0.024702613899374712 0.11759235069155693 -0.07326029278337956 0.033312466016246212 -0.029780789978545288 0.099307583535418797 0.062891575778749861 0.016562305502593518 0.088395854192120704 -0.01795582969983419 0.0052729253049777908 0.022069478213139204 -0.040669411358733976 -0.031596798408362603 -0.024856593185349517 -0.0021351181125889222 -0.097040873053281212 -0.024452983254436837 -0.088597674770601875 0.053964929168040937 0.078973193641687783 0.0073617993964482167
leaf_weight=2494 30 30 21 30 33 30 24 21 34 20 24 36 29 34 22 20 21 33 23 46 30 36 38 30 23 43 29 26 29 59
leaf_count=2494 30 30 21 30 33 30 24 21 34 20 24 36 29 34 22 20 21 33 23 46 30 36 38 30 23 43 29 26 29 59
internal_value=-6.1118e-11 -0.0182537 0.00620525 0.000445749 2.4499e-05 0.00040153 0.0197044 0.0469097 -0.007926 0.078562 -0.000395292 -0.0134545 0.000809749 0.0222254 0.0321476 0.0686612 -0.00747388 0.0179876 0.0449452 0.0120278 -0.00269587 -0.0195017 0.00344187 -0.0385784 -0.0571089 -0.000636603 -0.0226298 0.0050958 0.000198151 0.030961
internal_weight=3398 81 51 3317 3287 3254 129 65 64 41 3125 264 2861 181 152 54 240 77 44 98 76 163 74 89 59 2680 98 69 2582 88
internal_count=3398 81 51 3317 3287 3254 129 65 64 41 3125 264 2861 181 152 54 240 77 44 98 76 163 74 89 59 2680 98 69 2582 88
is_linear=0
shrinkage=0.05


Tree=173
num_leaves=31
num_cat=0
split_feature=2 20 23 26 29 26 21 21 20 22 25 21 17 16 17 10 4 3 16 5 7 21 6 4 23 5 5 9 9 8
split_gain=10.8852 17.2633 15.5784 34.1001 30.3469 24.4148 20.0035 19.7059 28.9382 19.5998 40.5853 19.3219 35.2424 17.3318 27.127 56.0149 31.7684 29.8991 26.504 67.9443 49.7272 41.5711 52.0351 69.8293 49.3913 45.1455 48.1759 53.2939 47.9534 45.9073
threshold=195.74500000000003 105.25500000000001 101.85500000000002 94.02833333333335 9.7874163807670609 99.697500000000005 103.38500000000002 99.745000000000019 93.840000000000018 101.78500000000001 4.1592104743855902 96.735000000000014 0.16083148704736575 3.3522125427722016 3.5628024921845145 225.00500000000002 7.3150000000000004 20.845000000000002 1.1933964638812304 219.23500000000004 53.040000000000006 29.645000000000003 30.605000000000004 6.3650000000000011 53.475000000000001 195.56500000000003 185.69500000000002 3.2850000000000006 3.6150000000000007 1013.1450000000001
decision_type=2 2 2 2 2 2 2 2 2 2 2 2 2 2 2 2 2 2 2 2 2 2 2 2 2 2 2 2 2 2
left_child=1 2 5 4 -4 6 7 9 -9 11 -11 13 -13 18 16 17 -15 -16 -1 21 -21 -20 25 24 -24 26 27 -23 -29 -30
right_child=-2 -3 3 -5 -6 -7 -8 8 -10 10 -12 12 -14 14 15 -17 -18 -19 19 20 -22 22 23 -25 -26 -27 -28 28 29 -31
leaf_value=-0.0010981734670411729 0.034280650771182516 -0.037374066020692549 0.043995225500492827 -0.076540115777225734 -0.04100748116061801 0.042120439708232885 -0.040503564253449448 0.076042233593761929 -0.0069640377735985179 0.08634181931614876 -0.0050155325762687199 0.0095478605140339248 -0.082158876545727261 -0.0082530826370328155 -0.044528804210325089 0.07396107642600934 -0.05813353315872305 0.030344984804590542 -0.011490708510391415 0.041637713053534114 -0.028260329358843747 0.10689970751603445 0.069684218749817881 -0.064112530505129453 -0.0037318554278167465 0.067510367046562159 -0.023550502793529098 -0.044980828743427993 0.0012272165822131294 0.093493249210027551
leaf_weight=1821 23 31 21 21 21 35 30 21 21 20 31 22 20 522 30 30 34 24 80 31 142 24 36 30 63 101 39 20 28 26
leaf_count=1821 23 31 21 21 21 35 30 21 21 20 31 22 20 522 30 30 34 24 80 31 142 24 36 30 63 101 39 20 28 26
internal_value=-7.02363e-11 -0.000233616 0.000110688 -0.0245175 0.00149387 0.000583584 0.000135713 0.000514811 0.0345391 6.45841e-05 0.0308109 -0.000437517 -0.034122 2.16682e-05 -0.00730219 0.0191815 -0.0113033 -0.0112516 0.00194189 0.0108709 -0.0157352 0.0211681 0.0282872 0.00271433 0.0229649 0.0421481 0.0234503 0.0421547 0.0211564 0.0456516
internal_weight=3398 3375 3344 63 42 3281 3246 3216 42 3174 51 3123 42 3081 640 84 556 54 2441 620 173 447 367 129 99 238 137 98 74 54
internal_count=3398 3375 3344 63 42 3281 3246 3216 42 3174 51 3123 42 3081 640 84 556 54 2441 620 173 447 367 129 99 238 137 98 74 54
is_linear=0
shrinkage=0.05


Tree=174
num_leaves=31
num_cat=0
split_feature=12 16 16 16 28 21 9 7 14 9 7 16 4 25 16 8 28 12 10 16 23 24 19 29 27 16 5 2 18 26
split_gain=10.866 26.0319 38.7607 41.6997 37.9709 64.0253 33.9467 35.6588 33.0124 37.5671 34.2058 30.3931 41.1964 27.6309 25.9447 23.7768 19.478 17.9727 29.297 62.5958 34.3105 47.801 37.5279 30.6123 65.5243 63.2765 78.5563 45.9662 44.9985 58.7066
threshold=5.5000000000000009 4.6420929247817044 2.5762712795492191 2.0193153595753919 39.196041666666673 26.575000000000003 3.3250000000000006 49.850000000000009 -0.60355339059327362 4.745000000000001 76.475000000000009 -0.29618389382688137 4.7650000000000006 5.3396394992137965 5.4920707629706778 1014.9550000000002 39.196041666666673 2.5000000000000004 184.83500000000004 -1.1809333706392744 86.825000000000003 44.166666666666664 77.345000000000013 10.147129676847342 10.074260298253259 3.2678366789577811 181.99000000000004 90.300000000000026 26.575000000000003 33.330833333333338
decision_type=2 2 2 2 2 2 2 2 2 2 2 2 2 2 2 2 2 2 2 2 2 2 2 2 2 2 2 2 2 2
left_child=17 2 3 6 5 -4 -2 -8 -9 10 11 12 -10 -6 -3 16 -11 -1 19 -19 21 -21 -23 28 25 26 -25 -27 -20 -30
right_child=1 14 4 -5 13 -7 7 8 9 15 -12 -13 -14 -15 -16 -17 -18 18 23 20 -22 22 -24 24 -26 27 -28 -29 29 -31
leaf_value=0.0028987156061147188 0.053271979571539257 0.082115401801737875 0.010637677425429934 0.075073881951781607 0.043299562096595766 -0.10485515714223897 0.062331267942984908 0.02433184656672753 0.0097856924140258972 0.014970553405582905 0.01170586499830951 -0.11045806318521501 -0.08833367441780865 -0.03554809980560094 0.0069433374330401428 0.04893047373431425 -0.046969605914571069 -0.004883101444286244 0.033236130462909068 -0.025561564066794829 0.0084462367929518233 -0.12553398549556732 -0.037112797666341069 0.14866051638410205 -0.056457709180920024 -0.039769704453647137 0.033422688648104673 0.04383804280791552 -0.054070706515302581 -0.0020424489389201713
leaf_weight=1440 34 22 21 24 25 28 21 65 23 30 23 20 20 20 24 24 22 639 74 67 28 30 20 21 23 35 50 31 62 432
leaf_count=1440 34 22 21 24 25 28 21 65 23 30 23 20 20 20 24 24 22 639 74 67 28 30 20 21 23 35 50 31 62 432
internal_value=5.02958e-11 0.00727419 0.00317777 0.0118044 -0.0249045 -0.0553582 0.00641972 -3.57111e-06 -0.00577023 -0.0178482 -0.0404829 -0.0595359 -0.0358512 0.00825616 0.0428952 0.00776469 -0.0112349 -0.00109901 -0.00490637 -0.0116131 -0.0412718 -0.0531701 -0.0901655 0.0023163 0.0216345 0.0347449 0.0675071 -0.000499399 -0.00312544 -0.00857231
internal_weight=3398 446 400 306 94 49 282 248 227 162 86 63 43 45 46 76 52 2952 1512 784 145 117 50 728 160 137 71 66 568 494
internal_count=3398 446 400 306 94 49 282 248 227 162 86 63 43 45 46 76 52 2952 1512 784 145 117 50 728 160 137 71 66 568 494
is_linear=0
shrinkage=0.05


Tree=175
num_leaves=31
num_cat=0
split_feature=22 22 24 29 25 10 15 29 7 7 29 19 26 8 22 21 4 8 8 25 5 16 23 17 22 4 16 3 3 5
split_gain=10.8971 18.3848 61.2655 13.5152 43.9521 40.5114 16.5052 30.8046 51.4189 27.595 28.1333 26.8769 48.3409 40.1105 35.5447 52.4899 52.1937 50.343 44.8137 50.9633 70.2604 54.7287 34.3629 56.0772 44.5137 41.0813 30.367 30.5838 46.5964 33.9536
threshold=106.74000000000001 101.78500000000001 90.233333333333334 11.797983484712011 7.5101507567674632 124.96000000000002 0.78656609248549303 10.752206391220463 79.835000000000022 82.190000000000012 11.60835416566338 21.910000000000004 28.565000000000001 1013.1950000000002 54.030000000000008 49.630000000000003 6.3650000000000011 1012.1750000000001 1013.8350000000002 4.9687907428901825 209.04000000000005 -0.44779058511644404 28.935000000000006 -3.3490231334733083 49.245000000000012 5.3650000000000011 4.6420929247817044 22.360000000000003 23.605000000000004 172.36500000000004
decision_type=2 2 2 2 2 2 2 2 2 2 2 2 2 2 2 2 2 2 2 2 2 2 2 2 2 2 2 2 2 2
left_child=1 3 -3 6 5 -5 9 11 -9 10 -1 13 -13 -8 18 -16 26 -18 22 20 -20 -21 25 -24 -25 -14 27 29 -29 -17
right_child=-2 2 -4 4 -6 -7 7 8 -10 -11 -12 12 14 -15 15 16 17 -19 19 21 -22 -23 23 24 -26 -27 -28 28 -30 -31
leaf_value=0.00095886837251596174 -0.035075511715628886 0.096432899872750222 -0.0099820116387778213 -0.10158263906836509 0.040131167003086637 -0.011901567366850727 -0.01098184072971344 -0.10596473649144174 0.0074139001965522772 0.044925501409011921 0.060496525652706627 -0.061488540877441045 0.0077459317232881275 0.08158735478804871 -0.068520804303578847 -0.05903333532291332 -0.0085656426846981056 0.10227697841823101 0.14734741024672987 -0.053992538274773821 0.01481399092823267 0.049122810129436756 -0.055371788059445953 0.068869276640073557 -0.015780707329511642 -0.076464645539720863 0.037659754237392921 -0.10764970934909324 -0.017918020090422569 0.0020657201718985419
leaf_weight=2506 22 21 38 20 21 34 25 20 20 37 20 38 28 22 39 28 21 20 20 22 20 31 22 41 25 30 24 23 39 121
leaf_count=2506 22 21 38 20 21 34 25 20 20 37 20 38 28 22 39 28 21 20 20 22 20 31 22 41 25 30 24 23 39 121
internal_value=4.27817e-11 0.000228573 0.0278945 -0.000263525 -0.0212474 -0.0451168 0.000221912 -0.00670937 -0.0492754 0.00205817 0.00143027 -0.00404482 -0.00693415 0.0323484 -0.00319216 -0.0142239 -0.00655157 0.0455039 0.0113477 0.0384753 0.0810807 0.00632021 -0.00593226 0.0137607 0.0368049 -0.0358113 -0.0156336 -0.0216954 -0.0512056 -0.00941598
internal_weight=3398 3376 59 3317 75 54 3242 679 40 2563 2526 639 592 47 554 315 276 41 239 93 40 53 146 88 66 58 235 211 62 149
internal_count=3398 3376 59 3317 75 54 3242 679 40 2563 2526 639 592 47 554 315 276 41 239 93 40 53 146 88 66 58 235 211 62 149
is_linear=0
shrinkage=0.05


Tree=176
num_leaves=31
num_cat=0
split_feature=8 21 8 8 16 28 2 25 5 29 8 19 23 23 22 6 10 3 4 4 23 22 22 4 18 21 18 20 27 28
split_gain=10.6107 29.0649 12.0569 38.3546 32.0205 53.8883 36.4268 31.7702 16.9941 35.4316 36.7652 34.4763 29.0749 71.2351 51.1122 51.3565 33.8339 30.9543 29.8018 31.7264 73.2383 26.6913 46.3899 79.77 43.2826 85.3159 58.179 34.5459 32.2132 32.8114
threshold=1019.5950000000001 65.035000000000011 1017.6300000000001 1018.0750000000002 -2.6672944428639149 58.252708333333338 63.275000000000013 3.5733410420710086 234.71500000000003 10.147129676847342 1014.7050000000002 46.345000000000006 34.275000000000006 23.135000000000002 53.520000000000003 28.695000000000004 253.04500000000004 22.285000000000004 5.9050000000000011 4.1050000000000013 83.160000000000011 45.305000000000007 49.115000000000009 4.2650000000000006 47.335000000000008 45.910000000000004 40.160000000000004 65.980000000000004 2.4764841163683795 41.788333333333348
decision_type=2 2 2 2 2 2 2 2 2 2 2 2 2 2 2 2 2 2 2 2 2 2 2 2 2 2 2 2 2 2
left_child=2 -2 8 7 -5 6 -6 -4 21 12 11 -11 13 -10 15 16 17 -14 19 -16 -21 27 23 -23 25 26 -25 -1 -24 -30
right_child=1 -3 3 4 5 -7 -8 -9 9 10 -12 -13 14 -15 18 -17 -18 -19 -20 20 -22 22 28 24 -26 -27 -28 -29 29 -31
leaf_value=-0.0029350504378742237 -0.011007243162021042 0.069166414886713032 -0.095199372395873075 0.045719721518895209 -0.03701451391070372 -0.071542893332214308 0.045847843037659514 -0.020635464645922183 0.023670401690261706 0.035734826461835338 0.066508500344519106 -0.054969631638377904 -0.059763449899576326 -0.092205627521293035 -0.011616644028320232 0.09006770420819521 0.049822146024392999 0.019171602044092573 0.0072295644297832393 -0.11970207998829503 -0.0046796973049640662 -0.01949003814591159 -0.054673832080637419 0.075062129673797912 0.0086786805311354197 0.14903106078505518 -0.025728471932763404 -0.064841839088046027 -0.031275557167828087 0.005339532927110445
leaf_weight=1115 26 20 20 34 21 26 36 50 21 22 28 20 27 36 44 20 23 23 41 31 25 58 24 41 41 25 22 23 64 1391
leaf_count=1115 26 20 20 34 21 26 36 50 21 22 28 20 27 36 44 20 23 23 41 31 25 58 24 41 41 25 22 23 64 1391
internal_value=-3.69038e-11 0.0238509 -0.000327309 -0.0126641 0.00485105 -0.0118903 0.0153196 -0.0419394 0.000401595 -0.0098094 0.0221287 -0.00745777 -0.0174921 -0.0495145 -0.00969179 0.0190817 -0.000366533 -0.0234533 -0.0286701 -0.0433889 -0.0683528 0.00171621 0.00574801 0.0292123 0.0511095 0.0708784 0.0398654 -0.00418624 0.00278126 0.00372897
internal_weight=3398 46 3352 187 117 83 57 70 3165 361 70 42 291 57 234 93 73 50 141 100 56 2804 1666 187 129 88 63 1138 1479 1455
internal_count=3398 46 3352 187 117 83 57 70 3165 361 70 42 291 57 234 93 73 50 141 100 56 2804 1666 187 129 88 63 1138 1479 1455
is_linear=0
shrinkage=0.05


Tree=177
num_leaves=31
num_cat=0
split_feature=8 8 17 5 22 26 25 24 21 9 9 4 3 25 17 27 4 10 11 3 18 5 29 2 19 10 8 29 23 26
split_gain=10.4883 15.4044 12.9355 57.3355 46.4515 35.8915 32.5524 38.2746 30.9531 29.4539 37.2688 29.3314 44.6211 29.6782 22.0608 37.2579 26.9006 27.0696 23.9873 52.5777 48.4953 42.7706 40.2625 39.376 36.1571 36.0446 37.2888 52.0509 63.3047 44.4966
threshold=1005.9800000000001 1006.7500000000001 5.0199631223296155 197.24500000000003 81.000000000000014 32.62916666666667 3.4857683939617856 38.428333333333306 55.870000000000012 11.235000000000001 10.315000000000001 4.5650000000000004 20.785000000000004 4.8403907995721704 4.5114444690563138 5.8347312100103972 4.1050000000000013 167.72500000000005 4.5000000000000009 16.905000000000005 32.240000000000002 163.06000000000003 8.9857322529572876 36.920000000000009 25.175000000000004 14.240000000000002 1014.5450000000001 8.7439399615206508 25.445000000000004 35.593333333333341
decision_type=2 2 2 2 2 2 2 2 2 2 2 2 2 2 2 2 2 2 2 2 2 2 2 2 2 2 2 2 2 2
left_child=-1 -2 9 4 6 -5 -4 -8 -9 10 14 -7 13 -13 18 -16 -17 -18 19 -3 21 -20 23 -23 -22 -21 -27 29 -29 -28
right_child=1 2 3 5 -6 11 7 8 -10 -11 -12 12 -14 -15 15 16 17 -19 20 25 24 22 -24 -25 -26 26 27 28 -30 -31
leaf_value=-0.029940693599075592 0.036541853356977988 0.050553261933049987 0.030890938639640809 0.092555409669876104 0.043381808844084546 -0.016794092843139714 -0.080504956048514167 0.024578237919895739 -0.050453095171334485 0.051012509757721869 -0.069470696442294866 0.046765353642404084 0.081001846854175844 -0.039371423870325092 -0.080351606675464177 0.037160624012998911 0.0081637351519682193 -0.07220910456031561 0.079344841760808027 0.040851965323090558 -0.051677248221548171 0.099255219598611208 -0.0032215182961367848 0.022972072418993232 0.00031897119716546444 -0.02400651240137459 -0.088062513475729673 0.1066286027058959 0.0072961251768800944 -0.0019041161013251926
leaf_weight=29 29 35 20 22 30 33 35 27 28 27 20 20 35 20 23 23 22 20 29 30 34 21 134 87 2009 386 22 20 81 47
leaf_count=29 29 35 20 22 30 33 35 27 28 27 20 20 35 20 23 23 22 20 29 30 34 21 134 87 2009 386 22 20 81 47
internal_value=-5.42044e-11 0.000257726 -5.73155e-05 0.0104351 -0.0117677 0.0343458 -0.0268084 -0.0396305 -0.0136195 -0.000980103 -0.00144142 0.0224883 0.0397726 0.00369696 -0.000991346 -0.0256588 -0.00630593 -0.030109 -0.000251744 -0.0089773 0.0020899 0.021964 0.0150878 0.0378049 -0.00054636 -0.0125329 -0.0154134 0.00409817 0.0269659 -0.0293749
internal_weight=3398 3369 3340 270 140 130 110 90 55 3070 3043 108 75 40 3023 88 65 42 2935 621 2314 271 242 108 2043 586 556 170 101 69
internal_count=3398 3369 3340 270 140 130 110 90 55 3070 3043 108 75 40 3023 88 65 42 2935 621 2314 271 242 108 2043 586 556 170 101 69
is_linear=0
shrinkage=0.05


Tree=178
num_leaves=31
num_cat=0
split_feature=8 8 27 4 27 12 22 17 6 7 29 27 21 21 29 10 3 6 18 3 22 17 17 21 14 8 3 4 7 24
split_gain=10.181 45.6937 30.7429 48.8599 69.3333 52.4609 49.7788 32.3816 45.6641 46.4691 47.2481 44.7443 46.0342 45.5987 44.3445 41.7168 38.8926 73.3077 53.547 39.396 42.3565 30.6853 30.2072 29.7481 32.3399 49.6291 27.9723 26.7231 60.0886 26.6969
threshold=1011.1950000000002 1011.2750000000001 4.6448404464611075 4.6150000000000011 4.0908711430165132 2.5000000000000004 56.760000000000012 -2.1772643897326627 29.735000000000003 65.155000000000015 9.2355011968856413 6.1708655522281601 39.385000000000012 49.860000000000007 8.7844609287483326 113.24000000000002 27.765000000000004 20.990000000000006 48.780000000000008 25.665000000000003 28.685000000000006 -2.5799106365230657 3.0129531957157147 28.250000000000004 0.60355339059327384 1010.6250000000001 18.655000000000005 4.3950000000000005 67.075000000000017 49.283333333333339
decision_type=2 2 2 2 2 2 2 2 2 2 2 2 2 2 2 2 2 2 2 2 2 2 2 2 2 2 2 2 2 2
left_child=2 -2 3 6 5 -5 -1 14 11 10 -10 12 -9 -14 27 -11 17 -13 -18 20 -19 23 26 -16 25 29 -22 -4 -29 -25
right_child=1 -3 7 4 -6 -7 -8 8 9 15 -12 16 13 -15 21 -17 18 19 -20 -21 22 -23 -24 24 -26 -27 -28 28 -30 -31
leaf_value=0.058231551540749417 -0.063015636851390208 -0.00092910308630095501 -0.041241901012306868 0.029347788485594925 -0.10490891262888909 -0.061905326521290209 -0.02671450202298515 0.063160201036245436 0.098496561737791199 -0.046866942693789798 0.018276709268490475 0.037179425505526137 -0.063002251797694378 0.041312219668179752 -0.025042499459925149 0.019946316208224745 -0.040384172253488081 -0.08709974090813595 0.066070989822899856 -0.099716361474107826 -0.035815123288381483 0.096081364601850516 -0.056921970104532586 0.091180177000553711 0.077188211022756803 -0.029884551802339655 0.027462810766883197 0.064283711599806947 -0.037561434879899026 0.022929144121314349
leaf_weight=35 30 2434 33 36 28 28 34 37 31 33 45 33 22 20 21 80 21 29 27 27 31 20 35 23 39 30 40 30 28 38
leaf_count=35 30 2434 33 36 28 28 34 37 31 33 45 33 22 20 21 80 21 29 27 27 31 20 35 23 39 30 40 30 28 38
internal_value=-7.62267e-11 -0.00168503 0.0044453 -0.0154315 -0.0392856 -0.0105754 0.0163741 0.00858522 0.00125748 0.0207669 0.050998 -0.0101937 0.0224952 -0.0133287 0.0228771 0.00043448 -0.0208209 -0.0307453 0.0194969 -0.0445818 -0.0335549 0.037883 -0.0189059 0.0301746 0.0390943 0.0227683 -0.000165583 -0.00532079 0.0151171 0.0486631
internal_weight=3398 2464 934 161 92 64 69 773 511 189 76 322 79 42 262 113 243 195 48 162 135 171 106 151 130 91 71 91 58 61
internal_count=3398 2464 934 161 92 64 69 773 511 189 76 322 79 42 262 113 243 195 48 162 135 171 106 151 130 91 71 91 58 61
is_linear=0
shrinkage=0.05


Tree=179
num_leaves=31
num_cat=0
split_feature=4 4 8 8 5 5 3 29 9 26 3 12 27 25 25 9 23 29 9 7 18 17 16 15 28 11 6 1 25 7
split_gain=9.82223 35.636 56.398 46.8471 41.5688 49.6534 43.4971 29.4651 31.8993 26.9399 43.4501 33.828 26.6009 30.2418 58.3144 57.6841 51.9661 39.4385 31.7664 38.4514 33.2788 31.6526 49.0441 30.8887 45.9296 28.6524 27.9962 27.4508 27.0223 50.8944
threshold=4.0650000000000004 3.6850000000000005 1007.6650000000001 1018.5200000000001 212.77500000000003 206.89500000000001 26.015000000000004 6.3770632769630557 3.0350000000000006 30.298333333333336 20.295000000000005 3.5000000000000004 3.6165289196216857 6.7586447441836688 7.4294828976789749 3.2650000000000001 51.495000000000012 8.5145576415349549 6.285000000000001 74.595000000000013 47.335000000000008 -0.92248238428253726 -1.5433850104999467 0.60355339059327384 35.233750000000008 17.500000000000004 25.605000000000004 75.043350000000018 3.8268002160165397 62.285000000000004
decision_type=2 2 2 2 2 2 2 2 2 2 2 2 2 2 2 2 2 2 2 2 2 2 2 2 2 2 2 2 2 2
left_child=1 2 -1 12 5 6 9 -2 -9 -3 11 -11 -4 21 16 -16 -15 -17 19 20 -19 23 25 24 -14 28 -26 -28 -23 -30
right_child=7 4 3 -5 -6 -7 -8 8 -10 10 -12 -13 13 14 15 17 -18 18 -20 -21 -22 22 -24 -25 26 -27 27 -29 29 -31
leaf_value=0.072070036929100759 -0.050865191233654822 -0.02040877502411604 -0.047103499496976536 0.065539969957393154 0.049033020102412117 -0.058980422779917718 -0.040184447993166172 0.048583916493225847 -0.0016638895797781467 -0.015734119294211268 0.092652632367486762 0.061890749100595714 -0.060598247506372306 -0.12781382032803126 0.073454468064010153 -0.064193768492516345 -0.01785165262831883 0.084089465155487972 -0.053040209265115358 -0.042693552115689155 0.0060188160636104075 -0.017275261222808199 -0.0052163749145200623 -0.043150943742608125 0.061223777480147505 0.090737886071205143 -0.040618868242017929 0.025267876892588859 0.10360812375491316 -0.0065974102064501501
leaf_weight=25 30 20 39 23 85 25 26 32 2438 32 30 25 23 21 20 34 22 21 24 23 39 22 104 53 27 25 25 43 22 20
leaf_count=25 30 20 39 23 85 25 26 32 2438 32 30 25 23 21 20 34 22 21 24 23 39 22 104 53 27 25 25 43 22 20
internal_value=4.53943e-11 0.00448534 -0.00158145 -0.00450412 0.0208382 0.00567009 0.0178224 -0.00161113 -0.00101291 0.0319176 0.0439466 0.0183119 -0.00715818 -0.00441546 -0.0198266 -0.0060112 -0.0715541 -0.0172829 -0.00237667 0.012273 0.0333435 0.00422156 0.0181001 -0.0114425 0.0027994 0.0453463 0.0181483 0.00104481 0.0276152 0.0511293
internal_weight=3398 898 655 630 243 158 133 2500 2470 107 87 57 607 568 204 161 43 141 107 83 60 364 193 171 118 89 95 68 64 42
internal_count=3398 898 655 630 243 158 133 2500 2470 107 87 57 607 568 204 161 43 141 107 83 60 364 193 171 118 89 95 68 64 42
is_linear=0
shrinkage=0.05


Tree=180
num_leaves=31
num_cat=0
split_feature=23 7 7 26 20 20 2 22 6 23 19 19 24 28 27 9 9 4 28 20 11 5 9 2 8 8 14 18 17 28
split_gain=10.0806 28.0922 43.8124 21.2868 16.6272 17.2044 33.4751 39.1583 27.4502 19.9734 18.0512 33.6839 31.19 26.0753 27.4541 32.8096 28.4494 27.2613 27.1295 25.2911 19.9834 18.7307 46.8791 40.1042 17.6822 46.5617 30.2578 28.111 30.9332 39.062
threshold=101.85500000000002 53.875000000000007 64.460000000000022 101.02833333333335 103.21500000000002 95.280000000000015 166.59000000000003 84.480000000000004 34.305000000000007 92.785000000000011 86.825000000000003 87.345000000000013 86.355000000000018 90.760625000000005 9.3932571340595796 4.1550000000000011 5.3850000000000007 4.955000000000001 94.206458333333359 84.885000000000005 12.500000000000002 142.07000000000002 3.8450000000000002 79.63000000000001 1017.6300000000001 1018.0750000000002 0.37940952255126054 30.195000000000004 0.19883453522047553 46.562500000000007
decision_type=2 2 2 2 2 2 2 2 2 2 2 2 2 2 2 2 2 2 2 2 2 2 2 2 2 2 2 2 2 2
left_child=3 -2 -3 4 5 10 8 -8 -7 -9 12 -12 21 14 15 19 -17 -18 -15 -13 -14 22 -1 -24 -23 26 -26 -27 29 -29
right_child=1 2 -4 -5 -6 6 7 9 -10 -11 11 13 20 18 -16 16 17 -19 -20 -21 -22 24 23 -25 25 27 -28 28 -30 -31
leaf_value=0.026210642309376489 -0.055819727318982285 0.043929714520151417 -0.050233997014306843 0.042352412951489289 -0.035269838842478668 -0.042233776096254588 -0.007154860145722826 0.039203611991944769 0.023385632125770345 0.10902093611657621 -0.069325542449951177 0.04061747430621282 0.070258449591123137 0.039847749176745613 0.030856273571650189 -0.087675299470623344 -0.064206911818612197 0.016358508830446573 -0.021403759062804027 -0.024082002822648399 0.0076500396430492406 0.001862286213666712 -0.0084265266855557755 -0.10502680885520849 -0.079581422255271012 0.052525613521752147 -0.004060914899621691 -0.029372900301989704 -0.038954082575250182 0.049859848070357531
leaf_weight=27 30 30 21 30 33 30 24 21 34 20 24 23 26 48 24 30 21 21 29 44 25 2550 21 22 36 23 21 28 47 35
leaf_count=27 30 30 21 30 33 30 24 21 34 20 24 23 26 48 24 30 21 21 29 44 25 2550 21 22 36 23 21 28 47 35
internal_value=-9.99363e-11 -0.0174273 0.00515642 0.000425569 4.29089e-05 0.000401028 0.0182952 0.0435689 -0.00737347 0.0732608 -0.000337642 -0.0128476 0.000816718 -0.00719978 -0.0185272 -0.0270538 -0.0504872 -0.0239242 0.016779 -0.00187173 0.0395681 0.000113402 -0.0254266 -0.0578499 0.000765883 -0.013949 -0.0517581 0.00225489 -0.00825626 0.0146453
internal_weight=3398 81 51 3317 3287 3254 129 65 64 41 3125 264 2861 240 163 139 72 42 77 67 51 2810 70 43 2740 190 57 133 110 63
internal_count=3398 81 51 3317 3287 3254 129 65 64 41 3125 264 2861 240 163 139 72 42 77 67 51 2810 70 43 2740 190 57 133 110 63
is_linear=0
shrinkage=0.05


Tree=181
num_leaves=31
num_cat=0
split_feature=8 8 17 8 5 5 3 4 4 10 29 9 9 18 21 4 4 9 25 25 29 9 5 9 27 27 25 25 25 9
split_gain=10.2516 12.8419 12.1754 52.8487 47.0426 60.7432 44.1114 68.8089 45.3155 40.9378 30.0992 26.0268 32.7036 24.7547 21.9114 23.0513 67.6354 44.5332 38.685 44.6399 40.5535 37.4376 34.4552 30.67 28.5027 40.1837 55.1002 67.6351 68.6049 39.602
threshold=1005.9800000000001 1006.7500000000001 5.0199631223296155 1016.7350000000001 177.16000000000003 157.83500000000004 17.695000000000004 4.7550000000000008 5.6350000000000007 197.59500000000003 9.2941172962465579 11.235000000000001 10.315000000000001 55.005000000000003 105.35000000000001 4.7950000000000008 5.0950000000000006 3.0350000000000006 6.8275617645052522 3.8600021563430986 9.3023873839054385 3.0450000000000004 212.01000000000002 3.9950000000000006 9.0194560613685244 7.6652955816094535 7.1130720274196282 9.5385706241206041 8.409611557154177 4.3250000000000011
decision_type=2 2 2 2 2 2 2 2 2 2 2 2 2 2 2 2 2 2 2 2 2 2 2 2 2 2 2 2 2 2
left_child=-1 -2 11 4 5 -4 9 10 -9 13 -8 12 14 -6 15 17 18 -3 19 22 -21 -18 -17 -20 25 -23 -27 28 -28 -29
right_child=1 2 3 -5 6 -7 7 8 -10 -11 -12 -13 -14 -15 -16 16 21 -19 23 20 -22 24 -24 -25 -26 26 27 29 -30 -31
leaf_value=-0.029600936521230071 0.033383780645190514 -0.064567119385237279 0.025417718258888829 0.072714354743560153 -0.022393774588902793 -0.079791244557675195 -0.048270437695086009 0.13147341318428515 0.040030629783480737 -0.073835318429129465 0.034023627415299421 0.047946136499996544 -0.065088346134871244 0.044973642885684971 -0.045781162960661786 0.0091079152327902778 0.05469259237249692 0.0056203170881242428 -0.0343620491726324 -0.10794646888481159 -0.034898662841633753 1.0079976744180717e-05 -0.060956952112194686 0.035490049052080419 0.014505005527968776 0.00045197751667154463 -0.03272976282840738 0.032114887209900189 -0.1306842983446338 -0.051873805940151223
leaf_weight=29 29 23 23 30 30 34 25 20 42 21 20 27 20 25 27 47 30 1299 30 38 38 941 28 33 227 133 39 32 33 25
leaf_count=29 29 23 23 30 30 34 25 20 42 21 20 27 20 25 27 47 30 1299 30 38 38 941 28 33 227 133 39 32 33 25
internal_value=-7.51969e-11 0.000254802 -3.28451e-05 0.0101466 0.00232566 -0.0373385 0.0146801 0.0353688 0.0695283 -0.0144476 -0.0116953 -0.000928108 -0.00136176 0.00822778 -0.000940149 -0.000536041 -0.00443353 0.0043992 -0.0306847 -0.0444161 -0.0714226 -0.000585753 -0.0170496 0.00222715 -0.00174544 -0.00481181 -0.0221301 -0.0454125 -0.0776256 -0.00472226
internal_weight=3398 3369 3340 270 240 57 183 107 62 76 45 3070 3043 55 3023 2996 1674 1322 214 151 76 1460 75 63 1430 1203 262 129 72 57
internal_count=3398 3369 3340 270 240 57 183 107 62 76 45 3070 3043 55 3023 2996 1674 1322 214 151 76 1460 75 63 1430 1203 262 129 72 57
is_linear=0
shrinkage=0.05


Tree=182
num_leaves=31
num_cat=0
split_feature=16 16 21 21 9 25 29 7 21 19 2 27 27 27 23 24 19 6 7 3 21 21 25 3 27 6 27 19 6 21
split_gain=10.4629 11.2562 27.7664 49.4871 28.3972 27.6847 39.2126 41.7824 41.1294 37.9994 42.8626 35.9552 43.3053 33.2903 35.6547 31.2432 31.1157 29.403 34.3055 52.5709 59.117 29.1089 51.7468 49.4737 27.4751 25.594 21.1416 26.4002 19.7764 20.4089
threshold=8.3129236711266348 3.3968991653357778 102.59500000000001 99.745000000000019 5.0650000000000004 9.3955185977750535 6.955446422711093 51.265000000000008 55.240000000000002 77.345000000000013 66.395000000000024 4.5084324339445523 7.100859565181211 8.67029770370935 47.07500000000001 37.119999999999997 69.110000000000014 29.575000000000003 77.385000000000005 12.195000000000002 82.770000000000024 42.355000000000011 6.1684708840305396 23.605000000000004 7.8504912730064413 28.975000000000005 4.0908711430165132 53.820000000000007 39.50500000000001 95.90000000000002
decision_type=2 2 2 2 2 2 2 2 2 2 2 2 2 2 2 2 2 2 2 2 2 2 2 2 2 2 2 2 2 2
left_child=1 2 3 28 -4 6 -3 8 -8 10 -7 26 17 14 24 -15 -16 21 19 -19 -21 23 -23 -13 -14 -17 27 -9 29 -1
right_child=-2 5 4 -5 -6 9 7 11 -10 -11 -12 12 13 15 16 25 -18 18 -20 20 -22 22 -24 -25 -26 -27 -28 -29 -30 -31
leaf_value=0.0013159316143021359 0.025748834166771331 0.03763246502610855 -0.06560723132964584 0.055683679009477294 0.0077190549153348682 0.060646205963566902 -0.023221969261690643 0.020791914963483579 -0.10427151092368624 0.079028602875769141 -0.029001659452915191 0.075258630851255046 0.031920305646955964 -0.040608244031667712 -0.096052520026569263 0.063972060561180114 -0.026855909437731362 -0.013877823932229409 -0.010181886283680797 0.13233126199159484 0.022285458769487301 -0.073917743215958273 0.02991184536367655 -0.025412455029212511 -0.046704758228734135 -0.0056308998194124016 -0.081990435516292412 -0.055618197227326728 0.047134717521460166 -0.025682341550580329
leaf_weight=2518 39 40 31 42 23 20 49 20 23 21 40 23 25 25 32 25 33 21 32 26 23 30 20 26 20 28 22 26 23 72
leaf_count=2518 39 40 31 42 23 20 49 20 23 21 40 23 25 25 32 25 33 21 32 26 23 30 20 26 20 28 22 26 23 72
internal_value=7.01769e-11 -0.000298959 0.00111883 0.00184075 -0.0343757 -0.00620787 -0.0101012 -0.0137105 -0.0491128 0.0211415 0.000880962 -0.00813294 -0.00226923 -0.0195191 -0.0372365 0.00546705 -0.0609219 0.0138649 0.0327051 0.0523106 0.0806771 -0.00554617 -0.0323859 0.0218413 -0.00302417 0.0272007 -0.0416768 -0.0223964 0.00097531 0.0005654
internal_weight=3398 3359 2709 2655 54 650 569 529 72 81 60 457 389 188 110 78 65 201 102 70 49 99 50 49 45 53 68 46 2613 2590
internal_count=3398 3359 2709 2655 54 650 569 529 72 81 60 457 389 188 110 78 65 201 102 70 49 99 50 49 45 53 68 46 2613 2590
is_linear=0
shrinkage=0.05


Tree=183
num_leaves=31
num_cat=0
split_feature=12 21 3 25 4 16 16 21 5 2 4 29 29 19 25 4 10 2 8 8 17 8 3 3 17 25 8 4 29 29
split_gain=9.79708 24.5732 27.9408 29.9286 27.3376 42.4684 35.0378 50.0882 34.8804 29.8047 23.4162 30.8824 26.0375 29.4805 18.7956 22.5705 16.6393 34.3616 19.6476 21.4249 32.0727 48.7835 38.3147 53.7329 38.2994 69.627 42.8153 33.4647 65.2582 82.074
threshold=5.5000000000000009 19.085000000000004 28.025000000000002 4.8732723429833582 4.5650000000000004 -3.1219011475977134 2.457682928810212 46.95000000000001 227.23000000000005 148.92500000000004 6.3150000000000004 9.2517427579495717 9.2598703836961089 38.300000000000004 5.1094095860557305 3.4950000000000006 354.16000000000003 96.175000000000011 1006.3800000000001 1011.1950000000002 0.75842142446684502 1019.2600000000001 31.535000000000004 29.985000000000003 1.1741427237956521 4.3963999946654164 1014.2750000000001 5.245000000000001 7.5228724620850498 8.0615328256952115
decision_type=2 2 2 2 2 2 2 2 2 2 2 2 2 2 2 2 2 2 2 2 2 2 2 2 2 2 2 2 2 2
left_child=16 -2 4 -4 5 -3 9 -8 14 10 12 -12 -6 -14 15 -7 18 -18 -1 -20 21 -21 23 24 25 -22 -27 28 -26 -30
right_child=1 2 3 -5 6 8 7 -9 -10 -11 11 -13 13 -15 -16 -17 17 -19 19 20 22 -23 -24 -25 27 26 -28 -29 29 -31
leaf_value=-0.039331662249477477 -0.043424370366594071 -0.026069838021482741 0.090329670223097014 0.010742683032596553 -0.026104177152965126 0.0030184498056769374 -0.071996774259023372 0.0087178217196786732 0.089081291288137437 -0.042944605291510625 0.093282042965292938 0.0083286545603819522 0.072108530856314162 -0.0098303504429919572 -0.0036762688691035295 0.073098282417696378 -0.013654910285885519 0.067634724309811226 0.0061568516102014255 -0.011104789839627267 -0.039500604011118413 0.049691661956774838 -0.053546663964616839 0.061507165394723423 0.039963633655325369 0.021013804999264807 0.11665320596098901 0.010168220228503408 -0.087121999548061907 -0.0097537532769721505
leaf_weight=34 23 35 21 27 41 20 40 37 25 24 20 23 21 23 39 27 26 26 751 1117 20 34 29 40 57 22 25 383 38 350
leaf_count=34 23 35 21 27 41 20 40 37 25 24 20 23 21 23 39 27 26 26 751 1117 20 34 29 40 57 22 25 383 38 350
internal_value=4.96886e-11 0.00690713 0.00964383 0.045562 0.0050463 0.0219537 -0.00573307 -0.0332118 0.0370962 0.0081871 0.0177743 0.0478419 0.00256364 0.0292768 0.0219843 0.0432771 -0.00104356 0.0269899 -0.00154623 -0.00109797 -0.00367403 -0.00930889 0.0030539 0.00480943 0.00227545 0.0386361 0.0718858 -0.00066678 -0.00999219 -0.0173311
internal_weight=3398 446 423 48 375 146 229 77 111 152 128 43 85 44 86 47 2952 52 2900 2866 2115 1151 964 935 895 67 47 828 445 388
internal_count=3398 446 423 48 375 146 229 77 111 152 128 43 85 44 86 47 2952 52 2900 2866 2115 1151 964 935 895 67 47 828 445 388
is_linear=0
shrinkage=0.05


Tree=184
num_leaves=31
num_cat=0
split_feature=28 28 18 2 21 28 9 22 2 19 21 25 4 22 18 3 6 6 23 24 18 20 19 19 12 20 20 3 4 19
split_gain=9.5576 61.7896 51.5274 49.9454 38.9865 32.0328 36.6023 28.7231 28.5081 44.8269 27.5197 31.9109 30.7794 20.2904 17.4544 44.8163 27.9873 32.8517 25.8141 24.7684 33.4132 42.4917 34.9855 61.6282 34.4296 28.1444 37.7594 59.0021 48.2397 38.7131
threshold=26.450000000000006 28.766875000000006 35.310000000000009 30.725000000000005 35.055000000000007 26.128541666666671 3.4050000000000007 32.615000000000002 45.580000000000005 31.455000000000002 29.350000000000005 8.9926070928355575 6.0750000000000011 23.645000000000003 26.245000000000001 17.905000000000005 23.355000000000004 28.165000000000003 33.155000000000008 26.058333333333341 29.635000000000002 36.125000000000007 25.175000000000004 26.735000000000003 2.5000000000000004 38.145000000000003 30.655000000000005 29.035000000000004 6.0950000000000006 43.175000000000004
decision_type=2 2 2 2 2 2 2 2 2 2 2 2 2 2 2 2 2 2 2 2 2 2 2 2 2 2 2 2 2 2
left_child=4 2 3 -2 5 6 -1 8 -5 -10 11 12 13 -8 15 -3 18 -18 -17 -16 21 24 -22 -24 -21 26 28 29 -25 -28
right_child=1 14 -4 7 -6 -7 10 -9 9 -11 -12 -13 -14 -15 19 16 17 -19 -20 20 22 -23 23 25 -26 -27 27 -29 -30 -31
leaf_value=0.071296110181581412 -0.086745847456834543 0.085639227864642953 -0.0981990616619587 0.059733431389474345 -0.052044667930088266 0.072233288642019042 -0.078997498111372508 -0.04641535420108725 -0.05683679146611173 0.045514816120266921 0.052564384424615473 0.040968886367045348 0.023648062425976002 -0.019967427728949369 0.054139002477971924 -0.0042859092354774475 -0.039524307872422719 0.03530695600096475 0.073384250295550929 -0.0072772676854029952 -0.052175631296009786 0.01172297537708894 0.075041154446080338 -0.026642974371929747 -0.085178946723809115 -0.001447518361342147 0.020470645343219598 -0.038941889664819165 0.050581988864220107 0.067667449531810628
leaf_weight=21 22 21 25 23 22 24 24 27 23 20 21 24 24 37 21 20 44 22 23 23 31 39 28 91 37 2401 140 31 26 63
leaf_count=21 22 21 25 23 22 24 24 27 23 20 21 24 24 37 21 20 44 22 23 23 31 39 28 91 37 2401 140 31 26 63
internal_value=-1.44029e-11 -0.000657844 -0.0331406 -0.0189974 0.0106891 0.0185757 0.0100473 -0.00297092 0.0148018 -0.00923139 0.000153262 -0.00994429 -0.0243198 -0.0431924 0.000827809 0.0187556 0.00586975 -0.0145806 0.0372586 3.26493e-05 -0.000357809 -0.0289071 0.000647662 0.0012367 -0.0553166 0.000485781 0.0137104 0.0253066 -0.00948187 0.0351179
internal_weight=3398 3201 140 115 197 175 151 93 66 43 130 109 85 61 3061 130 109 66 43 2931 2910 99 2811 2780 60 2752 351 234 117 203
internal_count=3398 3201 140 115 197 175 151 93 66 43 130 109 85 61 3061 130 109 66 43 2931 2910 99 2811 2780 60 2752 351 234 117 203
is_linear=0
shrinkage=0.05


Tree=185
num_leaves=31
num_cat=0
split_feature=12 25 21 25 6 26 18 16 16 22 29 8 11 21 23 29 12 22 10 16 25 27 19 24 24 25 6 9 27 5
split_gain=9.63231 22.8722 30.0484 26.0472 32.7395 39.0013 48.2831 42.5077 35.6644 35.2309 31.1836 70.0243 29.8064 21.364 23.4136 19.4601 15.5858 28.1586 26.0291 55.3379 32.0463 39.4053 30.9049 53.0621 43.3594 27.614 67.9271 54.8792 47.2167 57.6351
threshold=5.5000000000000009 10.036621180965072 19.085000000000004 7.4747529897869125 25.095000000000002 45.926666666666677 50.605000000000011 2.457682928810212 -2.1652600885450042 72.455000000000027 8.2682959601235471 1013.6050000000001 13.500000000000002 81.075000000000003 76.27500000000002 9.1118938384495962 2.5000000000000004 25.295000000000005 184.83500000000004 -1.1809333706392744 8.3072157228158918 8.7609052356980825 80.855000000000018 44.166666666666664 33.25833333333334 4.0958677199831932 28.355000000000004 4.3350000000000009 7.3877833491603182 201.78000000000003
decision_type=2 2 2 2 2 2 2 2 2 2 2 2 2 2 2 2 2 2 2 2 2 2 2 2 2 2 2 2 2 2
left_child=16 2 -2 4 10 7 -7 8 -6 15 -4 -12 -5 14 -11 -8 17 -1 19 25 21 22 23 24 -21 26 27 -18 29 -28
right_child=1 -3 3 12 5 6 9 -9 -10 13 11 -13 -14 -15 -16 -17 18 -19 -20 20 -22 -23 -24 -25 -26 -27 28 -29 -30 -31
leaf_value=0.053268569114583511 -0.054209250850336892 0.053313963154330846 0.089650993732114645 -0.048515345510095363 -0.035562746714179715 0.074637382439686914 -0.065293425284326079 -0.065478064404690978 0.039762388398362832 0.037982864377017207 -0.04383061287755316 0.083815553784370431 0.021966825499354553 0.053753941408113431 -0.029118683991523894 -0.0016208854193488758 -0.10261848173503366 0.001721559278816174 0.0022276635920746601 -0.065817052396860989 0.0036832872606978265 -0.11534387998282909 0.01706941002048552 -0.10531473786666477 0.035903834546916188 0.0024415642514735766 -0.043177030823732677 -0.01913921007472608 0.073949966514483087 0.033495863919081381
leaf_weight=27 21 25 24 40 30 32 20 34 33 26 22 21 24 38 26 30 35 1413 728 22 34 20 20 29 20 439 57 45 20 43
leaf_count=27 21 25 24 40 30 32 20 34 33 26 22 21 24 38 26 30 35 1413 728 22 34 20 20 29 20 439 57 45 20 43
internal_value=4.59458e-13 0.0068488 0.00408958 0.00715027 0.0127188 0.00492952 0.0192269 -0.0204225 0.00389328 0.0065616 0.0439922 0.0185082 -0.0220845 0.0252569 0.00443209 -0.0270899 -0.00103474 0.00268807 -0.00458028 -0.0109019 -0.0387882 -0.0517974 -0.0378312 -0.0532961 -0.0173785 -0.00457407 -0.0199734 -0.0556614 0.00381859 -0.0102077
internal_weight=3398 446 421 400 336 269 172 97 63 140 67 43 64 90 52 50 2952 1440 1512 784 145 111 91 71 42 639 200 80 120 100
internal_count=3398 446 421 400 336 269 172 97 63 140 67 43 64 90 52 50 2952 1440 1512 784 145 111 91 71 42 639 200 80 120 100
is_linear=0
shrinkage=0.05


Tree=186
num_leaves=31
num_cat=0
split_feature=3 29 3 9 2 27 20 8 24 27 18 3 18 3 9 25 18 16 29 27 8 4 3 6 22 22 9 27 27 5
split_gain=9.25031 43.6347 35.6692 43.2135 41.2605 36.0438 34.4879 47.4488 40.698 34.428 27.4352 24.0395 18.7888 18.0046 63.5788 51.7621 38.2188 36.6808 25.1228 43.8072 49.8523 21.8033 21.6032 24.9664 24.3272 22.4232 21.0081 20.9503 40.6604 55.3329
threshold=11.185 7.7360130238202203 10.715000000000002 3.2550000000000003 146.01500000000001 5.5669886542050557 45.965000000000011 1010.8250000000002 50.386666666666677 6.7818077506962426 62.425000000000004 9.7200000000000024 47.07500000000001 13.445000000000002 3.1550000000000007 7.8440847574525394 50.365000000000009 -4.2930451407789052 9.5416991249017453 5.5447363654731907 1015.7050000000002 5.1950000000000012 13.585000000000003 38.365000000000002 105.35000000000001 101.78500000000001 10.535000000000002 2.3043570702345879 3.0531693840246539 201.78000000000003
decision_type=2 2 2 2 2 2 2 2 2 2 2 2 2 2 2 2 2 2 2 2 2 2 2 2 2 2 2 2 2 2
left_child=1 12 3 -3 6 -4 7 -5 -8 -6 -10 -9 -1 14 -2 17 -17 -16 19 20 21 -19 -15 24 25 26 27 -24 29 -29
right_child=13 2 5 4 9 -7 8 11 10 -11 -12 -13 -14 22 15 16 -18 18 -20 -21 -22 -23 23 -25 -26 -27 -28 28 -30 -31
leaf_value=-0.0020162129402160646 0.074294028133153917 -0.056494580744765703 0.10148009732365609 -0.062946730782277888 0.016246356107294562 0.018342827219748871 0.11001210090305125 0.061582736642314839 -0.0049617854043327537 -0.076527584195137027 0.067308055787968141 -0.007086381837725639 -0.06763461730442942 0.04069013059841272 0.048764804249199545 -0.094164014070787852 -0.014483479241392129 -0.057519823179713318 0.0082668686250248289 0.0076503219945287266 -0.11277924536362938 0.0038289352537443245 -0.04857447790828618 0.041355931862360903 -0.052922805178571834 0.044380765055705401 -0.033034365586176215 -0.01558007549804946 -0.00051774476659545584 0.084198349375616433
leaf_weight=20 20 24 22 20 20 32 21 26 29 20 24 25 24 33 26 34 27 28 79 54 23 30 22 36 22 28 49 24 2523 33
leaf_count=20 20 24 22 20 20 32 21 26 29 20 24 25 24 33 26 34 27 28 79 54 23 30 22 36 22 28 49 24 2523 33
internal_value=-1.52358e-11 0.00827784 0.015988 0.00662832 0.0148172 0.0522136 0.0272194 0.00232475 0.0511048 -0.0301406 0.0277642 0.0279214 -0.0378081 -0.00082216 -0.012032 -0.017768 -0.0588956 -0.00731469 -0.0141281 -0.0272333 -0.050489 -0.0257877 0.000476888 -7.96328e-06 -0.000559278 -0.000129267 -0.000599385 1.14201e-05 0.000425718 0.0421864
internal_weight=3398 307 263 209 185 54 145 71 74 40 53 51 44 3091 321 301 61 240 214 135 81 58 2770 2737 2701 2679 2651 2602 2580 57
internal_count=3398 307 263 209 185 54 145 71 74 40 53 51 44 3091 321 301 61 240 214 135 81 58 2770 2737 2701 2679 2651 2602 2580 57
is_linear=0
shrinkage=0.05


Tree=187
num_leaves=31
num_cat=0
split_feature=16 4 4 29 29 8 15 2 29 27 2 21 7 16 6 22 22 29 6 27 27 4 23 5 29 23 16 29 10 22
split_gain=9.44478 10.5898 45.669 29.7033 31.8036 49.0034 40.3206 28.8041 35.4544 47.9692 33.3909 34.7847 28.6386 28.5342 32.5761 28.4931 30.7964 84.3276 49.9616 47.5516 57.2352 48.5267 45.1035 52.2705 50.6096 75.7934 61.6107 46.6366 49.5133 46.4128
threshold=8.3129236711266348 4.1050000000000013 4.1450000000000005 6.3770632769630557 6.8555570409301483 1010.9150000000001 -0.12940952255126037 166.14000000000001 10.987280263962633 7.0452211844961647 158.10000000000005 24.070000000000004 47.730000000000011 2.1401538754125773 31.865000000000006 103.31000000000002 40.160000000000004 7.6629491610233869 20.990000000000006 8.67029770370935 8.9471047023014574 5.5750000000000011 55.735000000000007 240.72500000000002 8.7844609287483326 57.340000000000011 2.5762712795492191 8.641970819725314 241.31500000000003 98.52500000000002
decision_type=2 2 2 2 2 2 2 2 2 2 2 2 2 2 2 2 2 2 2 2 2 2 2 2 2 2 2 2 2 2
left_child=1 7 -3 -4 5 -5 -7 8 10 -10 11 -1 -13 14 -9 16 17 -6 -19 -20 -21 -22 -18 24 27 -26 29 28 -24 -27
right_child=-2 2 3 4 15 6 -8 13 9 -11 -12 12 -14 -15 -16 -17 22 18 19 20 21 -23 23 -25 25 26 -28 -29 -30 -31
leaf_value=-0.038487689111095208 0.024463975505951127 -0.06042548315317342 -0.051501301765955736 0.096046880810033708 -0.069294251204383636 0.058333639384490321 -0.026887951152665276 0.084584734837214154 -0.015565307603942025 0.070263299418658748 -0.046557825393019586 0.050116571730177389 0.0016599114957644133 -0.011004825919866562 0.0049230238511448823 -0.047788245964682466 0.012557634694943415 0.024887006101198497 -0.0037398078243926821 -0.11555331941871416 -0.065126728226204175 0.012565136736851524 0.019389527274414148 -0.048394640933792477 -0.10697809952311217 -0.02394881494453065 0.021390139110118264 0.064636506460224979 -0.023574290048134956 0.048175112033883735
leaf_weight=52 39 33 29 21 55 23 35 33 27 41 39 32 647 25 21 33 679 116 399 21 37 44 228 63 20 316 132 39 95 24
leaf_count=52 39 33 29 21 55 23 35 33 27 41 39 32 647 25 21 33 679 116 399 21 37 44 228 63 20 316 132 39 95 24
internal_value=-8.98339e-11 -0.000284041 -0.00200441 -0.00120412 -0.000591255 0.0306023 0.00690682 0.00429735 0.0015765 0.0361843 -0.00147977 0.000925216 0.00394358 0.033159 0.0536052 -0.00166222 -0.000991073 -0.00997011 -0.0046819 -0.0115282 -0.0419945 -0.0229237 0.00278958 -0.00444326 -0.00120095 -0.0116416 -0.00760196 0.0129892 0.00675311 -0.0188577
internal_weight=3398 3359 2442 2409 2380 79 58 917 838 68 770 731 679 79 54 2301 2268 672 617 501 102 81 1596 917 854 492 472 362 323 340
internal_count=3398 3359 2442 2409 2380 79 58 917 838 68 770 731 679 79 54 2301 2268 672 617 501 102 81 1596 917 854 492 472 362 323 340
is_linear=0
shrinkage=0.05


Tree=188
num_leaves=31
num_cat=0
split_feature=28 28 18 2 21 28 9 22 2 19 21 25 4 6 18 3 9 18 24 18 20 19 19 12 20 20 23 29 8 25
split_gain=9.64082 53.6973 44.2846 42.6055 34.8489 28.507 31.6046 24.7137 25.3152 37.8941 24.4788 28.3156 26.6756 18.7482 15.9481 40.1884 27.6439 30.5572 22.112 29.3541 37.7668 31.1385 55.7791 30.0107 24.7628 36.7384 89.9595 64.6924 37.9397 41.384
threshold=26.450000000000006 28.766875000000006 35.310000000000009 30.725000000000005 35.055000000000007 26.128541666666671 3.4050000000000007 32.615000000000002 45.580000000000005 31.455000000000002 29.350000000000005 8.9926070928355575 6.0750000000000011 21.265000000000004 26.245000000000001 17.905000000000005 5.0450000000000008 22.500000000000004 26.058333333333341 29.635000000000002 36.125000000000007 25.175000000000004 26.735000000000003 2.5000000000000004 38.145000000000003 41.100000000000001 53.965000000000011 8.3862161475449248 1010.9550000000002 5.8794529223929244
decision_type=2 2 2 2 2 2 2 2 2 2 2 2 2 2 2 2 2 2 2 2 2 2 2 2 2 2 2 2 2 2
left_child=4 2 3 -2 5 6 -1 8 -5 -10 11 12 13 -8 15 -3 17 -17 -16 20 23 -21 -23 -20 -24 26 27 -26 -29 -30
right_child=1 14 -4 7 -6 -7 10 -9 9 -11 -12 -13 -14 -15 18 16 -18 -19 19 21 -22 22 24 -25 25 -27 -28 28 29 -31
leaf_value=0.067060499922150671 -0.080402820929884919 0.081197249392668411 -0.091254815563559535 0.055798436857193059 -0.048575937595557089 0.068810409338523948 -0.0014249943108076142 -0.043326472215078494 -0.052959390496835117 0.041145214885473257 0.050383461426411362 0.039388729821075691 0.022543616424081848 -0.059766173772513864 0.051086735202088243 -0.0061135754996054885 -0.027412659348919989 0.060609394151833841 -0.0072110571615073994 -0.049296818469320575 0.01114077958254478 0.071308168782187362 0.012783749889452382 -0.079941918157242442 -0.06404723904372471 9.2868879986438989e-05 -0.12176815668741864 -0.040000685139305214 0.067754352543699117 -0.021102982154116035
leaf_weight=21 22 21 25 23 22 24 21 27 23 20 21 24 24 40 21 37 40 32 23 31 39 28 351 37 37 2263 21 22 38 20
leaf_count=21 22 21 25 23 22 24 21 27 23 20 21 24 24 40 21 37 40 32 23 31 39 28 351 37 37 2263 21 22 38 20
internal_value=4.50132e-11 -0.000660702 -0.0309417 -0.0178302 0.0107356 0.0181919 0.0101465 -0.00302809 0.0134576 -0.00918981 0.000952747 -0.0085706 -0.0221121 -0.0396815 0.000724253 0.017861 0.00565864 0.0248304 -3.58226e-05 -0.000404748 -0.0271638 0.000537672 0.00109338 -0.0520618 0.000378986 -0.00143445 -0.0264804 -0.00937741 0.0159074 0.0371139
internal_weight=3398 3201 140 115 197 175 151 93 66 43 130 109 85 61 3061 130 109 69 2931 2910 99 2811 2780 60 2752 2401 138 117 80 58
internal_count=3398 3201 140 115 197 175 151 93 66 43 130 109 85 61 3061 130 109 69 2931 2910 99 2811 2780 60 2752 2401 138 117 80 58
is_linear=0
shrinkage=0.05


Tree=189
num_leaves=31
num_cat=0
split_feature=12 16 16 16 6 3 16 16 16 9 1 4 11 21 16 4 14 8 16 27 8 27 27 4 17 10 15 22 4 29
split_gain=9.2694 23.0391 28.4973 32.7495 26.6674 38.6537 26.1585 55.0436 42.3475 30.8393 37.7751 28.5638 25.4438 24.9483 21.307 20.4087 19.5472 18.0381 15.3471 46.0196 16.2152 30.7477 32.6414 48.3201 33.1332 30.0483 37.553 38.8518 44.3723 34.8029
threshold=5.5000000000000009 4.6420929247817044 2.5762712795492191 2.0193153595753919 33.405000000000008 26.015000000000004 -0.65052227894637482 -3.1219011475977134 -4.515590966997193 5.535000000000001 75.043350000000018 5.2350000000000012 11.500000000000002 43.270000000000003 5.4920707629706778 5.1450000000000005 -0.37940952255126059 1014.0550000000001 -7.8511941301008124 7.3350902061664645 1011.1950000000002 4.6448404464611075 4.0908711430165132 4.6650000000000009 3.0648484932191646 262.28500000000003 0.91597561503675351 57.650000000000006 6.205000000000001 9.769450931922238
decision_type=2 2 2 2 2 2 2 2 2 2 2 2 2 2 2 2 2 2 2 2 2 2 2 2 2 2 2 2 2 2
left_child=18 2 3 6 5 -4 7 8 13 10 -8 12 -9 -2 -3 -12 -13 -10 19 -1 21 22 24 -24 -20 -23 27 28 29 -27
right_child=1 14 4 -5 -6 -7 9 11 17 -11 15 16 -14 -15 -16 -17 -18 -19 20 -21 -22 25 23 -25 -26 26 -28 -29 -30 -31
leaf_value=-0.072984983447188109 -0.0091902996696855716 0.075771911713210016 -0.060236457914114 0.066331579889326045 0.026964066793549471 0.019294388465244661 0.01961661990393292 0.1015211720985395 -0.064085714612156161 0.030996268719434741 -0.093260714731624603 0.047322513535618782 0.032221642867303814 0.067166101946495471 0.0076489452272653583 -0.025899637016383089 -0.02174599798662322 -0.004448312059754417 0.02154768144808196 0.022171685161689918 -0.0028258364729393469 0.0031455530609183452 0.0029495261077369965 -0.10195318850810114 -0.050516764379360458 0.011493880495142479 -0.027897061228200244 0.069482920298885018 -0.040232578553259374 0.07985665541270684
leaf_weight=27 23 22 50 24 22 22 22 27 32 25 23 20 26 20 24 22 21 21 58 24 2110 478 21 23 22 52 27 56 25 29
leaf_count=27 23 22 50 24 22 22 22 27 32 25 23 20 26 20 24 22 21 21 58 24 2110 478 21 23 22 52 27 56 25 29
internal_value=3.45827e-12 0.00671854 0.00286478 0.0102616 -0.0212142 -0.0359354 0.00548968 0.0160863 -0.0105439 -0.0163947 -0.034078 0.0432832 0.0675252 0.0263243 0.0402295 -0.0603286 0.011946 -0.0404558 -0.00101506 -0.0282054 -0.000537054 0.00556829 -0.0172951 -0.051886 0.00172996 0.00981875 0.0266959 0.0357948 0.0179973 0.0359694
internal_weight=3398 446 400 306 94 72 282 190 96 92 67 94 53 43 46 45 41 53 2952 51 2901 791 124 44 80 667 189 162 106 81
internal_count=3398 446 400 306 94 72 282 190 96 92 67 94 53 43 46 45 41 53 2952 51 2901 791 124 44 80 667 189 162 106 81
is_linear=0
shrinkage=0.05


Tree=190
num_leaves=31
num_cat=0
split_feature=28 28 18 2 21 28 9 20 11 21 25 4 22 20 18 3 6 6 9 10 20 24 5 19 27 26 20 9 29 5
split_gain=8.96934 46.8788 38.4086 37.8692 31.9407 24.9616 27.8006 22.6108 31.4096 21.7704 24.8159 23.9405 17.7918 15.3617 14.2416 36.2282 24.6234 27.9413 24.504 21.8163 20.1293 36.064 37.9608 36.4023 63.3471 30.02 40.6608 37.1701 50.4641 41.221
threshold=26.450000000000006 28.766875000000006 35.310000000000009 30.725000000000005 35.055000000000007 26.128541666666671 3.4050000000000007 24.785000000000004 13.500000000000002 29.350000000000005 8.9926070928355575 6.0750000000000011 23.645000000000003 31.935000000000006 26.245000000000001 17.905000000000005 23.355000000000004 28.165000000000003 4.3550000000000013 153.35000000000005 22.935000000000006 30.061666666666664 200.57000000000002 29.045000000000005 6.1708655522281601 34.967500000000008 38.145000000000003 6.7150000000000007 10.391365341401881 194.83500000000004
decision_type=2 2 2 2 2 2 2 2 2 2 2 2 2 2 2 2 2 2 2 2 2 2 2 2 2 2 2 2 2 2
left_child=4 2 3 -2 5 6 -1 -5 -9 10 11 12 -8 -10 15 -3 18 19 -17 -18 -16 22 -22 24 -23 27 -27 28 29 -25
right_child=1 14 -4 7 -6 -7 9 8 13 -11 -12 -13 -14 -15 20 16 17 -19 -20 -21 21 23 -24 25 -26 26 -28 -29 -30 -31
leaf_value=0.063343961661060655 -0.075711951692673307 0.076985475208078122 -0.085099875770509259 -0.039389628711445579 -0.046427830687554725 0.064859689678996801 -0.070488461991772056 0.063953826611950287 0.021400634553283455 0.047958163337205498 0.037258945087281364 0.021988532125639421 -0.015212280544880274 -0.038515582243385527 0.036092728812639654 0.07334004459636552 -0.075488747991621502 0.032091554711488161 -0.0021695307863410563 -0.0047810684831347322 0.00083941212471793682 0.10622439387000421 -0.073876562840579182 -0.06366265939271197 0.0034233342935430242 0.021323071816642707 -0.0011900183962970639 -0.085559029504656797 0.044670409405759226 -0.00065968671717263512
leaf_weight=21 22 21 25 29 22 24 24 21 20 21 24 24 37 23 38 21 20 22 22 24 34 22 34 47 47 219 2382 20 30 58
leaf_count=21 22 21 25 29 22 24 24 21 20 21 24 24 37 23 38 21 20 22 22 24 34 22 34 47 47 219 2382 20 30 58
internal_value=1.37297e-11 -0.000637278 -0.0289305 -0.0167198 0.010355 0.0174934 0.00996494 -0.00276467 0.013831 0.00134218 -0.00763888 -0.0203159 -0.0369603 -0.0106476 0.000656762 0.0168508 0.00526518 -0.0139168 0.0347072 -0.0369209 -6.14986e-05 -0.00053639 -0.0365186 0.00032973 0.0362005 -0.00056834 0.000705547 -0.021945 -0.0125207 -0.028861
internal_weight=3398 3201 140 115 197 175 151 93 64 130 109 85 61 43 3061 130 109 66 43 44 2931 2893 68 2825 69 2756 2601 155 135 105
internal_count=3398 3201 140 115 197 175 151 93 64 130 109 85 61 43 3061 130 109 66 43 44 2931 2893 68 2825 69 2756 2601 155 135 105
is_linear=0
shrinkage=0.05


Tree=191
num_leaves=31
num_cat=0
split_feature=12 16 16 16 10 11 9 9 7 14 9 16 16 9 3 29 4 3 27 9 5 22 19 23 8 27 14 27 27 5
split_gain=8.95807 20.5034 25.1394 29.1045 23.7521 41.6922 25.7129 23.5304 28.6009 25.2126 30.8994 30.0762 50.6181 20.088 19.4935 16.0143 15.1804 14.8268 16.904 43.4816 44.0856 54.0156 76.9865 46.9179 47.533 42.3072 45.9578 38.1615 34.3306 31.1434
threshold=5.5000000000000009 4.6420929247817044 2.5762712795492191 2.0193153595753919 238.58500000000001 6.5000000000000009 3.9050000000000007 3.3250000000000006 49.850000000000009 -0.60355339059327362 4.745000000000001 -3.251954134399559 -1.5433850104999467 6.495000000000001 22.585000000000004 8.7844609287483326 5.5050000000000008 32.755000000000003 5.1212369724475684 3.1150000000000007 180.08000000000001 62.425000000000004 52.065000000000005 45.965000000000011 1013.0750000000002 3.0531693840246539 -0.5 4.6448404464611075 3.6681258044258747 128.18500000000003
decision_type=2 2 2 2 2 2 2 2 2 2 2 2 2 2 2 2 2 2 2 2 2 2 2 2 2 2 2 2 2 2
left_child=17 2 3 7 -4 -6 -7 -2 -9 16 11 -11 -13 -3 -12 -14 -10 18 19 -1 21 22 23 24 -21 26 -22 28 -23 -20
right_child=1 13 4 -5 5 6 -8 8 9 10 14 12 15 -15 -16 -17 -18 -19 29 20 25 27 -24 -25 -26 -27 -28 -29 -30 -31
leaf_value=-0.058746948570777217 0.044425453366163901 0.075890905559062971 -0.067992364466190336 0.062774278433062144 -0.053331036197728124 0.058902386919362476 -0.016856999546732931 0.055896447953723727 -0.0040928878130451329 -0.086609887534921826 -0.019827671721577646 0.047113304883241655 -0.080388794874861128 0.0092385595807662393 0.030976029394603356 -0.019997175096479781 0.044285064694636007 -0.032450290993359443 0.063620753362774854 -0.10704854399613713 0.0012034527336557707 -0.021200612737309367 -0.13807374119758606 0.035765245335087896 -0.013412955928255211 -0.0026559969975746105 0.083556119829881939 -0.052582761919475168 0.061073613283224408 0.00094599249137522132
leaf_weight=39 34 20 20 24 29 24 21 21 31 22 35 20 21 26 41 23 34 37 20 23 36 21 20 21 33 406 32 20 32 2212
leaf_count=39 34 20 20 24 29 24 21 21 31 22 35 20 21 26 41 23 34 37 20 23 36 21 20 21 33 406 32 20 32 2212
internal_value=5.41987e-11 0.00660475 0.00296924 0.00991661 -0.0196467 -0.00658027 0.023548 0.00541809 7.0305e-05 -0.00509423 -0.0156494 -0.0361773 -0.0188412 0.0382178 0.00757959 -0.0488204 0.0212125 -0.000997872 -0.000598647 -0.00748171 -0.00437714 -0.0262215 -0.0506716 -0.0279698 -0.0518704 0.00345735 0.0399576 0.00626695 0.0284744 0.00150759
internal_weight=3398 446 400 306 94 74 45 282 248 227 162 86 64 46 76 44 65 2952 2915 683 644 170 97 77 56 474 68 73 53 2232
internal_count=3398 446 400 306 94 74 45 282 248 227 162 86 64 46 76 44 65 2952 2915 683 644 170 97 77 56 474 68 73 53 2232
is_linear=0
shrinkage=0.05


Tree=192
num_leaves=31
num_cat=0
split_feature=23 4 29 26 16 20 20 2 24 24 27 11 5 8 22 20 23 20 19 6 4 18 16 22 7 21 21 9 4 18
split_gain=8.6741 26.6187 25.3153 19.0583 25.4841 16.5681 13.7722 21.9781 19.858 19.7442 49.9041 46.0847 43.9573 27.6856 24.1611 29.3573 21.7766 21.5577 18.8097 17.5166 16.0607 20.5465 27.3035 37.0668 37.0125 22.5484 63.759 36.7251 45.6811 41.5723
threshold=101.85500000000002 4.705000000000001 9.577337010450794 99.697500000000005 1.9645372289235425 103.21500000000002 95.280000000000015 178.89000000000001 95.859999999999999 89.03666666666669 9.3052880767176287 8.5000000000000018 166.35500000000005 1010.7050000000002 101.78500000000001 89.420000000000016 82.080000000000027 90.390000000000015 91.640000000000015 34.305000000000007 1.5750000000000004 85.845000000000013 -3.0410308744383614 78.700000000000003 68.800000000000026 77.160000000000011 74.235000000000014 5.7650000000000006 4.7350000000000012 81.135000000000005
decision_type=2 2 2 2 2 2 2 2 2 2 2 2 2 2 2 2 2 2 2 2 2 2 2 2 2 2 2 2 2 2
left_child=3 -2 -3 5 -5 6 9 8 19 14 11 -11 -13 -14 15 18 -17 -15 20 -8 -1 25 -23 -24 -25 26 -22 28 -27 -30
right_child=1 2 -4 4 -6 -7 7 -9 -10 10 -12 12 13 17 -16 16 -18 -19 -20 -21 21 22 23 24 -26 27 -28 -29 29 -31
leaf_value=-0.038549012000913978 -0.049865992630229283 0.044135718885809187 -0.029271910825501318 -0.0025680157427604381 0.069684306758901346 -0.039823759017655481 -0.012062137931352482 0.049571323270599051 -0.025848184281161854 -0.10183177396655084 0.036054925122024385 0.045668672078422144 0.015945455916225908 -0.022789653658401222 0.053972207719371439 0.00251372718753723 0.065032733166590334 -0.081293720992342125 -0.043727351799607281 0.049204158796263595 -0.00018980180172870688 -0.02264376154967717 0.079321467888851971 -0.022129552066326143 0.056627300016295457 0.0012427825640354837 0.059247007745358606 0.016372314809511106 -0.026872009019242582 -0.092593318573199218
leaf_weight=27 34 24 23 26 23 26 20 36 35 20 34 21 20 32 21 26 30 31 25 28 2359 28 30 35 26 105 46 78 97 32
leaf_count=27 34 24 23 26 23 26 20 36 35 20 34 21 20 32 21 26 30 31 25 28 2359 28 30 35 26 105 46 78 97 32
internal_value=5.25496e-11 -0.0161659 0.00821284 0.000394767 0.0313463 -6.93176e-05 0.000249503 0.0169442 0.00279262 -0.000386637 -0.0176088 -0.0323231 -0.018956 -0.0353068 0.000531104 0.000149901 0.0360061 -0.0515774 -0.000545371 0.0236765 -0.000168302 0.0001971 0.0205327 0.0338178 0.0114389 -0.000693566 0.000947035 -0.0133399 -0.0232439 -0.043175
internal_weight=3398 81 47 3317 49 3268 3242 119 83 3123 158 124 104 83 2965 2944 56 63 2888 48 2863 2836 119 91 61 2717 2405 312 234 129
internal_count=3398 81 47 3317 49 3268 3242 119 83 3123 158 124 104 83 2965 2944 56 63 2888 48 2863 2836 119 91 61 2717 2405 312 234 129
is_linear=0
shrinkage=0.05


Tree=193
num_leaves=31
num_cat=0
split_feature=15 5 3 3 10 10 27 23 8 29 7 10 10 17 3 23 3 23 6 18 6 19 8 7 18 26 25 25 19 29
split_gain=8.53779 23.1968 53.4055 52.6949 45.1765 26.1098 26.856 24.0113 23.2578 19.8149 23.4317 19.1252 23.7788 46.6863 27.0521 45.541 31.85 31.2167 30.2277 42.9256 29.9817 49.2107 51.7681 18.9178 19.0926 34.8577 29.7037 29.654 27.9641 45.5637
threshold=0.78656609248549303 222.18500000000003 16.190000000000001 15.015000000000002 187.77500000000001 325.40500000000003 6.51161060943494 40.895000000000003 1010.4450000000002 12.099428158097874 64.785000000000011 15.865000000000002 35.345000000000006 -2.9326175139630823 18.495000000000001 72.345000000000013 20.375000000000004 81.705000000000013 33.925000000000004 36.625000000000007 30.915000000000003 35.335000000000008 1014.5450000000001 82.475000000000009 25.620000000000001 30.965833333333336 4.0475896565331944 7.4045096841560332 23.440000000000005 8.9986867893178708
decision_type=2 2 2 2 2 2 2 2 2 2 2 2 2 2 2 2 2 2 2 2 2 2 2 2 2 2 2 2 2 2
left_child=9 3 7 4 -2 11 -7 -3 -4 23 -11 -5 -13 -14 18 16 -16 -17 19 -15 21 22 -18 24 25 26 -1 -28 29 -26
right_child=1 2 8 5 -6 6 -8 -9 -10 10 -12 12 13 14 15 17 20 -19 -20 -21 -22 -23 -24 -25 28 -27 27 -29 -30 -31
leaf_value=0.051302150037760542 -0.084168665762990716 -0.0095226352091967361 -0.078657885841093955 0.051282057280723874 0.011625215616077185 -0.073300523646175869 0.0010150514422885835 0.065223917585204946 -0.025528377543689099 0.0076951239612840479 -0.063947374880313879 -0.041225634802443289 0.073450596823736475 0.04408301488001598 -0.027618790599517523 -0.07987642822594479 -0.0016590012107477632 0.0013219618424773216 0.06163991242647171 -0.041521665531628837 0.049179605443854461 -0.043396967870963588 0.095710329134017225 0.040070287161506714 -0.092824585274571478 0.072604498854372645 -0.029080278266753468 0.027706455372464963 0.0011330758665068844 0.0013881512212030817
leaf_weight=30 32 21 25 26 20 20 31 22 117 21 25 24 27 32 50 29 43 20 39 27 52 37 20 32 21 25 56 39 2402 33
leaf_count=30 32 21 25 26 20 20 31 22 117 21 25 24 27 32 50 29 43 20 39 27 52 37 20 32 21 25 56 39 2402 33
internal_value=3.21838e-11 -0.00485929 -0.020099 0.000470284 -0.0473249 0.00568066 -0.0281283 0.0287198 -0.0348822 0.00129267 -0.031241 0.00972821 0.00702721 0.0101072 0.00520668 -0.00349162 0.00699793 -0.0467342 0.027485 0.00490799 0.018385 0.00237182 0.0292519 0.00185998 0.00139078 0.0187082 0.00792897 -0.00576783 0.000333119 -0.0352501
internal_weight=3398 714 185 529 52 477 51 43 142 2684 46 426 400 376 349 251 202 49 98 59 152 100 63 2638 2606 150 125 95 2456 54
internal_count=3398 714 185 529 52 477 51 43 142 2684 46 426 400 376 349 251 202 49 98 59 152 100 63 2638 2606 150 125 95 2456 54
is_linear=0
shrinkage=0.05


Tree=194
num_leaves=31
num_cat=0
split_feature=4 7 10 9 4 8 8 5 5 27 29 16 12 15 9 29 4 24 25 20 26 4 23 29 25 27 28 22 9 17
split_gain=8.51777 31.7639 29.2795 33.4215 30.9429 42.0499 39.5493 30.5919 47.3451 29.6133 29.0083 76.9975 29.0377 38.3787 29.6265 24.8649 36.3718 31.5974 28.2699 30.5068 28.037 27.3335 41.2446 28.136 24.805 28.8064 24.1439 27.4762 24.0852 25.8124
threshold=4.0650000000000004 84.545000000000016 344.97500000000008 9.7950000000000017 3.6850000000000005 1018.5200000000001 1007.6650000000001 212.77500000000003 206.89500000000001 3.6165289196216857 8.592125459616982 -3.5849331707308791 5.5000000000000009 -0.37940952255126015 3.5950000000000002 11.039004910699308 5.1250000000000009 102.51000000000001 7.6649972640300499 54.135000000000012 99.697500000000005 4.1450000000000005 58.550000000000004 6.2518681302324195 4.2701292437754672 8.5717070197138003 81.735208333333347 38.260000000000012 3.0350000000000006 5.0199631223296155
decision_type=2 2 2 2 2 2 2 2 2 2 2 2 2 2 2 2 2 2 2 2 2 2 2 2 2 2 2 2 2 2
left_child=1 2 3 4 5 6 -1 8 24 -8 11 -11 13 -13 -15 17 -17 20 -18 -20 21 22 -2 -23 -6 -26 27 -9 -25 -30
right_child=15 -3 -4 -5 7 -7 9 26 -10 10 -12 12 -14 14 -16 16 18 -19 19 -21 -22 23 -24 28 25 -27 -28 -29 29 -31
leaf_value=0.061151334384213323 -0.070544294380780428 -0.052570887620095166 0.048659877836900324 -0.058496029604048962 0.053400147307394563 0.070674114376306538 -0.05096859807312927 0.078014093078672894 -0.058304207253715268 0.055602805303143599 0.0053943526175241376 -0.091309932720932102 0.01465228938808044 -0.06894434874079057 -0.0053621362402754011 0.014430018634649312 -0.063248877130724773 -0.056180065304040905 0.032233452451394196 -0.0520188411609048 0.055263254823892022 -0.058397678392939273 0.016677859976239825 0.044237736542709176 -0.015661612116465613 0.048023947514593601 0.093598432019352917 0.0062381901056505745 -0.0010615453789605733 0.018799156496782654
leaf_weight=23 33 24 38 21 38 20 34 20 23 28 349 33 24 28 53 47 54 25 22 21 23 20 23 32 56 26 20 40 2022 178
leaf_count=23 33 24 38 21 38 20 34 20 23 28 349 33 24 28 53 47 54 25 22 21 23 20 23 32 56 26 20 40 2022 178
internal_value=1.0544e-10 0.00417689 0.00573518 0.00378406 0.00538882 -0.000590658 -0.00308243 0.0212626 0.00741106 -0.00577347 -0.00278971 -0.019996 -0.0353348 -0.0458584 -0.0273412 -0.00150034 -0.0216701 -0.000267555 -0.0391618 -0.00891302 0.000332108 -0.0002153 -0.0347209 0.000642744 0.0200065 0.00453137 0.0460222 0.0301635 0.00117178 0.000545366
internal_weight=3398 898 874 836 815 592 572 223 143 549 515 166 138 114 81 2500 144 2356 97 43 2331 2308 56 2252 120 82 80 60 2232 2200
internal_count=3398 898 874 836 815 592 572 223 143 549 515 166 138 114 81 2500 144 2356 97 43 2331 2308 56 2252 120 82 80 60 2232 2200
is_linear=0
shrinkage=0.05


Tree=195
num_leaves=31
num_cat=0
split_feature=29 19 29 23 29 25 6 17 18 25 3 10 8 10 3 3 9 2 17 20 19 29 21 27 14 17 18 27 28 27
split_gain=8.83983 41.0662 45.4934 45.3456 30.3577 44.3739 39.3614 34.6964 30.0855 55.7359 47.3283 42.8954 29.1491 24.3093 22.5472 31.0438 38.6733 34.692 31.7889 30.8909 39.3489 47.2103 30.4112 30.2624 24.6144 69.5593 46.1786 65.6206 58.5513 42.3742
threshold=7.22223815120332 36.660000000000004 7.1513334520562717 28.715000000000003 7.6629491610233869 6.5101408012869335 26.575000000000003 3.0648484932191646 41.600000000000009 3.7589670551909045 16.405000000000005 203.53500000000003 1012.1250000000001 173.08500000000001 11.185 10.715000000000002 3.2550000000000003 146.01500000000001 0.30844315040692266 50.07500000000001 55.660000000000004 9.5540174266580298 50.07500000000001 6.7818077506962426 1.0000000180025095e-35 3.4367347388421599 30.655000000000005 7.5081311378934137 28.766875000000006 4.6765052639027287
decision_type=2 2 2 2 2 2 2 2 2 2 2 2 2 2 2 2 2 2 2 2 2 2 2 2 2 2 2 2 2 2
left_child=1 3 8 -1 5 6 -2 -8 -3 12 -11 -12 -10 -5 15 16 -6 19 -17 22 -21 -22 -18 -19 25 26 27 29 -28 -16
right_child=4 2 -4 13 14 -7 7 -9 9 10 11 -13 -14 -15 24 18 17 23 -20 20 21 -23 -24 -25 -26 -27 28 -29 -30 -31
leaf_value=0.024716817226726563 -0.08184240881134483 0.058685863480485725 0.086304558360058334 -0.090837320380590184 -0.053950919661050048 0.014436914465987861 -0.038006701654730704 0.024524575808355889 -0.012896278664469719 -0.078968521460358598 0.046718329635377115 -0.045979133031020566 0.051860065666729953 -0.020602734327050194 0.0056011112406849865 0.012669663571206661 0.021634269151183078 0.015725357271730901 0.089606698036193852 0.099180291071534157 0.067906304448843005 -0.036108229141682387 -0.050026220306754111 -0.071255150865763436 0.0034990605513046101 -0.032012165610996193 -0.068977753374287312 -0.015532632566550198 -0.0019903974140332826 0.085878227127250295
leaf_weight=32 34 29 23 22 24 67 78 31 25 28 26 24 57 28 25 29 57 20 25 25 24 20 20 20 1454 214 34 51 804 48
leaf_count=32 34 29 23 22 24 67 78 31 25 28 26 24 57 28 25 29 57 20 25 25 24 20 20 20 1454 214 34 51 804 48
internal_value=1.27259e-11 0.00828643 0.0199084 -0.0217605 -0.000784862 -0.0191411 -0.0348734 -0.0202226 0.0118284 0.00333547 -0.0269223 0.00222355 0.0321173 -0.051506 0.000547138 0.0144769 0.0057824 0.0134899 0.0482887 0.0247926 0.0490883 0.020627 0.00302116 -0.0277649 -0.000851131 -0.00622968 -0.000494288 0.027984 -0.00470826 0.0583861
internal_weight=3398 294 212 82 3104 210 143 109 189 160 78 50 82 50 2894 264 210 186 54 146 69 44 77 40 2630 1176 962 124 838 73
internal_count=3398 294 212 82 3104 210 143 109 189 160 78 50 82 50 2894 264 210 186 54 146 69 44 77 40 2630 1176 962 124 838 73
is_linear=0
shrinkage=0.05


Tree=196
num_leaves=31
num_cat=0
split_feature=12 25 25 4 4 4 20 7 7 27 27 10 3 5 17 21 7 7 9 5 5 10 24 18 4 16 5 22 8 2
split_gain=8.81668 28.4909 41.1848 43.7472 38.8899 36.5555 45.9331 45.5698 52.3936 96.8322 52.9222 49.7376 49.56 40.0896 35.9834 35.7368 32.5328 31.6278 28.4735 28.4577 28.3778 46.618 44.4877 49.5454 44.7061 27.4718 33.5021 40.8982 29.9731 29.2775
threshold=1.5000000000000002 8.409611557154177 6.5101408012869335 4.5450000000000008 7.0150000000000006 3.0350000000000006 99.475000000000009 55.605000000000011 60.520000000000003 6.8008696674601063 7.5480039301015109 245.13500000000002 24.685000000000006 238.12000000000003 -2.3755511965319096 47.305000000000007 52.855000000000011 62.925000000000004 4.6550000000000011 211.61000000000004 230.55500000000004 89.910000000000011 95.458333333333343 61.570000000000007 4.4850000000000012 -4.9391165054389026 187.02000000000001 58.680000000000007 1015.7400000000001 77.615000000000009
decision_type=2 2 2 2 2 2 2 2 2 2 2 2 2 2 2 2 2 2 2 2 2 2 2 2 2 2 2 2 2 2
left_child=1 2 5 18 15 14 7 12 9 -9 13 -12 16 17 -1 -5 -7 -10 -4 -17 21 -3 23 24 -23 -19 27 29 -28 -27
right_child=-2 20 3 4 -6 6 -8 8 10 -11 11 -13 -14 -15 -16 19 -18 25 -20 -21 -22 22 -24 -25 -26 26 28 -29 -30 -31
leaf_value=-0.0091767726709013394 -0.0015703794896203263 -0.077741143203550772 0.021861303229594516 0.014304742518940879 -0.015967932604253294 -0.0029837552526703059 -0.064730625626231941 0.0022370793563979015 0.05711760102726874 -0.12815950363874437 0.0036996375583112241 0.10142911925264027 0.091976037101509672 -0.061090932023944333 0.071330933109191905 0.056399658062430316 0.067128100068796256 -0.062978695407509805 -0.045534507028758525 0.12436181390658022 0.033218140427309736 -0.048745673207061677 0.059132954794913532 -0.075645011911789573 0.040383958323475196 -0.039398233443498611 0.025631822257613141 -0.074607734998752326 -0.03755500144932581 0.046155183580704036
leaf_weight=23 2462 31 42 29 20 78 28 35 21 24 30 23 24 32 35 43 21 20 25 24 26 24 20 30 34 20 102 29 23 20
leaf_count=23 2462 31 42 29 20 78 28 35 21 24 30 23 24 32 35 43 21 20 25 24 26 24 20 30 34 20 102 29 23 20
internal_value=7.92732e-11 0.00413064 0.00816616 0.0288807 0.0474599 0.00171931 -0.00240484 0.0010715 -0.00751053 -0.0508056 0.000472001 0.0461105 0.0275153 -0.00858734 0.0394055 0.060674 0.0118885 -0.00143791 -0.00328639 0.0807443 -0.0147263 -0.0236943 -0.00818086 -0.0234795 0.00350273 -0.00718401 -0.00143198 -0.0293983 0.0140054 0.00337848
internal_weight=3398 936 771 183 116 588 530 502 379 59 320 53 123 267 58 96 99 235 67 67 165 139 108 88 58 214 194 69 125 40
internal_count=3398 936 771 183 116 588 530 502 379 59 320 53 123 267 58 96 99 235 67 67 165 139 108 88 58 214 194 69 125 40
is_linear=0
shrinkage=0.05


Tree=197
num_leaves=31
num_cat=0
split_feature=16 16 21 17 10 27 10 26 5 15 7 4 9 8 16 15 15 10 22 25 9 11 21 21 10 16 27 18 4 2
split_gain=8.50246 9.96708 24.5462 33.898 47.3227 28.5133 33.9401 45.5614 54.6384 41.5575 37.326 32.9612 29.9676 27.1801 27.1575 42.2452 41.1079 30.7117 26.9716 25.9319 25.919 24.9577 22.2337 43.9092 26.3995 17.5382 61.959 34.1289 32.1538 27.5925
threshold=8.3129236711266348 3.3968991653357778 95.345000000000013 3.5628024921845145 225.00500000000002 9.6469609201624174 267.99500000000006 44.428333333333335 226.08500000000004 -0.9159756150367534 82.00500000000001 4.8150000000000004 4.9850000000000012 1012.9450000000002 4.219848405890481 -0.70710678118654757 -0.12940952255126037 288.47500000000008 47.335000000000008 5.0467773821242607 7.455000000000001 7.5000000000000009 102.59500000000001 99.745000000000019 140.75500000000002 3.0861936688091309 4.8883864010172315 32.240000000000002 5.1150000000000011 99.295000000000016
decision_type=2 2 2 2 2 2 2 2 2 2 2 2 2 2 2 2 2 2 2 2 2 2 2 2 2 2 2 2 2 2
left_child=1 22 3 5 20 6 7 21 13 11 14 -8 -7 -9 17 -16 -17 -11 -19 -4 -5 -3 23 25 -24 -1 -27 -28 -29 -30
right_child=-2 2 19 4 -6 12 9 8 -10 10 -12 -13 -14 -15 15 16 -18 18 -20 -21 -22 -23 24 -25 -26 26 27 28 29 -31
leaf_value=-2.2734543791378981e-05 0.023211502837829103 -0.032045532478433517 0.072372410371899606 0.02517237608891822 0.079169886313378818 0.064229011689515211 -0.011103974059224128 -0.04853903582354762 0.018350754057367646 -0.0020061600456635158 0.047405374490401969 0.074274553394374943 -0.0073973165918141603 -0.1048380741539101 -0.073853525659069427 0.055172593009968601 -0.013011760802363001 -0.02156112113417211 -0.092611479948220013 -0.0081444514542818071 -0.045789489166980446 0.027249217098578811 -0.0712843430202591 0.052428461274220829 -0.00058430219970403183 0.084690679408543357 0.058451307497452948 -0.053172877663746482 -0.025903018126669137 0.052421215227381746
leaf_weight=2488 39 36 20 31 25 23 20 53 21 30 22 26 40 36 20 30 84 22 34 20 22 35 23 42 31 28 20 32 23 22
leaf_count=2488 39 36 20 31 25 23 20 53 21 30 22 26 40 36 20 30 84 22 34 20 22 35 23 42 31 28 20 32 23 22
internal_value=-4.31033e-11 -0.000269499 -0.00582978 -0.0083179 0.0224644 -0.0128311 -0.0170736 -0.0340403 -0.0541943 -0.0064105 -0.0146912 0.0371535 0.018752 -0.0713117 -0.0209009 -0.00682747 0.00493149 -0.0428293 -0.0646988 0.032114 -0.00428349 -0.00281573 0.00106464 0.00171064 -0.0306973 0.000895433 0.0191706 0.000257643 -0.0148576 0.0123888
internal_weight=3398 3359 650 610 78 532 469 181 110 288 242 46 63 89 220 134 114 86 56 40 53 71 2709 2655 54 2613 125 97 77 45
internal_count=3398 3359 650 610 78 532 469 181 110 288 242 46 63 89 220 134 114 86 56 40 53 71 2709 2655 54 2613 125 97 77 45
is_linear=0
shrinkage=0.05


Tree=198
num_leaves=31
num_cat=0
split_feature=21 19 29 23 16 20 5 17 14 5 3 18 18 24 17 7 24 2 24 26 20 20 23 4 25 17 17 2 4 4
split_gain=8.80098 33.8736 54.0226 53.9214 51.6907 45.8678 39.1595 59.4653 66.8784 37.2775 41.9199 28.0494 27.8681 57.0338 31.1921 30.524 28.0643 60.322 26.1639 72.2487 29.1162 27.82 35.54 55.3913 31.0372 23.9327 44.8261 35.2283 70.6798 55.1358
threshold=50.335000000000008 50.335000000000008 9.390611286873396 40.895000000000003 -3.1219011475977134 44.805000000000007 181.22500000000002 -1.7084614846443429 -0.60355339059327362 181.22500000000002 17.145000000000003 67.680000000000021 61.570000000000007 54.759999999999998 -0.45682719430663893 54.585000000000008 52.314999999999998 95.335000000000022 50.386666666666677 53.445 50.785000000000004 58.225000000000001 62.215000000000011 4.4150000000000009 3.4857683939617856 -4.6042415499447387 -4.1964071380497154 109.74000000000002 5.5750000000000011 4.4150000000000009
decision_type=2 2 2 2 2 2 2 2 2 2 2 2 2 2 2 2 2 2 2 2 2 2 2 2 2 2 2 2 2 2
left_child=11 2 3 -2 -4 -3 -5 -8 -9 -6 -11 12 13 16 -14 -15 -1 -18 -7 -20 -21 22 23 -22 -25 -23 -27 28 29 -28
right_child=1 5 4 6 9 18 7 8 -10 10 -12 -13 14 15 -16 -17 17 -19 19 20 21 25 -24 24 -26 26 27 -29 -30 -31
leaf_value=-0.0022031630271772381 -0.060506727127358322 -0.070555240762136553 -0.012648774508167716 -0.043186269700527191 0.0092230315719332018 0.052385423280065881 0.092703091614664751 -0.058600470341742039 0.055935349057500187 0.10735309083428649 0.03104970949391524 -0.055135567575693135 0.081493722097504717 -0.018425174911731276 -0.0057551227230578667 -0.093815959423780446 -0.015140018604385356 0.10243460781872274 -0.088152259685423062 0.058262339132753284 -0.077579056699760271 -0.019203845773807775 -0.077040109604597104 0.069080848079174764 -0.011883794053875168 0.065817932720328196 0.026142226300529533 0.0001010713256604733 -0.023919048305186961 0.12344945892691613
leaf_weight=1519 32 23 34 23 28 24 26 25 26 45 30 25 21 29 20 25 24 20 23 22 20 118 25 20 29 29 37 1016 36 24
leaf_count=1519 32 23 34 23 28 24 26 25 26 45 30 25 21 29 20 25 24 20 23 22 20 118 25 20 29 29 37 1016 36 24
internal_value=6.37662e-11 0.00252077 0.0188128 -0.00401448 0.0408071 -0.000510048 0.014063 0.0311635 -0.00020966 0.0584527 0.0768317 -0.0025687 -0.00177608 -0.00280829 0.0389333 -0.0533283 -0.00106287 0.038303 0.000622095 -0.000265911 0.00120312 0.000276013 -0.0259638 -0.00745789 0.021163 0.00223359 0.00444866 0.00284964 0.0316388 0.064427
internal_weight=3398 1715 269 132 137 1446 100 77 51 103 75 1683 1658 1617 41 54 1563 44 1423 1399 1376 1354 94 69 49 1260 1142 1113 97 61
internal_count=3398 1715 269 132 137 1446 100 77 51 103 75 1683 1658 1617 41 54 1563 44 1423 1399 1376 1354 94 69 49 1260 1142 1113 97 61
is_linear=0
shrinkage=0.05


Tree=199
num_leaves=31
num_cat=0
split_feature=29 4 9 29 9 6 22 4 16 3 29 23 22 9 15 10 20 14 27 22 5 4 17 3 14 23 8 16 19 18
split_gain=8.64337 45.9179 86.4122 42.8748 63.9381 47.8986 55.1462 47.4523 42.7832 47.8411 52.769 39.9396 59.8917 44.5807 43.056 38.5709 39.4155 38.987 40.3189 60.7592 38.2812 35.385 32.5176 29.7394 35.5623 47.1004 44.859 43.6248 31.8095 47.4181
threshold=9.4929918565735409 7.7350000000000012 4.1750000000000007 9.134486822162506 3.6450000000000005 31.865000000000006 41.645000000000003 7.495000000000001 -3.8723465292523613 11.535000000000002 8.592125459616982 49.245000000000012 85.290000000000006 6.8750000000000009 0.1294095225512602 269.62500000000006 43.475000000000001 -0.91597561503675329 8.706228369816289 81.000000000000014 215.97500000000002 7.9200000000000008 0.46866308903262505 31.745000000000005 0.60355339059327384 25.835000000000004 1016.3950000000001 -4.7029370084904381 46.160000000000004 39.70000000000001
decision_type=2 2 2 2 2 2 2 2 2 2 2 2 2 2 2 2 2 2 2 2 2 2 2 2 2 2 2 2 2 2
left_child=1 3 -3 7 5 6 -5 8 9 -1 11 14 13 -13 -11 17 -17 -6 19 20 -19 23 -12 24 25 -2 27 -26 -27 -30
right_child=21 2 -4 4 15 -7 -8 -9 -10 10 22 12 -14 -15 -16 16 -18 18 -20 -21 -22 -23 -24 -25 26 28 -28 -29 29 -31
leaf_value=0.074986985890427613 -0.04125259150586584 0.10864798725981797 -0.016717488449756745 0.037881841936281753 0.053506656860311835 -0.00065442056705554332 0.14237065231022628 -0.061037212018581005 -0.0047605816869526986 -0.061371875317259274 -0.05560032275039703 0.10745915240393236 -0.0088695375750830873 0.017098923524220787 0.033668829242770489 -0.0066079639801473328 0.065003305965143698 -0.030682169614093646 0.029579162411391736 -0.090310832435886071 0.033986054930616828 -0.051343385130167007 0.013262959768374761 -0.052729447625045271 -0.037595618702471259 0.011306894808855128 -0.034305513080603721 0.025879750814917581 -0.066418280225137585 -0.005459931680212758
leaf_weight=32 85 28 27 28 24 24 23 34 1376 22 40 39 32 21 26 33 46 70 40 30 34 37 30 28 30 287 44 277 34 517
leaf_count=32 85 28 27 28 24 24 23 34 1376 22 40 39 32 21 26 33 46 70 40 30 34 37 30 28 30 287 44 277 34 517
internal_value=3.72455e-11 0.00203358 0.0471049 0.000796595 0.0166403 0.0575935 0.0850042 -0.0025793 -0.00135089 0.0180365 0.0093583 0.0270812 0.0463713 0.0758331 -0.00989149 0.00555186 0.0350897 -0.00623346 -0.0144735 -0.0276235 -0.00954063 -0.00312707 -0.0260875 -0.00175687 -0.000636592 -0.00578808 0.0129099 0.0196769 -0.00219084 -0.00922143
internal_weight=3398 2059 55 2004 352 75 51 1652 1618 242 210 140 92 60 48 277 79 198 174 134 104 1339 70 1302 1274 923 351 307 838 551
internal_count=3398 2059 55 2004 352 75 51 1652 1618 242 210 140 92 60 48 277 79 198 174 134 104 1339 70 1302 1274 923 351 307 838 551
is_linear=0
shrinkage=0.05


end of trees

feature_importances:
pm10=597
pm2_5_roll_std_3h=295
no2=285
pm2_5_lag_1=264
humidity=262
so2=252
wind_speed=252
pm2_5_roll_std_6h=241
pm2_5_lag_12=240
pm2_5_roll_mean_24h=234
co=227
pm2_5_roll_mean_3h=222
pressure=216
pm2_5_lag_6=210
pm2_5_roll_std_24h=209
pm2_5_lag_24=206
day_of_week=201
temp_celsius=198
u_wind=198
v_wind=186
wind_deg=169
cos_hour=169
pm2_5_lag_2=165
pm2_5_lag_3=141
pm2_5_roll_mean_6h=116
sin_hour=106
hour=103
lat=31
lon=5

parameters:
[boosting: gbdt]
[objective: regression]
[metric: rmse]
[tree_learner: serial]
[device_type: cpu]
[data_sample_strategy: bagging]
[data: ]
[valid: ]
[num_iterations: 200]
[learning_rate: 0.05]
[num_leaves: 31]
[num_threads: 8]
[seed: 42]
[deterministic: 0]
[force_col_wise: 0]
[force_row_wise: 0]
[histogram_pool_size: -1]
[max_depth: -1]
[min_data_in_leaf: 20]
[min_sum_hessian_in_leaf: 0.001]
[bagging_fraction: 1]
[pos_bagging_fraction: 1]
[neg_bagging_fraction: 1]
[bagging_freq: 0]
[bagging_seed: 400]
[bagging_by_query: 0]
[feature_fraction: 1]
[feature_fraction_bynode: 1]
[feature_fraction_seed: 30056]
[extra_trees: 0]
[extra_seed: 12879]
[early_stopping_round: 0]
[early_stopping_min_delta: 0]
[first_metric_only: 0]
[max_delta_step: 0]
[lambda_l1: 0]
[lambda_l2: 0]
[linear_lambda: 0]
[min_gain_to_split: 0]
[drop_rate: 0.1]
[max_drop: 50]
[skip_drop: 0.5]
[xgboost_dart_mode: 0]
[uniform_drop: 0]
[drop_seed: 17869]
[top_rate: 0.2]
[other_rate: 0.1]
[min_data_per_group: 100]
[max_cat_threshold: 32]
[cat_l2: 10]
[cat_smooth: 10]
[max_cat_to_onehot: 4]
[top_k: 20]
[monotone_constraints: ]
[monotone_constraints_method: basic]
[monotone_penalty: 0]
[feature_contri: ]
[forcedsplits_filename: ]
[refit_decay_rate: 0.9]
[cegb_tradeoff: 1]
[cegb_penalty_split: 0]
[cegb_penalty_feature_lazy: ]
[cegb_penalty_feature_coupled: ]
[path_smooth: 0]
[interaction_constraints: ]
[verbosity: -1]
[saved_feature_importance_type: 0]
[use_quantized_grad: 0]
[num_grad_quant_bins: 4]
[quant_train_renew_leaf: 0]
[stochastic_rounding: 1]
[linear_tree: 0]
[max_bin: 255]
[max_bin_by_feature: ]
[min_data_in_bin: 3]
[bin_construct_sample_cnt: 200000]
[data_random_seed: 175]
[is_enable_sparse: 1]
[enable_bundle: 1]
[use_missing: 1]
[zero_as_missing: 0]
[feature_pre_filter: 1]
[pre_partition: 0]
[two_round: 0]
[header: 0]
[label_column: ]
[weight_column: ]
[group_column: ]
[ignore_column: ]
[categorical_feature: ]
[forcedbins_filename: ]
[precise_float_parser: 0]
[parser_config_file: ]
[objective_seed: 16083]
[num_class: 1]
[is_unbalance: 0]
[scale_pos_weight: 1]
[sigmoid: 1]
[boost_from_average: 1]
[reg_sqrt: 0]
[alpha: 0.9]
[fair_c: 1]
[poisson_max_delta_step: 0.7]
[tweedie_variance_power: 1.5]
[lambdarank_truncation_level: 30]
[lambdarank_norm: 1]
[label_gain: ]
[lambdarank_position_bias_regularization: 0]
[eval_at: ]
[multi_error_top_k: 1]
[auc_mu_weights: ]
[num_machines: 1]
[local_listen_port: 12400]
[time_out: 120]
[machine_list_filename: ]
[machines: ]
[gpu_platform_id: -1]
[gpu_device_id: -1]
[gpu_device_id_list: ]
[gpu_use_dp: 0]
[num_gpu: 1]

end of parameters

pandas_categorical:[]
